step,time_s,event,com_z_m,height_error_m
309,3.09,BELOW_TARGET_MINUS_1CM,0.28998127579689026,-0.01001872420310973
310,3.1,BELOW_TARGET_MINUS_1CM,0.28993701934814453,-0.010062980651855458
311,3.11,BELOW_TARGET_MINUS_1CM,0.28989341855049133,-0.010106581449508656
312,3.12,BELOW_TARGET_MINUS_1CM,0.28985053300857544,-0.01014946699142455
313,3.13,BELOW_TARGET_MINUS_1CM,0.28980839252471924,-0.01019160747528075
314,3.14,BELOW_TARGET_MINUS_1CM,0.2897670865058899,-0.010232913494110096
315,3.15,BELOW_TARGET_MINUS_1CM,0.289726585149765,-0.010273414850234974
316,3.16,BELOW_TARGET_MINUS_1CM,0.28968697786331177,-0.010313022136688221
317,3.17,BELOW_TARGET_MINUS_1CM,0.28964829444885254,-0.01035170555114745
318,3.18,BELOW_TARGET_MINUS_1CM,0.2896105945110321,-0.010389405488967884
319,3.19,BELOW_TARGET_MINUS_1CM,0.28957387804985046,-0.010426121950149525
320,3.2,BELOW_TARGET_MINUS_1CM,0.2895382046699524,-0.010461795330047596
321,3.21,BELOW_TARGET_MINUS_1CM,0.2895035743713379,-0.010496425628662098
322,3.22,BELOW_TARGET_MINUS_1CM,0.2894701063632965,-0.01052989363670348
323,3.23,BELOW_TARGET_MINUS_1CM,0.28943774104118347,-0.010562258958816517
324,3.24,BELOW_TARGET_MINUS_1CM,0.28940656781196594,-0.010593432188034047
325,3.25,BELOW_TARGET_MINUS_1CM,0.2893766164779663,-0.01062338352203368
326,3.2600000000000002,BELOW_TARGET_MINUS_1CM,0.28934791684150696,-0.010652083158493031
327,3.27,BELOW_TARGET_MINUS_1CM,0.2893204689025879,-0.010679531097412098
328,3.2800000000000002,BELOW_TARGET_MINUS_1CM,0.2892943322658539,-0.010705667734146107
329,3.29,BELOW_TARGET_MINUS_1CM,0.28926950693130493,-0.010730493068695057
330,3.3000000000000003,BELOW_TARGET_MINUS_1CM,0.2892460227012634,-0.010753977298736561
331,3.31,BELOW_TARGET_MINUS_1CM,0.28922390937805176,-0.010776090621948231
332,3.3200000000000003,BELOW_TARGET_MINUS_1CM,0.2892032265663147,-0.010796773433685292
333,3.33,BELOW_TARGET_MINUS_1CM,0.28918391466140747,-0.010816085338592518
334,3.34,BELOW_TARGET_MINUS_1CM,0.28916603326797485,-0.010833966732025135
335,3.35,BELOW_TARGET_MINUS_1CM,0.28914961218833923,-0.010850387811660755
336,3.36,BELOW_TARGET_MINUS_1CM,0.2891346514225006,-0.010865348577499379
337,3.37,BELOW_TARGET_MINUS_1CM,0.289121150970459,-0.010878849029541005
338,3.38,BELOW_TARGET_MINUS_1CM,0.28910914063453674,-0.010890859365463246
339,3.39,BELOW_TARGET_MINUS_1CM,0.2890985906124115,-0.01090140938758849
340,3.4,BELOW_TARGET_MINUS_1CM,0.289089560508728,-0.010910439491271962
341,3.41,BELOW_TARGET_MINUS_1CM,0.28908202052116394,-0.010917979478836048
342,3.42,BELOW_TARGET_MINUS_1CM,0.28907597064971924,-0.01092402935028075
343,3.43,BELOW_TARGET_MINUS_1CM,0.2890714108943939,-0.010928589105606068
344,3.44,BELOW_TARGET_MINUS_1CM,0.289068341255188,-0.010931658744812
345,3.45,BELOW_TARGET_MINUS_1CM,0.28906679153442383,-0.01093320846557616
346,3.46,BELOW_TARGET_MINUS_1CM,0.28906670212745667,-0.010933297872543324
347,3.47,BELOW_TARGET_MINUS_1CM,0.2890681028366089,-0.010931897163391102
348,3.48,BELOW_TARGET_MINUS_1CM,0.2890709638595581,-0.010929036140441883
349,3.49,BELOW_TARGET_MINUS_1CM,0.28907525539398193,-0.010924744606018055
350,3.5,BELOW_TARGET_MINUS_1CM,0.28908100724220276,-0.01091899275779723
351,3.5100000000000002,BELOW_TARGET_MINUS_1CM,0.2890881896018982,-0.010911810398101796
352,3.52,BELOW_TARGET_MINUS_1CM,0.28909677267074585,-0.01090322732925414
353,3.5300000000000002,BELOW_TARGET_MINUS_1CM,0.28910672664642334,-0.010893273353576649
354,3.54,BELOW_TARGET_MINUS_1CM,0.28911805152893066,-0.010881948471069325
355,3.5500000000000003,BELOW_TARGET_MINUS_1CM,0.28913068771362305,-0.010869312286376942
356,3.56,BELOW_TARGET_MINUS_1CM,0.2891446650028229,-0.010855334997177113
357,3.5700000000000003,BELOW_TARGET_MINUS_1CM,0.2891599237918854,-0.010840076208114613
358,3.58,BELOW_TARGET_MINUS_1CM,0.28917646408081055,-0.010823535919189442
359,3.59,BELOW_TARGET_MINUS_1CM,0.2891941964626312,-0.010805803537368763
360,3.6,BELOW_TARGET_MINUS_1CM,0.2892131507396698,-0.010786849260330189
361,3.61,BELOW_TARGET_MINUS_1CM,0.2892332673072815,-0.010766732692718495
362,3.62,BELOW_TARGET_MINUS_1CM,0.28925448656082153,-0.010745513439178456
363,3.63,BELOW_TARGET_MINUS_1CM,0.2892768383026123,-0.010723161697387684
364,3.64,BELOW_TARGET_MINUS_1CM,0.28930023312568665,-0.010699766874313343
365,3.65,BELOW_TARGET_MINUS_1CM,0.28932464122772217,-0.010675358772277821
366,3.66,BELOW_TARGET_MINUS_1CM,0.28935006260871887,-0.010649937391281117
367,3.67,BELOW_TARGET_MINUS_1CM,0.2893764078617096,-0.010623592138290394
368,3.68,BELOW_TARGET_MINUS_1CM,0.28940364718437195,-0.01059635281562804
369,3.69,BELOW_TARGET_MINUS_1CM,0.28943178057670593,-0.010568219423294056
370,3.7,BELOW_TARGET_MINUS_1CM,0.2894607186317444,-0.010539281368255604
371,3.71,BELOW_TARGET_MINUS_1CM,0.2894904315471649,-0.010509568452835072
372,3.72,BELOW_TARGET_MINUS_1CM,0.28952088952064514,-0.010479110479354847
373,3.73,BELOW_TARGET_MINUS_1CM,0.2895520329475403,-0.010447967052459706
374,3.74,BELOW_TARGET_MINUS_1CM,0.28958383202552795,-0.010416167974472035
375,3.75,BELOW_TARGET_MINUS_1CM,0.28961625695228577,-0.010383743047714222
376,3.7600000000000002,BELOW_TARGET_MINUS_1CM,0.28964921832084656,-0.010350781679153431
377,3.77,BELOW_TARGET_MINUS_1CM,0.2896827161312103,-0.010317283868789662
378,3.7800000000000002,BELOW_TARGET_MINUS_1CM,0.2897166609764099,-0.010283339023590077
379,3.79,BELOW_TARGET_MINUS_1CM,0.2897510528564453,-0.010248947143554676
380,3.8000000000000003,BELOW_TARGET_MINUS_1CM,0.28978583216667175,-0.010214167833328236
381,3.81,BELOW_TARGET_MINUS_1CM,0.28982096910476685,-0.010179030895233143
382,3.8200000000000003,BELOW_TARGET_MINUS_1CM,0.2898563742637634,-0.010143625736236561
383,3.83,BELOW_TARGET_MINUS_1CM,0.2898920774459839,-0.010107922554016102
384,3.84,BELOW_TARGET_MINUS_1CM,0.28992795944213867,-0.010072040557861317
385,3.85,BELOW_TARGET_MINUS_1CM,0.2899640202522278,-0.010035979747772206
510,5.1000000000000005,BELOW_TARGET_MINUS_1CM,0.28999656438827515,-0.010003435611724842
511,5.11,BELOW_TARGET_MINUS_1CM,0.2899489998817444,-0.010051000118255604
512,5.12,BELOW_TARGET_MINUS_1CM,0.2899010181427002,-0.010098981857299794
513,5.13,BELOW_TARGET_MINUS_1CM,0.2898525893688202,-0.010147410631179798
514,5.14,BELOW_TARGET_MINUS_1CM,0.28980377316474915,-0.010196226835250843
515,5.15,BELOW_TARGET_MINUS_1CM,0.28975459933280945,-0.01024540066719054
516,5.16,BELOW_TARGET_MINUS_1CM,0.28970515727996826,-0.010294842720031727
517,5.17,BELOW_TARGET_MINUS_1CM,0.2896554470062256,-0.010344552993774403
518,5.18,BELOW_TARGET_MINUS_1CM,0.2896054983139038,-0.01039450168609618
519,5.19,BELOW_TARGET_MINUS_1CM,0.2895553708076477,-0.010444629192352284
520,5.2,BELOW_TARGET_MINUS_1CM,0.28950512409210205,-0.010494875907897938
521,5.21,BELOW_TARGET_MINUS_1CM,0.28945478796958923,-0.010545212030410755
522,5.22,BELOW_TARGET_MINUS_1CM,0.28940442204475403,-0.01059557795524596
523,5.23,BELOW_TARGET_MINUS_1CM,0.2893540561199188,-0.010645943880081166
524,5.24,BELOW_TARGET_MINUS_1CM,0.2893037497997284,-0.010696250200271595
525,5.25,BELOW_TARGET_MINUS_1CM,0.2892535328865051,-0.010746467113494862
526,5.26,BELOW_TARGET_MINUS_1CM,0.2892034649848938,-0.01079653501510619
527,5.2700000000000005,BELOW_TARGET_MINUS_1CM,0.2891536355018616,-0.010846364498138417
528,5.28,BELOW_TARGET_MINUS_1CM,0.28910401463508606,-0.01089598536491393
529,5.29,BELOW_TARGET_MINUS_1CM,0.2890547215938568,-0.010945278406143177
530,5.3,BELOW_TARGET_MINUS_1CM,0.2890057861804962,-0.010994213819503773
531,5.3100000000000005,BELOW_TARGET_MINUS_1CM,0.28895723819732666,-0.011042761802673329
532,5.32,BELOW_TARGET_MINUS_1CM,0.2889091372489929,-0.011090862751007069
533,5.33,BELOW_TARGET_MINUS_1CM,0.28886157274246216,-0.01113842725753783
534,5.34,BELOW_TARGET_MINUS_1CM,0.2888145446777344,-0.011185455322265614
535,5.3500000000000005,BELOW_TARGET_MINUS_1CM,0.28876811265945435,-0.011231887340545643
536,5.36,BELOW_TARGET_MINUS_1CM,0.28872236609458923,-0.011277633905410755
537,5.37,BELOW_TARGET_MINUS_1CM,0.28867730498313904,-0.01132269501686095
538,5.38,BELOW_TARGET_MINUS_1CM,0.28863298892974854,-0.011367011070251454
539,5.39,BELOW_TARGET_MINUS_1CM,0.2885895073413849,-0.011410492658615101
540,5.4,BELOW_TARGET_MINUS_1CM,0.2885468602180481,-0.011453139781951893
541,5.41,BELOW_TARGET_MINUS_1CM,0.2885051369667053,-0.011494863033294667
542,5.42,BELOW_TARGET_MINUS_1CM,0.28846433758735657,-0.011535662412643422
543,5.43,BELOW_TARGET_MINUS_1CM,0.2884245216846466,-0.011575478315353382
544,5.44,BELOW_TARGET_MINUS_1CM,0.2883857488632202,-0.011614251136779774
545,5.45,BELOW_TARGET_MINUS_1CM,0.28834807872772217,-0.011651921272277821
546,5.46,BELOW_TARGET_MINUS_1CM,0.28831151127815247,-0.011688488721847523
547,5.47,BELOW_TARGET_MINUS_1CM,0.2882760763168335,-0.011723923683166493
548,5.48,BELOW_TARGET_MINUS_1CM,0.2882418632507324,-0.011758136749267567
549,5.49,BELOW_TARGET_MINUS_1CM,0.28820890188217163,-0.011791098117828358
550,5.5,BELOW_TARGET_MINUS_1CM,0.2881771922111511,-0.011822807788848866
551,5.51,BELOW_TARGET_MINUS_1CM,0.2881467938423157,-0.011853206157684315
552,5.5200000000000005,BELOW_TARGET_MINUS_1CM,0.2881177067756653,-0.011882293224334706
553,5.53,BELOW_TARGET_MINUS_1CM,0.2880900204181671,-0.011909979581832875
554,5.54,BELOW_TARGET_MINUS_1CM,0.2880637049674988,-0.01193629503250121
555,5.55,BELOW_TARGET_MINUS_1CM,0.28803884983062744,-0.011961150169372547
556,5.5600000000000005,BELOW_TARGET_MINUS_1CM,0.2880153954029083,-0.011984604597091664
557,5.57,BELOW_TARGET_MINUS_1CM,0.2879934310913086,-0.012006568908691395
558,5.58,BELOW_TARGET_MINUS_1CM,0.28797295689582825,-0.012027043104171742
559,5.59,BELOW_TARGET_MINUS_1CM,0.2879539728164673,-0.012046027183532704
560,5.6000000000000005,BELOW_TARGET_MINUS_1CM,0.2879365086555481,-0.012063491344451893
561,5.61,BELOW_TARGET_MINUS_1CM,0.28792059421539307,-0.012079405784606922
562,5.62,BELOW_TARGET_MINUS_1CM,0.2879062294960022,-0.012093770503997792
563,5.63,BELOW_TARGET_MINUS_1CM,0.2878933846950531,-0.012106615304946888
564,5.64,BELOW_TARGET_MINUS_1CM,0.28788211941719055,-0.012117880582809437
565,5.65,BELOW_TARGET_MINUS_1CM,0.28787243366241455,-0.012127566337585438
566,5.66,BELOW_TARGET_MINUS_1CM,0.2878642976284027,-0.012135702371597279
567,5.67,BELOW_TARGET_MINUS_1CM,0.2878577411174774,-0.012142258882522572
568,5.68,BELOW_TARGET_MINUS_1CM,0.2878527343273163,-0.012147265672683705
569,5.69,BELOW_TARGET_MINUS_1CM,0.2878492772579193,-0.012150722742080677
570,5.7,BELOW_TARGET_MINUS_1CM,0.2878473699092865,-0.01215263009071349
571,5.71,BELOW_TARGET_MINUS_1CM,0.28784701228141785,-0.012152987718582142
572,5.72,BELOW_TARGET_MINUS_1CM,0.28784817457199097,-0.012151825428009022
573,5.73,BELOW_TARGET_MINUS_1CM,0.28785085678100586,-0.01214914321899413
574,5.74,BELOW_TARGET_MINUS_1CM,0.28785502910614014,-0.012144970893859852
575,5.75,BELOW_TARGET_MINUS_1CM,0.2878606915473938,-0.01213930845260619
576,5.76,BELOW_TARGET_MINUS_1CM,0.28786781430244446,-0.012132185697555531
577,5.7700000000000005,BELOW_TARGET_MINUS_1CM,0.28787633776664734,-0.01212366223335265
578,5.78,BELOW_TARGET_MINUS_1CM,0.28788629174232483,-0.01211370825767516
579,5.79,BELOW_TARGET_MINUS_1CM,0.28789764642715454,-0.012102353572845448
580,5.8,BELOW_TARGET_MINUS_1CM,0.2879103422164917,-0.01208965778350829
581,5.8100000000000005,BELOW_TARGET_MINUS_1CM,0.2879243493080139,-0.012075650691986073
582,5.82,BELOW_TARGET_MINUS_1CM,0.2879396378993988,-0.012060362100601185
583,5.83,BELOW_TARGET_MINUS_1CM,0.28795620799064636,-0.012043792009353627
584,5.84,BELOW_TARGET_MINUS_1CM,0.2879739999771118,-0.012026000022888172
585,5.8500000000000005,BELOW_TARGET_MINUS_1CM,0.2879929542541504,-0.012007045745849598
586,5.86,BELOW_TARGET_MINUS_1CM,0.2880130708217621,-0.011986929178237904
587,5.87,BELOW_TARGET_MINUS_1CM,0.2880342900753021,-0.011965709924697865
588,5.88,BELOW_TARGET_MINUS_1CM,0.2880565822124481,-0.011943417787551869
589,5.89,BELOW_TARGET_MINUS_1CM,0.2880798876285553,-0.011920112371444691
590,5.9,BELOW_TARGET_MINUS_1CM,0.28810417652130127,-0.01189582347869872
591,5.91,BELOW_TARGET_MINUS_1CM,0.28812941908836365,-0.011870580911636341
592,5.92,BELOW_TARGET_MINUS_1CM,0.28815552592277527,-0.01184447407722472
593,5.93,BELOW_TARGET_MINUS_1CM,0.28818249702453613,-0.011817502975463856
594,5.94,BELOW_TARGET_MINUS_1CM,0.28821027278900146,-0.011789727210998524
595,5.95,BELOW_TARGET_MINUS_1CM,0.2882387936115265,-0.0117612063884735
596,5.96,BELOW_TARGET_MINUS_1CM,0.28826799988746643,-0.011732000112533558
597,5.97,BELOW_TARGET_MINUS_1CM,0.2882978916168213,-0.0117021083831787
598,5.98,BELOW_TARGET_MINUS_1CM,0.2883284091949463,-0.0116715908050537
599,5.99,BELOW_TARGET_MINUS_1CM,0.28835946321487427,-0.011640536785125721
600,6.0,BELOW_TARGET_MINUS_1CM,0.2883910536766052,-0.011608946323394764
601,6.01,BELOW_TARGET_MINUS_1CM,0.288423091173172,-0.011576908826827992
602,6.0200000000000005,BELOW_TARGET_MINUS_1CM,0.2884555459022522,-0.011544454097747792
603,6.03,BELOW_TARGET_MINUS_1CM,0.28848838806152344,-0.011511611938476551
604,6.04,BELOW_TARGET_MINUS_1CM,0.28852155804634094,-0.011478441953659047
605,6.05,BELOW_TARGET_MINUS_1CM,0.2885550260543823,-0.011444973945617665
606,6.0600000000000005,BELOW_TARGET_MINUS_1CM,0.2885887026786804,-0.011411297321319569
607,6.07,BELOW_TARGET_MINUS_1CM,0.28862255811691284,-0.011377441883087147
608,6.08,BELOW_TARGET_MINUS_1CM,0.2886565625667572,-0.011343437433242787
609,6.09,BELOW_TARGET_MINUS_1CM,0.2886906564235687,-0.011309343576431263
610,6.1000000000000005,BELOW_TARGET_MINUS_1CM,0.2887248396873474,-0.011275160312652577
611,6.11,BELOW_TARGET_MINUS_1CM,0.2887589931488037,-0.011241006851196278
612,6.12,BELOW_TARGET_MINUS_1CM,0.28879314661026,-0.011206853389739979
613,6.13,BELOW_TARGET_MINUS_1CM,0.28882721066474915,-0.011172789335250843
614,6.140000000000001,BELOW_TARGET_MINUS_1CM,0.28886115550994873,-0.011138844490051258
615,6.15,BELOW_TARGET_MINUS_1CM,0.28889498114585876,-0.011105018854141224
616,6.16,BELOW_TARGET_MINUS_1CM,0.2889285981655121,-0.011071401834487904
617,6.17,BELOW_TARGET_MINUS_1CM,0.2889619767665863,-0.011038023233413685
618,6.18,BELOW_TARGET_MINUS_1CM,0.2889951169490814,-0.011004883050918568
619,6.19,BELOW_TARGET_MINUS_1CM,0.28902795910835266,-0.010972040891647328
620,6.2,BELOW_TARGET_MINUS_1CM,0.2890605032444,-0.010939496755599964
621,6.21,BELOW_TARGET_MINUS_1CM,0.28909265995025635,-0.010907340049743641
622,6.22,BELOW_TARGET_MINUS_1CM,0.28912442922592163,-0.010875570774078358
623,6.23,BELOW_TARGET_MINUS_1CM,0.2891558110713959,-0.010844188928604115
624,6.24,BELOW_TARGET_MINUS_1CM,0.2891867458820343,-0.010813254117965687
625,6.25,BELOW_TARGET_MINUS_1CM,0.2892172038555145,-0.010782796144485463
626,6.26,BELOW_TARGET_MINUS_1CM,0.28924715518951416,-0.010752844810485829
627,6.2700000000000005,BELOW_TARGET_MINUS_1CM,0.2892766296863556,-0.010723370313644398
628,6.28,BELOW_TARGET_MINUS_1CM,0.28930553793907166,-0.010694462060928334
629,6.29,BELOW_TARGET_MINUS_1CM,0.28933390974998474,-0.010666090250015248
630,6.3,BELOW_TARGET_MINUS_1CM,0.28936171531677246,-0.010638284683227528
631,6.3100000000000005,BELOW_TARGET_MINUS_1CM,0.2893889248371124,-0.010611075162887562
632,6.32,BELOW_TARGET_MINUS_1CM,0.28941553831100464,-0.01058446168899535
633,6.33,BELOW_TARGET_MINUS_1CM,0.2894415259361267,-0.01055847406387328
634,6.34,BELOW_TARGET_MINUS_1CM,0.28946685791015625,-0.010533142089843739
635,6.3500000000000005,BELOW_TARGET_MINUS_1CM,0.28949156403541565,-0.01050843596458434
636,6.36,BELOW_TARGET_MINUS_1CM,0.2895156443119049,-0.010484355688095082
637,6.37,BELOW_TARGET_MINUS_1CM,0.28953900933265686,-0.010460990667343129
638,6.38,BELOW_TARGET_MINUS_1CM,0.28956174850463867,-0.010438251495361317
639,6.390000000000001,BELOW_TARGET_MINUS_1CM,0.2895837724208832,-0.01041622757911681
640,6.4,BELOW_TARGET_MINUS_1CM,0.28960514068603516,-0.010394859313964833
641,6.41,BELOW_TARGET_MINUS_1CM,0.28962579369544983,-0.01037420630455016
642,6.42,BELOW_TARGET_MINUS_1CM,0.2896457612514496,-0.010354238748550404
643,6.43,BELOW_TARGET_MINUS_1CM,0.2896650433540344,-0.010334956645965565
644,6.44,BELOW_TARGET_MINUS_1CM,0.28968361020088196,-0.010316389799118031
645,6.45,BELOW_TARGET_MINUS_1CM,0.2897014915943146,-0.010298508405685414
646,6.46,BELOW_TARGET_MINUS_1CM,0.2897186577320099,-0.010281342267990101
647,6.47,BELOW_TARGET_MINUS_1CM,0.2897351384162903,-0.010264861583709706
648,6.48,BELOW_TARGET_MINUS_1CM,0.2897509038448334,-0.010249096155166615
649,6.49,BELOW_TARGET_MINUS_1CM,0.28976598381996155,-0.010234016180038441
650,6.5,BELOW_TARGET_MINUS_1CM,0.2897803783416748,-0.010219621658325184
651,6.51,BELOW_TARGET_MINUS_1CM,0.28979405760765076,-0.010205942392349232
652,6.5200000000000005,BELOW_TARGET_MINUS_1CM,0.2898070514202118,-0.010192948579788197
653,6.53,BELOW_TARGET_MINUS_1CM,0.2898193597793579,-0.010180640220642079
654,6.54,BELOW_TARGET_MINUS_1CM,0.2898310124874115,-0.01016898751258849
655,6.55,BELOW_TARGET_MINUS_1CM,0.2898419499397278,-0.010158050060272206
656,6.5600000000000005,BELOW_TARGET_MINUS_1CM,0.28985223174095154,-0.01014776825904845
657,6.57,BELOW_TARGET_MINUS_1CM,0.28986215591430664,-0.010137844085693348
658,6.58,BELOW_TARGET_MINUS_1CM,0.2898723781108856,-0.010127621889114369
659,6.59,BELOW_TARGET_MINUS_1CM,0.289882630109787,-0.010117369890213002
660,6.6000000000000005,BELOW_TARGET_MINUS_1CM,0.2898923456668854,-0.010107654333114613
661,6.61,BELOW_TARGET_MINUS_1CM,0.289901465177536,-0.010098534822463978
662,6.62,BELOW_TARGET_MINUS_1CM,0.2899099886417389,-0.010090011358261097
663,6.63,BELOW_TARGET_MINUS_1CM,0.2899176776409149,-0.010082322359085072
664,6.640000000000001,BELOW_TARGET_MINUS_1CM,0.2899245023727417,-0.01007549762725829
665,6.65,BELOW_TARGET_MINUS_1CM,0.28993043303489685,-0.010069566965103138
666,6.66,BELOW_TARGET_MINUS_1CM,0.289935439825058,-0.010064560174942005
667,6.67,BELOW_TARGET_MINUS_1CM,0.2899394929409027,-0.010060507059097279
668,6.68,BELOW_TARGET_MINUS_1CM,0.2899426221847534,-0.010057377815246571
669,6.69,BELOW_TARGET_MINUS_1CM,0.2899447977542877,-0.01005520224571227
670,6.7,BELOW_TARGET_MINUS_1CM,0.289946049451828,-0.010053950548171986
671,6.71,BELOW_TARGET_MINUS_1CM,0.28994637727737427,-0.010053622722625721
672,6.72,BELOW_TARGET_MINUS_1CM,0.2899458110332489,-0.010054188966751088
673,6.73,BELOW_TARGET_MINUS_1CM,0.2899443209171295,-0.010055679082870472
674,6.74,BELOW_TARGET_MINUS_1CM,0.2899419665336609,-0.0100580334663391
675,6.75,BELOW_TARGET_MINUS_1CM,0.2899387776851654,-0.010061222314834584
676,6.76,BELOW_TARGET_MINUS_1CM,0.2899346947669983,-0.010065305233001698
677,6.7700000000000005,BELOW_TARGET_MINUS_1CM,0.2899298071861267,-0.01007019281387328
678,6.78,BELOW_TARGET_MINUS_1CM,0.28992411494255066,-0.01007588505744933
679,6.79,BELOW_TARGET_MINUS_1CM,0.28991761803627014,-0.010082381963729847
680,6.8,BELOW_TARGET_MINUS_1CM,0.28991031646728516,-0.010089683532714833
681,6.8100000000000005,BELOW_TARGET_MINUS_1CM,0.2899022698402405,-0.01009773015975951
682,6.82,BELOW_TARGET_MINUS_1CM,0.2898934483528137,-0.010106551647186268
683,6.83,BELOW_TARGET_MINUS_1CM,0.28988391160964966,-0.01011608839035033
684,6.84,BELOW_TARGET_MINUS_1CM,0.2898736000061035,-0.010126399993896473
685,6.8500000000000005,BELOW_TARGET_MINUS_1CM,0.28986260294914246,-0.010137397050857533
686,6.86,BELOW_TARGET_MINUS_1CM,0.2898508906364441,-0.010149109363555897
687,6.87,BELOW_TARGET_MINUS_1CM,0.2898384630680084,-0.010161536931991566
688,6.88,BELOW_TARGET_MINUS_1CM,0.28982535004615784,-0.010174649953842152
689,6.890000000000001,BELOW_TARGET_MINUS_1CM,0.2898115813732147,-0.010188418626785267
690,6.9,BELOW_TARGET_MINUS_1CM,0.289797306060791,-0.010202693939208973
691,6.91,BELOW_TARGET_MINUS_1CM,0.2897831201553345,-0.010216879844665516
692,6.92,BELOW_TARGET_MINUS_1CM,0.2897692024707794,-0.01023079752922057
693,6.93,BELOW_TARGET_MINUS_1CM,0.28975504636764526,-0.010244953632354725
694,6.94,BELOW_TARGET_MINUS_1CM,0.28974050283432007,-0.01025949716567992
695,6.95,BELOW_TARGET_MINUS_1CM,0.2897256016731262,-0.010274398326873768
696,6.96,BELOW_TARGET_MINUS_1CM,0.28971025347709656,-0.010289746522903431
697,6.97,BELOW_TARGET_MINUS_1CM,0.28969427943229675,-0.010305720567703236
698,6.98,BELOW_TARGET_MINUS_1CM,0.2896777093410492,-0.010322290658950795
699,6.99,BELOW_TARGET_MINUS_1CM,0.2896604835987091,-0.010339516401290882
700,7.0,BELOW_TARGET_MINUS_1CM,0.2896425127983093,-0.010357487201690663
701,7.01,BELOW_TARGET_MINUS_1CM,0.28962385654449463,-0.01037614345550536
702,7.0200000000000005,BELOW_TARGET_MINUS_1CM,0.28960442543029785,-0.010395574569702137
703,7.03,BELOW_TARGET_MINUS_1CM,0.289584219455719,-0.010415780544280995
704,7.04,BELOW_TARGET_MINUS_1CM,0.28956323862075806,-0.010436761379241932
705,7.05,BELOW_TARGET_MINUS_1CM,0.28954145312309265,-0.010458546876907338
706,7.0600000000000005,BELOW_TARGET_MINUS_1CM,0.2895188629627228,-0.01048113703727721
707,7.07,BELOW_TARGET_MINUS_1CM,0.28949546813964844,-0.010504531860351551
708,7.08,BELOW_TARGET_MINUS_1CM,0.28947123885154724,-0.010528761148452748
709,7.09,BELOW_TARGET_MINUS_1CM,0.2894462049007416,-0.010553795099258412
710,7.1000000000000005,BELOW_TARGET_MINUS_1CM,0.28942036628723145,-0.010579633712768544
711,7.11,BELOW_TARGET_MINUS_1CM,0.28939369320869446,-0.010606306791305531
712,7.12,BELOW_TARGET_MINUS_1CM,0.2893661856651306,-0.010633814334869374
713,7.13,BELOW_TARGET_MINUS_1CM,0.2893378734588623,-0.010662126541137684
714,7.140000000000001,BELOW_TARGET_MINUS_1CM,0.2893087565898895,-0.010691243410110463
715,7.15,BELOW_TARGET_MINUS_1CM,0.2892788350582123,-0.010721164941787709
716,7.16,BELOW_TARGET_MINUS_1CM,0.28924810886383057,-0.010751891136169422
717,7.17,BELOW_TARGET_MINUS_1CM,0.2892166078090668,-0.010783392190933216
718,7.18,BELOW_TARGET_MINUS_1CM,0.2891843020915985,-0.010815697908401478
719,7.19,BELOW_TARGET_MINUS_1CM,0.28915122151374817,-0.01084877848625182
720,7.2,BELOW_TARGET_MINUS_1CM,0.28911736607551575,-0.010882633924484242
721,7.21,BELOW_TARGET_MINUS_1CM,0.289082795381546,-0.010917204618453968
722,7.22,BELOW_TARGET_MINUS_1CM,0.2890474498271942,-0.010952550172805775
723,7.23,BELOW_TARGET_MINUS_1CM,0.2890114188194275,-0.010988581180572499
724,7.24,BELOW_TARGET_MINUS_1CM,0.28897467255592346,-0.011025327444076527
725,7.25,BELOW_TARGET_MINUS_1CM,0.2889372408390045,-0.011062759160995472
726,7.26,BELOW_TARGET_MINUS_1CM,0.28889915347099304,-0.011100846529006947
727,7.2700000000000005,BELOW_TARGET_MINUS_1CM,0.28886041045188904,-0.01113958954811095
728,7.28,BELOW_TARGET_MINUS_1CM,0.2888210713863373,-0.011178928613662709
729,7.29,BELOW_TARGET_MINUS_1CM,0.2887811064720154,-0.011218893527984608
730,7.3,BELOW_TARGET_MINUS_1CM,0.2887405753135681,-0.011259424686431874
731,7.3100000000000005,BELOW_TARGET_MINUS_1CM,0.28869950771331787,-0.011300492286682118
732,7.32,BELOW_TARGET_MINUS_1CM,0.28865793347358704,-0.011342066526412953
733,7.33,BELOW_TARGET_MINUS_1CM,0.2886158525943756,-0.011384147405624379
734,7.34,BELOW_TARGET_MINUS_1CM,0.28857332468032837,-0.01142667531967162
735,7.3500000000000005,BELOW_TARGET_MINUS_1CM,0.2885303795337677,-0.011469620466232289
736,7.36,BELOW_TARGET_MINUS_1CM,0.2884870171546936,-0.011512982845306385
737,7.37,BELOW_TARGET_MINUS_1CM,0.28844332695007324,-0.011556673049926747
738,7.38,BELOW_TARGET_MINUS_1CM,0.2883993089199066,-0.011600691080093373
739,7.390000000000001,BELOW_TARGET_MINUS_1CM,0.2883550226688385,-0.011644977331161488
740,7.4,BELOW_TARGET_MINUS_1CM,0.2883104681968689,-0.011689531803131092
741,7.41,BELOW_TARGET_MINUS_1CM,0.28826573491096497,-0.011734265089035023
742,7.42,BELOW_TARGET_MINUS_1CM,0.2882208228111267,-0.01177917718887328
743,7.43,BELOW_TARGET_MINUS_1CM,0.2881758213043213,-0.0118241786956787
744,7.44,BELOW_TARGET_MINUS_1CM,0.2881307005882263,-0.01186929941177367
745,7.45,BELOW_TARGET_MINUS_1CM,0.28808557987213135,-0.011914420127868641
746,7.46,BELOW_TARGET_MINUS_1CM,0.2880404591560364,-0.011959540843963612
747,7.47,BELOW_TARGET_MINUS_1CM,0.2879953980445862,-0.012004601955413807
748,7.48,BELOW_TARGET_MINUS_1CM,0.28795042634010315,-0.01204957365989684
749,7.49,BELOW_TARGET_MINUS_1CM,0.28790563344955444,-0.012094366550445546
750,7.5,BELOW_TARGET_MINUS_1CM,0.28786101937294006,-0.012138980627059925
751,7.51,BELOW_TARGET_MINUS_1CM,0.2878166437149048,-0.012183356285095204
752,7.5200000000000005,BELOW_TARGET_MINUS_1CM,0.287772536277771,-0.012227463722228993
753,7.53,BELOW_TARGET_MINUS_1CM,0.28772881627082825,-0.012271183729171742
754,7.54,BELOW_TARGET_MINUS_1CM,0.28768545389175415,-0.012314546108245839
755,7.55,BELOW_TARGET_MINUS_1CM,0.2876425087451935,-0.012357491254806507
756,7.5600000000000005,BELOW_TARGET_MINUS_1CM,0.2876000702381134,-0.012399929761886586
757,7.57,BELOW_TARGET_MINUS_1CM,0.2875581681728363,-0.012441831827163685
758,7.58,BELOW_TARGET_MINUS_1CM,0.28751683235168457,-0.012483167648315419
759,7.59,BELOW_TARGET_MINUS_1CM,0.287476122379303,-0.01252387762069701
760,7.6000000000000005,BELOW_TARGET_MINUS_1CM,0.2874360680580139,-0.012563931941986073
761,7.61,BELOW_TARGET_MINUS_1CM,0.28739675879478455,-0.012603241205215443
762,7.62,BELOW_TARGET_MINUS_1CM,0.28735819458961487,-0.01264180541038512
763,7.63,BELOW_TARGET_MINUS_1CM,0.28732046484947205,-0.012679535150527943
764,7.640000000000001,BELOW_TARGET_MINUS_1CM,0.2872835397720337,-0.012716460227966297
765,7.65,BELOW_TARGET_MINUS_1CM,0.28724753856658936,-0.012752461433410633
766,7.66,BELOW_TARGET_MINUS_1CM,0.28721246123313904,-0.01278753876686095
767,7.67,BELOW_TARGET_MINUS_1CM,0.2871783673763275,-0.012821632623672474
768,7.68,BELOW_TARGET_MINUS_1CM,0.2871452867984772,-0.012854713201522816
769,7.69,BELOW_TARGET_MINUS_1CM,0.2871132791042328,-0.0128867208957672
770,7.7,BELOW_TARGET_MINUS_1CM,0.28708234429359436,-0.012917655706405629
771,7.71,BELOW_TARGET_MINUS_1CM,0.28705254197120667,-0.012947458028793324
772,7.72,BELOW_TARGET_MINUS_1CM,0.2870238721370697,-0.012976127862930287
773,7.73,BELOW_TARGET_MINUS_1CM,0.28699642419815063,-0.013003575801849354
774,7.74,BELOW_TARGET_MINUS_1CM,0.2869701683521271,-0.013029831647872914
775,7.75,BELOW_TARGET_MINUS_1CM,0.2869451940059662,-0.013054805994033802
776,7.76,BELOW_TARGET_MINUS_1CM,0.2869214713573456,-0.013078528642654408
777,7.7700000000000005,BELOW_TARGET_MINUS_1CM,0.28689906001091003,-0.013100939989089955
778,7.78,BELOW_TARGET_MINUS_1CM,0.28687798976898193,-0.013122010231018055
779,7.79,BELOW_TARGET_MINUS_1CM,0.2868582308292389,-0.013141769170761097
780,7.8,BELOW_TARGET_MINUS_1CM,0.28683987259864807,-0.013160127401351918
781,7.8100000000000005,BELOW_TARGET_MINUS_1CM,0.2868228554725647,-0.013177144527435292
782,7.82,BELOW_TARGET_MINUS_1CM,0.28680726885795593,-0.013192731142044056
783,7.83,BELOW_TARGET_MINUS_1CM,0.286793053150177,-0.013206946849822987
784,7.84,BELOW_TARGET_MINUS_1CM,0.28678029775619507,-0.01321970224380492
785,7.8500000000000005,BELOW_TARGET_MINUS_1CM,0.28676894307136536,-0.013231056928634632
786,7.86,BELOW_TARGET_MINUS_1CM,0.28675901889801025,-0.013240981101989735
787,7.87,BELOW_TARGET_MINUS_1CM,0.28675052523612976,-0.013249474763870228
788,7.88,BELOW_TARGET_MINUS_1CM,0.2867434620857239,-0.013256537914276112
789,7.890000000000001,BELOW_TARGET_MINUS_1CM,0.2867378294467926,-0.013262170553207386
790,7.9,BELOW_TARGET_MINUS_1CM,0.2867336571216583,-0.013266342878341664
791,7.91,BELOW_TARGET_MINUS_1CM,0.28673088550567627,-0.01326911449432372
792,7.92,BELOW_TARGET_MINUS_1CM,0.28672951459884644,-0.013270485401153553
793,7.930000000000001,BELOW_TARGET_MINUS_1CM,0.2867295742034912,-0.013270425796508778
794,7.94,BELOW_TARGET_MINUS_1CM,0.2867310345172882,-0.013268965482711781
795,7.95,BELOW_TARGET_MINUS_1CM,0.28673386573791504,-0.01326613426208495
796,7.96,BELOW_TARGET_MINUS_1CM,0.2867380678653717,-0.013261932134628285
797,7.97,BELOW_TARGET_MINUS_1CM,0.2867436110973358,-0.013256388902664173
798,7.98,BELOW_TARGET_MINUS_1CM,0.2867504954338074,-0.013249504566192616
799,7.99,BELOW_TARGET_MINUS_1CM,0.2867586612701416,-0.013241338729858387
800,8.0,BELOW_TARGET_MINUS_1CM,0.2867681086063385,-0.013231891393661488
801,8.01,BELOW_TARGET_MINUS_1CM,0.28677883744239807,-0.013221162557601918
802,8.02,BELOW_TARGET_MINUS_1CM,0.28679075837135315,-0.01320924162864684
803,8.03,BELOW_TARGET_MINUS_1CM,0.2868039011955261,-0.013196098804473866
804,8.040000000000001,BELOW_TARGET_MINUS_1CM,0.2868182063102722,-0.013181793689727772
805,8.05,BELOW_TARGET_MINUS_1CM,0.28683364391326904,-0.013166356086730946
806,8.06,BELOW_TARGET_MINUS_1CM,0.2868501543998718,-0.013149845600128163
807,8.07,BELOW_TARGET_MINUS_1CM,0.28686776757240295,-0.013132232427597035
808,8.08,BELOW_TARGET_MINUS_1CM,0.28688639402389526,-0.013113605976104725
809,8.09,BELOW_TARGET_MINUS_1CM,0.28690600395202637,-0.013093996047973622
810,8.1,BELOW_TARGET_MINUS_1CM,0.2869265675544739,-0.013073432445526112
811,8.11,BELOW_TARGET_MINUS_1CM,0.2869480550289154,-0.013051944971084584
812,8.120000000000001,BELOW_TARGET_MINUS_1CM,0.2869704067707062,-0.013029593229293812
813,8.13,BELOW_TARGET_MINUS_1CM,0.2869935929775238,-0.013006407022476185
814,8.14,BELOW_TARGET_MINUS_1CM,0.2870175540447235,-0.012982445955276478
815,8.15,BELOW_TARGET_MINUS_1CM,0.2870422899723053,-0.012957710027694691
816,8.16,BELOW_TARGET_MINUS_1CM,0.2870676815509796,-0.012932318449020375
817,8.17,BELOW_TARGET_MINUS_1CM,0.28709375858306885,-0.012906241416931141
818,8.18,BELOW_TARGET_MINUS_1CM,0.2871204614639282,-0.012879538536071766
819,8.19,BELOW_TARGET_MINUS_1CM,0.2871477007865906,-0.012852299213409413
820,8.2,BELOW_TARGET_MINUS_1CM,0.2871754765510559,-0.01282452344894408
821,8.21,BELOW_TARGET_MINUS_1CM,0.28720372915267944,-0.012796270847320546
822,8.22,BELOW_TARGET_MINUS_1CM,0.2872323989868164,-0.012767601013183583
823,8.23,BELOW_TARGET_MINUS_1CM,0.2872614860534668,-0.012738513946533192
824,8.24,BELOW_TARGET_MINUS_1CM,0.28729090094566345,-0.012709099054336537
825,8.25,BELOW_TARGET_MINUS_1CM,0.287320613861084,-0.012679386138916005
826,8.26,BELOW_TARGET_MINUS_1CM,0.287350594997406,-0.012649405002593983
827,8.27,BELOW_TARGET_MINUS_1CM,0.28738078474998474,-0.012619215250015248
828,8.28,BELOW_TARGET_MINUS_1CM,0.2874111533164978,-0.012588846683502186
829,8.290000000000001,BELOW_TARGET_MINUS_1CM,0.2874416410923004,-0.012558358907699574
830,8.3,BELOW_TARGET_MINUS_1CM,0.2874722182750702,-0.012527781724929798
831,8.31,BELOW_TARGET_MINUS_1CM,0.28750282526016235,-0.012497174739837635
832,8.32,BELOW_TARGET_MINUS_1CM,0.2875334620475769,-0.012466537952423085
833,8.33,BELOW_TARGET_MINUS_1CM,0.2875640392303467,-0.01243596076965331
834,8.34,BELOW_TARGET_MINUS_1CM,0.2875945568084717,-0.01240544319152831
835,8.35,BELOW_TARGET_MINUS_1CM,0.2876249849796295,-0.012375015020370472
836,8.36,BELOW_TARGET_MINUS_1CM,0.287655234336853,-0.012344765663146962
837,8.370000000000001,BELOW_TARGET_MINUS_1CM,0.2876853346824646,-0.01231466531753539
838,8.38,BELOW_TARGET_MINUS_1CM,0.28771519660949707,-0.012284803390502919
839,8.39,BELOW_TARGET_MINUS_1CM,0.2877448499202728,-0.012255150079727162
840,8.4,BELOW_TARGET_MINUS_1CM,0.2877741754055023,-0.01222582459449767
841,8.41,BELOW_TARGET_MINUS_1CM,0.2878032326698303,-0.012196767330169667
842,8.42,BELOW_TARGET_MINUS_1CM,0.2878319323062897,-0.012168067693710316
843,8.43,BELOW_TARGET_MINUS_1CM,0.28786030411720276,-0.01213969588279723
844,8.44,BELOW_TARGET_MINUS_1CM,0.2878882586956024,-0.012111741304397572
845,8.45,BELOW_TARGET_MINUS_1CM,0.28791579604148865,-0.012084203958511341
846,8.46,BELOW_TARGET_MINUS_1CM,0.28794291615486145,-0.012057083845138539
847,8.47,BELOW_TARGET_MINUS_1CM,0.28796955943107605,-0.012030440568923939
848,8.48,BELOW_TARGET_MINUS_1CM,0.28799572587013245,-0.012004274129867543
849,8.49,BELOW_TARGET_MINUS_1CM,0.28802138566970825,-0.011978614330291737
850,8.5,BELOW_TARGET_MINUS_1CM,0.28804653882980347,-0.011953461170196522
851,8.51,BELOW_TARGET_MINUS_1CM,0.2880711555480957,-0.011928844451904286
852,8.52,BELOW_TARGET_MINUS_1CM,0.28809523582458496,-0.011904764175415028
853,8.53,BELOW_TARGET_MINUS_1CM,0.28811872005462646,-0.011881279945373524
854,8.540000000000001,BELOW_TARGET_MINUS_1CM,0.288141667842865,-0.011858332157134999
855,8.55,BELOW_TARGET_MINUS_1CM,0.2881639897823334,-0.011836010217666615
856,8.56,BELOW_TARGET_MINUS_1CM,0.2881857454776764,-0.011814254522323597
857,8.57,BELOW_TARGET_MINUS_1CM,0.28820687532424927,-0.011793124675750721
858,8.58,BELOW_TARGET_MINUS_1CM,0.2882274091243744,-0.0117725908756256
859,8.59,BELOW_TARGET_MINUS_1CM,0.28824731707572937,-0.011752682924270619
860,8.6,BELOW_TARGET_MINUS_1CM,0.2882665693759918,-0.011733430624008168
861,8.61,BELOW_TARGET_MINUS_1CM,0.2882852256298065,-0.01171477437019347
862,8.620000000000001,BELOW_TARGET_MINUS_1CM,0.2883032262325287,-0.011696773767471302
863,8.63,BELOW_TARGET_MINUS_1CM,0.2883206009864807,-0.011679399013519276
864,8.64,BELOW_TARGET_MINUS_1CM,0.2883373200893402,-0.011662679910659779
865,8.65,BELOW_TARGET_MINUS_1CM,0.28835341334342957,-0.011646586656570423
866,8.66,BELOW_TARGET_MINUS_1CM,0.2883688807487488,-0.01163111925125121
867,8.67,BELOW_TARGET_MINUS_1CM,0.28838369250297546,-0.011616307497024525
868,8.68,BELOW_TARGET_MINUS_1CM,0.2883978486061096,-0.01160215139389037
869,8.69,BELOW_TARGET_MINUS_1CM,0.28841137886047363,-0.011588621139526356
870,8.700000000000001,BELOW_TARGET_MINUS_1CM,0.2884242832660675,-0.011575716733932484
871,8.71,BELOW_TARGET_MINUS_1CM,0.28843656182289124,-0.011563438177108754
872,8.72,BELOW_TARGET_MINUS_1CM,0.28844818472862244,-0.011551815271377552
873,8.73,BELOW_TARGET_MINUS_1CM,0.2884592115879059,-0.011540788412094105
874,8.74,BELOW_TARGET_MINUS_1CM,0.28847014904022217,-0.011529850959777821
875,8.75,BELOW_TARGET_MINUS_1CM,0.28848180174827576,-0.011518198251724232
876,8.76,BELOW_TARGET_MINUS_1CM,0.28849342465400696,-0.011506575345993031
877,8.77,BELOW_TARGET_MINUS_1CM,0.2885044515132904,-0.011495548486709584
878,8.78,BELOW_TARGET_MINUS_1CM,0.2885150611400604,-0.011484938859939564
879,8.790000000000001,BELOW_TARGET_MINUS_1CM,0.2885250747203827,-0.011474925279617298
880,8.8,BELOW_TARGET_MINUS_1CM,0.2885342538356781,-0.011465746164321888
881,8.81,BELOW_TARGET_MINUS_1CM,0.28854262828826904,-0.011457371711730946
882,8.82,BELOW_TARGET_MINUS_1CM,0.28855016827583313,-0.011449831724166859
883,8.83,BELOW_TARGET_MINUS_1CM,0.2885567843914032,-0.01144321560859679
884,8.84,BELOW_TARGET_MINUS_1CM,0.28856250643730164,-0.011437493562698353
885,8.85,BELOW_TARGET_MINUS_1CM,0.28856733441352844,-0.011432665586471547
886,8.86,BELOW_TARGET_MINUS_1CM,0.28857123851776123,-0.011428761482238758
887,8.870000000000001,BELOW_TARGET_MINUS_1CM,0.2885742783546448,-0.011425721645355214
888,8.88,BELOW_TARGET_MINUS_1CM,0.2885764241218567,-0.0114235758781433
889,8.89,BELOW_TARGET_MINUS_1CM,0.28857773542404175,-0.01142226457595824
890,8.9,BELOW_TARGET_MINUS_1CM,0.28857818245887756,-0.011421817541122425
891,8.91,BELOW_TARGET_MINUS_1CM,0.2885777950286865,-0.011422204971313465
892,8.92,BELOW_TARGET_MINUS_1CM,0.2885766327381134,-0.011423367261886586
893,8.93,BELOW_TARGET_MINUS_1CM,0.2885746359825134,-0.011425364017486561
894,8.94,BELOW_TARGET_MINUS_1CM,0.28857189416885376,-0.011428105831146229
895,8.950000000000001,BELOW_TARGET_MINUS_1CM,0.2885684072971344,-0.01143159270286559
896,8.96,BELOW_TARGET_MINUS_1CM,0.28856414556503296,-0.01143585443496703
897,8.97,BELOW_TARGET_MINUS_1CM,0.2885591983795166,-0.011440801620483387
898,8.98,BELOW_TARGET_MINUS_1CM,0.28855353593826294,-0.01144646406173705
899,8.99,BELOW_TARGET_MINUS_1CM,0.288547158241272,-0.011452841758728016
900,9.0,BELOW_TARGET_MINUS_1CM,0.2885400950908661,-0.0114599049091339
901,9.01,BELOW_TARGET_MINUS_1CM,0.2885323762893677,-0.011467623710632313
902,9.02,BELOW_TARGET_MINUS_1CM,0.28852400183677673,-0.011475998163223255
903,9.03,BELOW_TARGET_MINUS_1CM,0.28851500153541565,-0.01148499846458434
904,9.040000000000001,BELOW_TARGET_MINUS_1CM,0.28850534558296204,-0.011494654417037953
905,9.05,BELOW_TARGET_MINUS_1CM,0.2884950637817383,-0.011504936218261708
906,9.06,BELOW_TARGET_MINUS_1CM,0.2884841561317444,-0.011515843868255604
907,9.07,BELOW_TARGET_MINUS_1CM,0.28847265243530273,-0.011527347564697255
908,9.08,BELOW_TARGET_MINUS_1CM,0.28846055269241333,-0.011539447307586659
909,9.09,BELOW_TARGET_MINUS_1CM,0.28844788670539856,-0.01155211329460143
910,9.1,BELOW_TARGET_MINUS_1CM,0.28843462467193604,-0.011565375328063954
911,9.11,BELOW_TARGET_MINUS_1CM,0.28842079639434814,-0.011579203605651844
912,9.120000000000001,BELOW_TARGET_MINUS_1CM,0.2884064018726349,-0.011593598127365101
913,9.13,BELOW_TARGET_MINUS_1CM,0.28839144110679626,-0.011608558893203724
914,9.14,BELOW_TARGET_MINUS_1CM,0.2883761525154114,-0.011623847484588612
915,9.15,BELOW_TARGET_MINUS_1CM,0.2883610725402832,-0.011638927459716786
916,9.16,BELOW_TARGET_MINUS_1CM,0.2883464992046356,-0.011653500795364369
917,9.17,BELOW_TARGET_MINUS_1CM,0.28833186626434326,-0.011668133735656727
918,9.18,BELOW_TARGET_MINUS_1CM,0.288316935300827,-0.011683064699172963
919,9.19,BELOW_TARGET_MINUS_1CM,0.28830182552337646,-0.011698174476623524
920,9.200000000000001,BELOW_TARGET_MINUS_1CM,0.2882862985134125,-0.011713701486587513
921,9.21,BELOW_TARGET_MINUS_1CM,0.2882702648639679,-0.011729735136032093
922,9.22,BELOW_TARGET_MINUS_1CM,0.28825366497039795,-0.01174633502960204
923,9.23,BELOW_TARGET_MINUS_1CM,0.28823649883270264,-0.011763501167297352
924,9.24,BELOW_TARGET_MINUS_1CM,0.2882187068462372,-0.011781293153762806
925,9.25,BELOW_TARGET_MINUS_1CM,0.2882001996040344,-0.011799800395965565
926,9.26,BELOW_TARGET_MINUS_1CM,0.28818103671073914,-0.011818963289260853
927,9.27,BELOW_TARGET_MINUS_1CM,0.28816115856170654,-0.011838841438293446
928,9.28,BELOW_TARGET_MINUS_1CM,0.28814053535461426,-0.011859464645385731
929,9.290000000000001,BELOW_TARGET_MINUS_1CM,0.28811919689178467,-0.011880803108215321
930,9.3,BELOW_TARGET_MINUS_1CM,0.288097083568573,-0.01190291643142699
931,9.31,BELOW_TARGET_MINUS_1CM,0.288074254989624,-0.011925745010375965
932,9.32,BELOW_TARGET_MINUS_1CM,0.28805065155029297,-0.01194934844970702
933,9.33,BELOW_TARGET_MINUS_1CM,0.2880263030529022,-0.011973696947097767
934,9.34,BELOW_TARGET_MINUS_1CM,0.28800123929977417,-0.011998760700225819
935,9.35,BELOW_TARGET_MINUS_1CM,0.28797540068626404,-0.01202459931373595
936,9.36,BELOW_TARGET_MINUS_1CM,0.2879488170146942,-0.012051182985305775
937,9.370000000000001,BELOW_TARGET_MINUS_1CM,0.2879215180873871,-0.012078481912612904
938,9.38,BELOW_TARGET_MINUS_1CM,0.28789347410202026,-0.012106525897979725
939,9.39,BELOW_TARGET_MINUS_1CM,0.28786471486091614,-0.012135285139083851
940,9.4,BELOW_TARGET_MINUS_1CM,0.2878352403640747,-0.012164759635925282
941,9.41,BELOW_TARGET_MINUS_1CM,0.28780508041381836,-0.01219491958618163
942,9.42,BELOW_TARGET_MINUS_1CM,0.2877742052078247,-0.012225794792175282
943,9.43,BELOW_TARGET_MINUS_1CM,0.2877426743507385,-0.012257325649261464
944,9.44,BELOW_TARGET_MINUS_1CM,0.2877104878425598,-0.012289512157440174
945,9.450000000000001,BELOW_TARGET_MINUS_1CM,0.2876776456832886,-0.012322354316711415
946,9.46,BELOW_TARGET_MINUS_1CM,0.2876441478729248,-0.012355852127075184
947,9.47,BELOW_TARGET_MINUS_1CM,0.28761008381843567,-0.01238991618156432
948,9.48,BELOW_TARGET_MINUS_1CM,0.2875753939151764,-0.012424606084823597
949,9.49,BELOW_TARGET_MINUS_1CM,0.28754013776779175,-0.01245986223220824
950,9.5,BELOW_TARGET_MINUS_1CM,0.2875043451786041,-0.012495654821395863
951,9.51,BELOW_TARGET_MINUS_1CM,0.28746798634529114,-0.012532013654708851
952,9.52,BELOW_TARGET_MINUS_1CM,0.28743115067481995,-0.012568849325180043
953,9.53,BELOW_TARGET_MINUS_1CM,0.28739383816719055,-0.012606161832809437
954,9.540000000000001,BELOW_TARGET_MINUS_1CM,0.28735607862472534,-0.012643921375274647
955,9.55,BELOW_TARGET_MINUS_1CM,0.2873178720474243,-0.012682127952575672
956,9.56,BELOW_TARGET_MINUS_1CM,0.28727927803993225,-0.012720721960067738
957,9.57,BELOW_TARGET_MINUS_1CM,0.28724032640457153,-0.012759673595428456
958,9.58,BELOW_TARGET_MINUS_1CM,0.28720101714134216,-0.012798982858657826
959,9.59,BELOW_TARGET_MINUS_1CM,0.2871614098548889,-0.012838590145111073
960,9.6,BELOW_TARGET_MINUS_1CM,0.28712156414985657,-0.012878435850143422
961,9.61,BELOW_TARGET_MINUS_1CM,0.28708145022392273,-0.01291854977607726
962,9.620000000000001,BELOW_TARGET_MINUS_1CM,0.28704115748405457,-0.012958842515945423
963,9.63,BELOW_TARGET_MINUS_1CM,0.28700071573257446,-0.012999284267425526
964,9.64,BELOW_TARGET_MINUS_1CM,0.2869601249694824,-0.013039875030517567
965,9.65,BELOW_TARGET_MINUS_1CM,0.2869194746017456,-0.013080525398254383
966,9.66,BELOW_TARGET_MINUS_1CM,0.286878764629364,-0.013121235370635975
967,9.67,BELOW_TARGET_MINUS_1CM,0.2868380546569824,-0.013161945343017567
968,9.68,BELOW_TARGET_MINUS_1CM,0.2867973744869232,-0.013202625513076771
969,9.69,BELOW_TARGET_MINUS_1CM,0.2867567837238312,-0.013243216276168812
970,9.700000000000001,BELOW_TARGET_MINUS_1CM,0.2867162823677063,-0.01328371763229369
971,9.71,BELOW_TARGET_MINUS_1CM,0.28667598962783813,-0.013324010372161854
972,9.72,BELOW_TARGET_MINUS_1CM,0.2866358757019043,-0.013364124298095692
973,9.73,BELOW_TARGET_MINUS_1CM,0.28659600019454956,-0.013403999805450428
974,9.74,BELOW_TARGET_MINUS_1CM,0.2865564227104187,-0.013443577289581288
975,9.75,BELOW_TARGET_MINUS_1CM,0.2865171730518341,-0.013482826948165882
976,9.76,BELOW_TARGET_MINUS_1CM,0.28647831082344055,-0.013521689176559437
977,9.77,BELOW_TARGET_MINUS_1CM,0.2864398956298828,-0.013560104370117176
978,9.78,BELOW_TARGET_MINUS_1CM,0.2864018976688385,-0.013598102331161488
979,9.790000000000001,BELOW_TARGET_MINUS_1CM,0.28636443614959717,-0.013635563850402821
980,9.8,BELOW_TARGET_MINUS_1CM,0.2863275408744812,-0.013672459125518788
981,9.81,BELOW_TARGET_MINUS_1CM,0.2862912118434906,-0.013708788156509388
982,9.82,BELOW_TARGET_MINUS_1CM,0.28625553846359253,-0.01374446153640746
983,9.83,BELOW_TARGET_MINUS_1CM,0.286220520734787,-0.013779479265213002
984,9.84,BELOW_TARGET_MINUS_1CM,0.28618621826171875,-0.013813781738281239
985,9.85,BELOW_TARGET_MINUS_1CM,0.2861526906490326,-0.013847309350967396
986,9.86,BELOW_TARGET_MINUS_1CM,0.2861199676990509,-0.013880032300949086
987,9.870000000000001,BELOW_TARGET_MINUS_1CM,0.28608807921409607,-0.01391192078590392
988,9.88,BELOW_TARGET_MINUS_1CM,0.2860570549964905,-0.01394294500350951
989,9.89,BELOW_TARGET_MINUS_1CM,0.2860269248485565,-0.01397307515144347
990,9.9,BELOW_TARGET_MINUS_1CM,0.28599774837493896,-0.014002251625061024
991,9.91,BELOW_TARGET_MINUS_1CM,0.2859695553779602,-0.014030444622039784
992,9.92,BELOW_TARGET_MINUS_1CM,0.2859423756599426,-0.014057624340057362
993,9.93,BELOW_TARGET_MINUS_1CM,0.2859162390232086,-0.01408376097679137
994,9.94,BELOW_TARGET_MINUS_1CM,0.28589117527008057,-0.014108824729919422
995,9.950000000000001,BELOW_TARGET_MINUS_1CM,0.28586718440055847,-0.014132815599441517
996,9.96,BELOW_TARGET_MINUS_1CM,0.2858443558216095,-0.014155644178390492
997,9.97,BELOW_TARGET_MINUS_1CM,0.28582265973091125,-0.014177340269088734
998,9.98,BELOW_TARGET_MINUS_1CM,0.28580212593078613,-0.014197874069213856
999,9.99,BELOW_TARGET_MINUS_1CM,0.2857827842235565,-0.01421721577644347
1000,10.0,BELOW_TARGET_MINUS_1CM,0.2857646942138672,-0.014235305786132801
1001,10.01,BELOW_TARGET_MINUS_1CM,0.28574779629707336,-0.014252203702926625
1002,10.02,BELOW_TARGET_MINUS_1CM,0.2857321798801422,-0.014267820119857777
1003,10.03,BELOW_TARGET_MINUS_1CM,0.28571778535842896,-0.014282214641571034
1004,10.040000000000001,BELOW_TARGET_MINUS_1CM,0.28570470213890076,-0.014295297861099232
1005,10.05,BELOW_TARGET_MINUS_1CM,0.28569287061691284,-0.014307129383087147
1006,10.06,BELOW_TARGET_MINUS_1CM,0.28568235039711,-0.014317649602890004
1007,10.07,BELOW_TARGET_MINUS_1CM,0.2856731116771698,-0.014326888322830189
1008,10.08,BELOW_TARGET_MINUS_1CM,0.2856651842594147,-0.014334815740585316
1009,10.09,BELOW_TARGET_MINUS_1CM,0.2856585383415222,-0.014341461658477772
1010,10.1,BELOW_TARGET_MINUS_1CM,0.2856532335281372,-0.014346766471862782
1011,10.11,BELOW_TARGET_MINUS_1CM,0.28564921021461487,-0.01435078978538512
1012,10.120000000000001,BELOW_TARGET_MINUS_1CM,0.2856464684009552,-0.014353531599044789
1013,10.13,BELOW_TARGET_MINUS_1CM,0.2856450378894806,-0.014354962110519398
1014,10.14,BELOW_TARGET_MINUS_1CM,0.28564485907554626,-0.014355140924453724
1015,10.15,BELOW_TARGET_MINUS_1CM,0.285645991563797,-0.014354008436202992
1016,10.16,BELOW_TARGET_MINUS_1CM,0.2856483459472656,-0.014351654052734364
1017,10.17,BELOW_TARGET_MINUS_1CM,0.28565195202827454,-0.014348047971725453
1018,10.18,BELOW_TARGET_MINUS_1CM,0.28565680980682373,-0.014343190193176258
1019,10.19,BELOW_TARGET_MINUS_1CM,0.28566285967826843,-0.014337140321731556
1020,10.200000000000001,BELOW_TARGET_MINUS_1CM,0.28567010164260864,-0.014329898357391346
1021,10.21,BELOW_TARGET_MINUS_1CM,0.285678505897522,-0.014321494102478016
1022,10.22,BELOW_TARGET_MINUS_1CM,0.2856880724430084,-0.014311927556991566
1023,10.23,BELOW_TARGET_MINUS_1CM,0.2856987416744232,-0.014301258325576771
1024,10.24,BELOW_TARGET_MINUS_1CM,0.28571054339408875,-0.014289456605911244
1025,10.25,BELOW_TARGET_MINUS_1CM,0.28572338819503784,-0.014276611804962147
1026,10.26,BELOW_TARGET_MINUS_1CM,0.2857372760772705,-0.014262723922729481
1027,10.27,BELOW_TARGET_MINUS_1CM,0.28575217723846436,-0.014247822761535633
1028,10.28,BELOW_TARGET_MINUS_1CM,0.285768061876297,-0.014231938123702992
1029,10.290000000000001,BELOW_TARGET_MINUS_1CM,0.28578487038612366,-0.014215129613876332
1030,10.3,BELOW_TARGET_MINUS_1CM,0.28580260276794434,-0.014197397232055653
1031,10.31,BELOW_TARGET_MINUS_1CM,0.28582122921943665,-0.014178770780563343
1032,10.32,BELOW_TARGET_MINUS_1CM,0.2858406901359558,-0.014159309864044178
1033,10.33,BELOW_TARGET_MINUS_1CM,0.28586092591285706,-0.014139074087142933
1034,10.34,BELOW_TARGET_MINUS_1CM,0.28588196635246277,-0.01411803364753722
1035,10.35,BELOW_TARGET_MINUS_1CM,0.2859037220478058,-0.014096277952194203
1036,10.36,BELOW_TARGET_MINUS_1CM,0.2859261631965637,-0.014073836803436268
1037,10.370000000000001,BELOW_TARGET_MINUS_1CM,0.2859492599964142,-0.014050740003585804
1038,10.38,BELOW_TARGET_MINUS_1CM,0.2859729528427124,-0.014027047157287587
1039,10.39,BELOW_TARGET_MINUS_1CM,0.2859972417354584,-0.014002758264541615
1040,10.4,BELOW_TARGET_MINUS_1CM,0.2860220670700073,-0.013977932929992665
1041,10.41,BELOW_TARGET_MINUS_1CM,0.2860473394393921,-0.013952660560607899
1042,10.42,BELOW_TARGET_MINUS_1CM,0.28607308864593506,-0.01392691135406493
1043,10.43,BELOW_TARGET_MINUS_1CM,0.28609925508499146,-0.013900744915008534
1044,10.44,BELOW_TARGET_MINUS_1CM,0.2861257791519165,-0.013874220848083485
1045,10.450000000000001,BELOW_TARGET_MINUS_1CM,0.2861526310443878,-0.013847368955612172
1046,10.46,BELOW_TARGET_MINUS_1CM,0.286179780960083,-0.013820219039916981
1047,10.47,BELOW_TARGET_MINUS_1CM,0.2862071692943573,-0.013792830705642689
1048,10.48,BELOW_TARGET_MINUS_1CM,0.2862347662448883,-0.013765233755111683
1049,10.49,BELOW_TARGET_MINUS_1CM,0.28626254200935364,-0.013737457990646351
1050,10.5,BELOW_TARGET_MINUS_1CM,0.2862904369831085,-0.013709563016891468
1051,10.51,BELOW_TARGET_MINUS_1CM,0.28631845116615295,-0.013681548833847035
1052,10.52,BELOW_TARGET_MINUS_1CM,0.2863464951515198,-0.013653504848480214
1053,10.53,BELOW_TARGET_MINUS_1CM,0.2863745391368866,-0.013625460863113392
1054,10.540000000000001,BELOW_TARGET_MINUS_1CM,0.2864026129245758,-0.013597387075424183
1055,10.55,BELOW_TARGET_MINUS_1CM,0.28643059730529785,-0.013569402694702137
1056,10.56,BELOW_TARGET_MINUS_1CM,0.2864585220813751,-0.013541477918624867
1057,10.57,BELOW_TARGET_MINUS_1CM,0.28648629784584045,-0.013513702154159535
1058,10.58,BELOW_TARGET_MINUS_1CM,0.28651395440101624,-0.013486045598983754
1059,10.59,BELOW_TARGET_MINUS_1CM,0.2865414321422577,-0.013458567857742298
1060,10.6,BELOW_TARGET_MINUS_1CM,0.28656867146492004,-0.013431328535079945
1061,10.61,BELOW_TARGET_MINUS_1CM,0.2865956723690033,-0.013404327630996693
1062,10.620000000000001,BELOW_TARGET_MINUS_1CM,0.28662240505218506,-0.01337759494781493
1063,10.63,BELOW_TARGET_MINUS_1CM,0.28664886951446533,-0.013351130485534657
1064,10.64,BELOW_TARGET_MINUS_1CM,0.28667497634887695,-0.013325023651123036
1065,10.65,BELOW_TARGET_MINUS_1CM,0.2867007553577423,-0.01329924464225768
1066,10.66,BELOW_TARGET_MINUS_1CM,0.286726176738739,-0.013273823261260975
1067,10.67,BELOW_TARGET_MINUS_1CM,0.2867511808872223,-0.013248819112777699
1068,10.68,BELOW_TARGET_MINUS_1CM,0.2867757976055145,-0.013224202394485463
1069,10.69,BELOW_TARGET_MINUS_1CM,0.28679996728897095,-0.013200032711029042
1070,10.700000000000001,BELOW_TARGET_MINUS_1CM,0.28682368993759155,-0.013176310062408436
1071,10.71,BELOW_TARGET_MINUS_1CM,0.28684696555137634,-0.013153034448623646
1072,10.72,BELOW_TARGET_MINUS_1CM,0.28686973452568054,-0.013130265474319447
1073,10.73,BELOW_TARGET_MINUS_1CM,0.28689202666282654,-0.01310797333717345
1074,10.74,BELOW_TARGET_MINUS_1CM,0.28691381216049194,-0.013086187839508046
1075,10.75,BELOW_TARGET_MINUS_1CM,0.28693506121635437,-0.013064938783645619
1076,10.76,BELOW_TARGET_MINUS_1CM,0.2869557738304138,-0.01304422616958617
1077,10.77,BELOW_TARGET_MINUS_1CM,0.2869759500026703,-0.0130240499973297
1078,10.78,BELOW_TARGET_MINUS_1CM,0.2869955599308014,-0.013004440069198597
1079,10.790000000000001,BELOW_TARGET_MINUS_1CM,0.2870146334171295,-0.012985366582870472
1080,10.8,BELOW_TARGET_MINUS_1CM,0.2870331108570099,-0.012966889142990101
1081,10.81,BELOW_TARGET_MINUS_1CM,0.2870510220527649,-0.012948977947235096
1082,10.82,BELOW_TARGET_MINUS_1CM,0.28706836700439453,-0.012931632995605458
1083,10.83,BELOW_TARGET_MINUS_1CM,0.2870851159095764,-0.012914884090423573
1084,10.84,BELOW_TARGET_MINUS_1CM,0.28710129857063293,-0.012898701429367054
1085,10.85,BELOW_TARGET_MINUS_1CM,0.2871168553829193,-0.012883144617080677
1086,10.86,BELOW_TARGET_MINUS_1CM,0.2871318459510803,-0.012868154048919667
1087,10.870000000000001,BELOW_TARGET_MINUS_1CM,0.2871462404727936,-0.01285375952720641
1088,10.88,BELOW_TARGET_MINUS_1CM,0.28716006875038147,-0.01283993124961852
1089,10.89,BELOW_TARGET_MINUS_1CM,0.2871732711791992,-0.01282672882080077
1090,10.9,BELOW_TARGET_MINUS_1CM,0.2871858775615692,-0.012814122438430775
1091,10.91,BELOW_TARGET_MINUS_1CM,0.28719791769981384,-0.012802082300186146
1092,10.92,BELOW_TARGET_MINUS_1CM,0.2872093617916107,-0.012790638208389271
1093,10.93,BELOW_TARGET_MINUS_1CM,0.28722020983695984,-0.01277979016304015
1094,10.94,BELOW_TARGET_MINUS_1CM,0.2872304618358612,-0.012769538164138783
1095,10.950000000000001,BELOW_TARGET_MINUS_1CM,0.2872401475906372,-0.012759852409362782
1096,10.96,BELOW_TARGET_MINUS_1CM,0.28724926710128784,-0.012750732898712147
1097,10.97,BELOW_TARGET_MINUS_1CM,0.28725820779800415,-0.012741792201995839
1098,10.98,BELOW_TARGET_MINUS_1CM,0.28726768493652344,-0.012732315063476551
1099,10.99,BELOW_TARGET_MINUS_1CM,0.28727710247039795,-0.01272289752960204
1100,11.0,BELOW_TARGET_MINUS_1CM,0.2872859537601471,-0.012714046239852894
1101,11.01,BELOW_TARGET_MINUS_1CM,0.2872943580150604,-0.012705641984939564
1102,11.02,BELOW_TARGET_MINUS_1CM,0.2873021960258484,-0.0126978039741516
1103,11.03,BELOW_TARGET_MINUS_1CM,0.28730928897857666,-0.012690711021423329
1104,11.040000000000001,BELOW_TARGET_MINUS_1CM,0.28731557726860046,-0.012684422731399525
1105,11.05,BELOW_TARGET_MINUS_1CM,0.2873210906982422,-0.012678909301757801
1106,11.06,BELOW_TARGET_MINUS_1CM,0.28732573986053467,-0.012674260139465321
1107,11.07,BELOW_TARGET_MINUS_1CM,0.2873295843601227,-0.012670415639877308
1108,11.08,BELOW_TARGET_MINUS_1CM,0.28733256459236145,-0.012667435407638539
1109,11.09,BELOW_TARGET_MINUS_1CM,0.28733471035957336,-0.012665289640426625
1110,11.1,BELOW_TARGET_MINUS_1CM,0.2873360216617584,-0.012663978338241566
1111,11.11,BELOW_TARGET_MINUS_1CM,0.287336528301239,-0.012663471698760975
1112,11.120000000000001,BELOW_TARGET_MINUS_1CM,0.28733620047569275,-0.01266379952430724
1113,11.13,BELOW_TARGET_MINUS_1CM,0.2873351275920868,-0.012664872407913197
1114,11.14,BELOW_TARGET_MINUS_1CM,0.28733325004577637,-0.012666749954223622
1115,11.15,BELOW_TARGET_MINUS_1CM,0.28733062744140625,-0.012669372558593739
1116,11.16,BELOW_TARGET_MINUS_1CM,0.28732725977897644,-0.012672740221023548
1117,11.17,BELOW_TARGET_MINUS_1CM,0.2873231768608093,-0.012676823139190663
1118,11.18,BELOW_TARGET_MINUS_1CM,0.2873183786869049,-0.012681621313095082
1119,11.19,BELOW_TARGET_MINUS_1CM,0.28731289505958557,-0.012687104940414418
1120,11.200000000000001,BELOW_TARGET_MINUS_1CM,0.2873067259788513,-0.01269327402114867
1121,11.21,BELOW_TARGET_MINUS_1CM,0.28729990124702454,-0.012700098752975453
1122,11.22,BELOW_TARGET_MINUS_1CM,0.2872924208641052,-0.012707579135894764
1123,11.23,BELOW_TARGET_MINUS_1CM,0.2872842848300934,-0.012715715169906605
1124,11.24,BELOW_TARGET_MINUS_1CM,0.2872755229473114,-0.012724477052688588
1125,11.25,BELOW_TARGET_MINUS_1CM,0.28726616501808167,-0.012733834981918324
1126,11.26,BELOW_TARGET_MINUS_1CM,0.2872561812400818,-0.012743818759918202
1127,11.27,BELOW_TARGET_MINUS_1CM,0.28724560141563416,-0.012754398584365834
1128,11.28,BELOW_TARGET_MINUS_1CM,0.28723445534706116,-0.012765544652938832
1129,11.290000000000001,BELOW_TARGET_MINUS_1CM,0.2872227132320404,-0.012777286767959584
1130,11.3,BELOW_TARGET_MINUS_1CM,0.2872104048728943,-0.012789595127105702
1131,11.31,BELOW_TARGET_MINUS_1CM,0.2871975600719452,-0.012802439928054798
1132,11.32,BELOW_TARGET_MINUS_1CM,0.2871844172477722,-0.012815582752227772
1133,11.33,BELOW_TARGET_MINUS_1CM,0.28717154264450073,-0.012828457355499256
1134,11.34,BELOW_TARGET_MINUS_1CM,0.28715890645980835,-0.01284109354019164
1135,11.35,BELOW_TARGET_MINUS_1CM,0.28714609146118164,-0.012853908538818348
1136,11.36,BELOW_TARGET_MINUS_1CM,0.28713297843933105,-0.012867021560668934
1137,11.370000000000001,BELOW_TARGET_MINUS_1CM,0.28711962699890137,-0.012880373001098622
1138,11.38,BELOW_TARGET_MINUS_1CM,0.28710582852363586,-0.012894171476364125
1139,11.39,BELOW_TARGET_MINUS_1CM,0.28709152340888977,-0.012908476591110218
1140,11.4,BELOW_TARGET_MINUS_1CM,0.2870766818523407,-0.01292331814765929
1141,11.41,BELOW_TARGET_MINUS_1CM,0.28706130385398865,-0.012938696146011341
1142,11.42,BELOW_TARGET_MINUS_1CM,0.28704527020454407,-0.012954729795455922
1143,11.43,BELOW_TARGET_MINUS_1CM,0.28702864050865173,-0.012971359491348255
1144,11.44,BELOW_TARGET_MINUS_1CM,0.2870113253593445,-0.012988674640655506
1145,11.450000000000001,BELOW_TARGET_MINUS_1CM,0.2869933545589447,-0.013006645441055287
1146,11.46,BELOW_TARGET_MINUS_1CM,0.2869746685028076,-0.013025331497192372
1147,11.47,BELOW_TARGET_MINUS_1CM,0.286955326795578,-0.013044673204421986
1148,11.48,BELOW_TARGET_MINUS_1CM,0.2869352698326111,-0.013064730167388905
1149,11.49,BELOW_TARGET_MINUS_1CM,0.28691449761390686,-0.013085502386093129
1150,11.5,BELOW_TARGET_MINUS_1CM,0.28689301013946533,-0.013106989860534657
1151,11.51,BELOW_TARGET_MINUS_1CM,0.2868708074092865,-0.01312919259071349
1152,11.52,BELOW_TARGET_MINUS_1CM,0.28684791922569275,-0.01315208077430724
1153,11.53,BELOW_TARGET_MINUS_1CM,0.2868243157863617,-0.013175684213638295
1154,11.540000000000001,BELOW_TARGET_MINUS_1CM,0.28679999709129333,-0.013200002908706654
1155,11.55,BELOW_TARGET_MINUS_1CM,0.28677496314048767,-0.013225036859512318
1156,11.56,BELOW_TARGET_MINUS_1CM,0.2867492437362671,-0.013250756263732899
1157,11.57,BELOW_TARGET_MINUS_1CM,0.2867228388786316,-0.013277161121368397
1158,11.58,BELOW_TARGET_MINUS_1CM,0.2866957485675812,-0.013304251432418812
1159,11.59,BELOW_TARGET_MINUS_1CM,0.28666797280311584,-0.013332027196884144
1160,11.6,BELOW_TARGET_MINUS_1CM,0.286639541387558,-0.013360458612442005
1161,11.61,BELOW_TARGET_MINUS_1CM,0.2866104543209076,-0.013389545679092396
1162,11.620000000000001,BELOW_TARGET_MINUS_1CM,0.2865807116031647,-0.013419288396835316
1163,11.63,BELOW_TARGET_MINUS_1CM,0.2865503430366516,-0.013449656963348378
1164,11.64,BELOW_TARGET_MINUS_1CM,0.2865193486213684,-0.01348065137863158
1165,11.65,BELOW_TARGET_MINUS_1CM,0.28648775815963745,-0.013512241840362538
1166,11.66,BELOW_TARGET_MINUS_1CM,0.28645557165145874,-0.013544428348541249
1167,11.67,BELOW_TARGET_MINUS_1CM,0.28642281889915466,-0.013577181100845326
1168,11.68,BELOW_TARGET_MINUS_1CM,0.2863895297050476,-0.013610470294952381
1169,11.69,BELOW_TARGET_MINUS_1CM,0.2863556742668152,-0.013644325733184803
1170,11.700000000000001,BELOW_TARGET_MINUS_1CM,0.28632134199142456,-0.013678658008575428
1171,11.71,BELOW_TARGET_MINUS_1CM,0.28628650307655334,-0.013713496923446644
1172,11.72,BELOW_TARGET_MINUS_1CM,0.2862512171268463,-0.013748782873153675
1173,11.73,BELOW_TARGET_MINUS_1CM,0.2862154543399811,-0.01378454566001891
1174,11.74,BELOW_TARGET_MINUS_1CM,0.2861793041229248,-0.013820695877075184
1175,11.75,BELOW_TARGET_MINUS_1CM,0.2861427664756775,-0.013857233524322499
1176,11.76,BELOW_TARGET_MINUS_1CM,0.2861058712005615,-0.013894128799438465
1177,11.77,BELOW_TARGET_MINUS_1CM,0.2860686480998993,-0.013931351900100697
1178,11.78,BELOW_TARGET_MINUS_1CM,0.2860310971736908,-0.013968902826309193
1179,11.790000000000001,BELOW_TARGET_MINUS_1CM,0.2859933078289032,-0.01400669217109679
1180,11.8,BELOW_TARGET_MINUS_1CM,0.2859552800655365,-0.01404471993446349
1181,11.81,BELOW_TARGET_MINUS_1CM,0.2859170436859131,-0.014082956314086903
1182,11.82,BELOW_TARGET_MINUS_1CM,0.28587862849235535,-0.014121371507644642
1183,11.83,BELOW_TARGET_MINUS_1CM,0.28584009408950806,-0.014159905910491932
1184,11.84,BELOW_TARGET_MINUS_1CM,0.2858014702796936,-0.014198529720306385
1185,11.85,BELOW_TARGET_MINUS_1CM,0.285762757062912,-0.014237242937088002
1186,11.86,BELOW_TARGET_MINUS_1CM,0.28572407364845276,-0.01427592635154723
1187,11.870000000000001,BELOW_TARGET_MINUS_1CM,0.28568536043167114,-0.014314639568328846
1188,11.88,BELOW_TARGET_MINUS_1CM,0.2856467366218567,-0.0143532633781433
1189,11.89,BELOW_TARGET_MINUS_1CM,0.285608172416687,-0.014391827583312977
1190,11.9,BELOW_TARGET_MINUS_1CM,0.28556978702545166,-0.014430212974548329
1191,11.91,BELOW_TARGET_MINUS_1CM,0.28553155064582825,-0.014468449354171742
1192,11.92,BELOW_TARGET_MINUS_1CM,0.28549355268478394,-0.014506447315216053
1193,11.93,BELOW_TARGET_MINUS_1CM,0.2854557931423187,-0.014544206857681263
1194,11.94,BELOW_TARGET_MINUS_1CM,0.2854183614253998,-0.014581638574600209
1195,11.950000000000001,BELOW_TARGET_MINUS_1CM,0.2853812277317047,-0.014618772268295277
1196,11.96,BELOW_TARGET_MINUS_1CM,0.28534451127052307,-0.014655488729476918
1197,11.97,BELOW_TARGET_MINUS_1CM,0.28530821204185486,-0.01469178795814513
1198,11.98,BELOW_TARGET_MINUS_1CM,0.28527238965034485,-0.01472761034965514
1199,11.99,BELOW_TARGET_MINUS_1CM,0.28523704409599304,-0.014762955904006947
1200,12.0,BELOW_TARGET_MINUS_1CM,0.285202294588089,-0.014797705411911
1201,12.01,BELOW_TARGET_MINUS_1CM,0.2851680815219879,-0.014831918478012074
1202,12.02,BELOW_TARGET_MINUS_1CM,0.28513452410697937,-0.014865475893020619
1203,12.030000000000001,BELOW_TARGET_MINUS_1CM,0.28510162234306335,-0.014898377656936634
1204,12.040000000000001,BELOW_TARGET_MINUS_1CM,0.28506943583488464,-0.014930564165115345
1205,12.05,BELOW_TARGET_MINUS_1CM,0.2850379943847656,-0.014962005615234364
1206,12.06,BELOW_TARGET_MINUS_1CM,0.2850073277950287,-0.014992672204971302
1207,12.07,BELOW_TARGET_MINUS_1CM,0.2849774658679962,-0.015022534132003773
1208,12.08,BELOW_TARGET_MINUS_1CM,0.284948468208313,-0.015051531791687
1209,12.09,BELOW_TARGET_MINUS_1CM,0.2849203646183014,-0.015079635381698597
1210,12.1,BELOW_TARGET_MINUS_1CM,0.2848931550979614,-0.015106844902038563
1211,12.11,BELOW_TARGET_MINUS_1CM,0.28486689925193787,-0.015133100748062123
1212,12.120000000000001,BELOW_TARGET_MINUS_1CM,0.2848416268825531,-0.015158373117446888
1213,12.13,BELOW_TARGET_MINUS_1CM,0.2848173677921295,-0.015182632207870472
1214,12.14,BELOW_TARGET_MINUS_1CM,0.2847941517829895,-0.015205848217010487
1215,12.15,BELOW_TARGET_MINUS_1CM,0.28477197885513306,-0.015228021144866932
1216,12.16,BELOW_TARGET_MINUS_1CM,0.28475090861320496,-0.015249091386795033
1217,12.17,BELOW_TARGET_MINUS_1CM,0.2847309112548828,-0.015269088745117176
1218,12.18,BELOW_TARGET_MINUS_1CM,0.2847120761871338,-0.0152879238128662
1219,12.19,BELOW_TARGET_MINUS_1CM,0.2846944034099579,-0.015305596590042103
1220,12.200000000000001,BELOW_TARGET_MINUS_1CM,0.2846778631210327,-0.015322136878967274
1221,12.21,BELOW_TARGET_MINUS_1CM,0.28466254472732544,-0.01533745527267455
1222,12.22,BELOW_TARGET_MINUS_1CM,0.2846483886241913,-0.015351611375808705
1223,12.23,BELOW_TARGET_MINUS_1CM,0.284635454416275,-0.015364545583724964
1224,12.24,BELOW_TARGET_MINUS_1CM,0.28462374210357666,-0.015376257896423329
1225,12.25,BELOW_TARGET_MINUS_1CM,0.2846132814884186,-0.01538671851158141
1226,12.26,BELOW_TARGET_MINUS_1CM,0.284604012966156,-0.015395987033843983
1227,12.27,BELOW_TARGET_MINUS_1CM,0.2845960259437561,-0.015403974056243885
1228,12.280000000000001,BELOW_TARGET_MINUS_1CM,0.2845892608165741,-0.015410739183425892
1229,12.290000000000001,BELOW_TARGET_MINUS_1CM,0.2845837473869324,-0.015416252613067616
1230,12.3,BELOW_TARGET_MINUS_1CM,0.28457945585250854,-0.015420544147491444
1231,12.31,BELOW_TARGET_MINUS_1CM,0.2845764458179474,-0.015423554182052601
1232,12.32,BELOW_TARGET_MINUS_1CM,0.28457462787628174,-0.01542537212371825
1233,12.33,BELOW_TARGET_MINUS_1CM,0.28457406163215637,-0.015425938367843617
1234,12.34,BELOW_TARGET_MINUS_1CM,0.2845747172832489,-0.015425282716751088
1235,12.35,BELOW_TARGET_MINUS_1CM,0.2845765948295593,-0.015423405170440663
1236,12.36,BELOW_TARGET_MINUS_1CM,0.28457963466644287,-0.015420365333557118
1237,12.370000000000001,BELOW_TARGET_MINUS_1CM,0.2845838963985443,-0.015416103601455677
1238,12.38,BELOW_TARGET_MINUS_1CM,0.2845892906188965,-0.015410709381103505
1239,12.39,BELOW_TARGET_MINUS_1CM,0.28459587693214417,-0.015404123067855824
1240,12.4,BELOW_TARGET_MINUS_1CM,0.2846035659313202,-0.015396434068679798
1241,12.41,BELOW_TARGET_MINUS_1CM,0.28461235761642456,-0.015387642383575428
1242,12.42,BELOW_TARGET_MINUS_1CM,0.2846222519874573,-0.015377748012542714
1243,12.43,BELOW_TARGET_MINUS_1CM,0.28463321924209595,-0.015366780757904042
1244,12.44,BELOW_TARGET_MINUS_1CM,0.2846452295780182,-0.0153547704219818
1245,12.450000000000001,BELOW_TARGET_MINUS_1CM,0.2846582233905792,-0.015341776609420765
1246,12.46,BELOW_TARGET_MINUS_1CM,0.28467223048210144,-0.015327769517898548
1247,12.47,BELOW_TARGET_MINUS_1CM,0.2846871614456177,-0.015312838554382313
1248,12.48,BELOW_TARGET_MINUS_1CM,0.2847030460834503,-0.015296953916549672
1249,12.49,BELOW_TARGET_MINUS_1CM,0.2847198247909546,-0.015280175209045399
1250,12.5,BELOW_TARGET_MINUS_1CM,0.2847374379634857,-0.015262562036514271
1251,12.51,BELOW_TARGET_MINUS_1CM,0.2847559154033661,-0.0152440845966339
1252,12.52,BELOW_TARGET_MINUS_1CM,0.28477516770362854,-0.015224832296371449
1253,12.530000000000001,BELOW_TARGET_MINUS_1CM,0.2847951650619507,-0.015204834938049305
1254,12.540000000000001,BELOW_TARGET_MINUS_1CM,0.2848159074783325,-0.01518409252166747
1255,12.55,BELOW_TARGET_MINUS_1CM,0.2848373353481293,-0.015162664651870716
1256,12.56,BELOW_TARGET_MINUS_1CM,0.28485938906669617,-0.015140610933303822
1257,12.57,BELOW_TARGET_MINUS_1CM,0.2848820686340332,-0.015117931365966786
1258,12.58,BELOW_TARGET_MINUS_1CM,0.2849053144454956,-0.015094685554504383
1259,12.59,BELOW_TARGET_MINUS_1CM,0.2849291265010834,-0.015070873498916615
1260,12.6,BELOW_TARGET_MINUS_1CM,0.28495338559150696,-0.015046614408493031
1261,12.61,BELOW_TARGET_MINUS_1CM,0.28497815132141113,-0.015021848678588856
1262,12.620000000000001,BELOW_TARGET_MINUS_1CM,0.28500330448150635,-0.014996695518493641
1263,12.63,BELOW_TARGET_MINUS_1CM,0.2850288450717926,-0.014971154928207386
1264,12.64,BELOW_TARGET_MINUS_1CM,0.2850547432899475,-0.014945256710052479
1265,12.65,BELOW_TARGET_MINUS_1CM,0.2850809395313263,-0.014919060468673695
1266,12.66,BELOW_TARGET_MINUS_1CM,0.28510740399360657,-0.014892596006393422
1267,12.67,BELOW_TARGET_MINUS_1CM,0.28513407707214355,-0.014865922927856434
1268,12.68,BELOW_TARGET_MINUS_1CM,0.28516095876693726,-0.014839041233062733
1269,12.69,BELOW_TARGET_MINUS_1CM,0.2851879894733429,-0.014812010526657093
1270,12.700000000000001,BELOW_TARGET_MINUS_1CM,0.2852151393890381,-0.014784860610961903
1271,12.71,BELOW_TARGET_MINUS_1CM,0.28524234890937805,-0.014757651090621937
1272,12.72,BELOW_TARGET_MINUS_1CM,0.2852696478366852,-0.014730352163314808
1273,12.73,BELOW_TARGET_MINUS_1CM,0.2852969169616699,-0.014703083038330067
1274,12.74,BELOW_TARGET_MINUS_1CM,0.28532418608665466,-0.014675813913345326
1275,12.75,BELOW_TARGET_MINUS_1CM,0.28535139560699463,-0.01464860439300536
1276,12.76,BELOW_TARGET_MINUS_1CM,0.28537851572036743,-0.014621484279632557
1277,12.77,BELOW_TARGET_MINUS_1CM,0.2854055166244507,-0.014594483375549305
1278,12.780000000000001,BELOW_TARGET_MINUS_1CM,0.2854323387145996,-0.01456766128540038
1279,12.790000000000001,BELOW_TARGET_MINUS_1CM,0.2854590117931366,-0.014540988206863392
1280,12.8,BELOW_TARGET_MINUS_1CM,0.28548547625541687,-0.014514523744583119
1281,12.81,BELOW_TARGET_MINUS_1CM,0.28551170229911804,-0.014488297700881947
1282,12.82,BELOW_TARGET_MINUS_1CM,0.2855376601219177,-0.014462339878082264
1283,12.83,BELOW_TARGET_MINUS_1CM,0.2855633497238159,-0.014436650276184071
1284,12.84,BELOW_TARGET_MINUS_1CM,0.28558871150016785,-0.014411288499832142
1285,12.85,BELOW_TARGET_MINUS_1CM,0.2856137454509735,-0.014386254549026478
1286,12.86,BELOW_TARGET_MINUS_1CM,0.2856384217739105,-0.014361578226089466
1287,12.870000000000001,BELOW_TARGET_MINUS_1CM,0.2856627106666565,-0.014337289333343495
1288,12.88,BELOW_TARGET_MINUS_1CM,0.2856866121292114,-0.014313387870788563
1289,12.89,BELOW_TARGET_MINUS_1CM,0.28571009635925293,-0.01428990364074706
1290,12.9,BELOW_TARGET_MINUS_1CM,0.2857331335544586,-0.01426686644554137
1291,12.91,BELOW_TARGET_MINUS_1CM,0.2857557237148285,-0.014244276285171498
1292,12.92,BELOW_TARGET_MINUS_1CM,0.28577786684036255,-0.01422213315963744
1293,12.93,BELOW_TARGET_MINUS_1CM,0.285799503326416,-0.014200496673583973
1294,12.94,BELOW_TARGET_MINUS_1CM,0.28582069277763367,-0.014179307222366322
1295,12.950000000000001,BELOW_TARGET_MINUS_1CM,0.28584134578704834,-0.014158654212951649
1296,12.96,BELOW_TARGET_MINUS_1CM,0.2858614921569824,-0.014138507843017567
1297,12.97,BELOW_TARGET_MINUS_1CM,0.2858811020851135,-0.014118897914886464
1298,12.98,BELOW_TARGET_MINUS_1CM,0.28590017557144165,-0.014099824428558339
1299,12.99,BELOW_TARGET_MINUS_1CM,0.2859187126159668,-0.014081287384033192
1300,13.0,BELOW_TARGET_MINUS_1CM,0.28593671321868896,-0.014063286781311024
1301,13.01,BELOW_TARGET_MINUS_1CM,0.28595414757728577,-0.014045852422714222
1302,13.02,BELOW_TARGET_MINUS_1CM,0.2859710156917572,-0.014028984308242787
1303,13.030000000000001,BELOW_TARGET_MINUS_1CM,0.28598731756210327,-0.014012682437896717
1304,13.040000000000001,BELOW_TARGET_MINUS_1CM,0.28600308299064636,-0.013996917009353627
1305,13.05,BELOW_TARGET_MINUS_1CM,0.2860182523727417,-0.01398174762725829
1306,13.06,BELOW_TARGET_MINUS_1CM,0.28603285551071167,-0.013967144489288319
1307,13.07,BELOW_TARGET_MINUS_1CM,0.2860468626022339,-0.013953137397766102
1308,13.08,BELOW_TARGET_MINUS_1CM,0.28606030344963074,-0.013939696550369252
1309,13.09,BELOW_TARGET_MINUS_1CM,0.2860731780529022,-0.013926821947097767
1310,13.1,BELOW_TARGET_MINUS_1CM,0.28608548641204834,-0.013914513587951649
1311,13.11,BELOW_TARGET_MINUS_1CM,0.2860971987247467,-0.013902801275253285
1312,13.120000000000001,BELOW_TARGET_MINUS_1CM,0.2861083447933197,-0.013891655206680287
1313,13.13,BELOW_TARGET_MINUS_1CM,0.28611889481544495,-0.013881105184555043
1314,13.14,BELOW_TARGET_MINUS_1CM,0.2861289083957672,-0.013871091604232777
1315,13.15,BELOW_TARGET_MINUS_1CM,0.2861383259296417,-0.013861674070358265
1316,13.16,BELOW_TARGET_MINUS_1CM,0.28614717721939087,-0.01385282278060912
1317,13.17,BELOW_TARGET_MINUS_1CM,0.28615546226501465,-0.01384453773498534
1318,13.18,BELOW_TARGET_MINUS_1CM,0.28616318106651306,-0.013836818933486927
1319,13.19,BELOW_TARGET_MINUS_1CM,0.28617048263549805,-0.013829517364501942
1320,13.200000000000001,BELOW_TARGET_MINUS_1CM,0.28617778420448303,-0.013822215795516957
1321,13.21,BELOW_TARGET_MINUS_1CM,0.28618520498275757,-0.01381479501724242
1322,13.22,BELOW_TARGET_MINUS_1CM,0.28619229793548584,-0.013807702064514149
1323,13.23,BELOW_TARGET_MINUS_1CM,0.28619879484176636,-0.013801205158233631
1324,13.24,BELOW_TARGET_MINUS_1CM,0.28620481491088867,-0.013795185089111317
1325,13.25,BELOW_TARGET_MINUS_1CM,0.28621014952659607,-0.01378985047340392
1326,13.26,BELOW_TARGET_MINUS_1CM,0.2862147390842438,-0.013785260915756214
1327,13.27,BELOW_TARGET_MINUS_1CM,0.2862185537815094,-0.01378144621849059
1328,13.280000000000001,BELOW_TARGET_MINUS_1CM,0.28622159361839294,-0.013778406381607045
1329,13.290000000000001,BELOW_TARGET_MINUS_1CM,0.286223828792572,-0.013776171207427967
1330,13.3,BELOW_TARGET_MINUS_1CM,0.28622525930404663,-0.013774740695953358
1331,13.31,BELOW_TARGET_MINUS_1CM,0.2862258851528168,-0.013774114847183216
1332,13.32,BELOW_TARGET_MINUS_1CM,0.28622570633888245,-0.013774293661117543
1333,13.33,BELOW_TARGET_MINUS_1CM,0.28622475266456604,-0.013775247335433949
1334,13.34,BELOW_TARGET_MINUS_1CM,0.28622299432754517,-0.013777005672454823
1335,13.35,BELOW_TARGET_MINUS_1CM,0.2862204909324646,-0.01377950906753539
1336,13.36,BELOW_TARGET_MINUS_1CM,0.28621724247932434,-0.013782757520675648
1337,13.370000000000001,BELOW_TARGET_MINUS_1CM,0.2862132489681244,-0.0137867510318756
1338,13.38,BELOW_TARGET_MINUS_1CM,0.28620854020118713,-0.013791459798812855
1339,13.39,BELOW_TARGET_MINUS_1CM,0.2862031161785126,-0.013796883821487416
1340,13.4,BELOW_TARGET_MINUS_1CM,0.2861970067024231,-0.013802993297576893
1341,13.41,BELOW_TARGET_MINUS_1CM,0.2861902415752411,-0.0138097584247589
1342,13.42,BELOW_TARGET_MINUS_1CM,0.28618279099464417,-0.013817209005355824
1343,13.43,BELOW_TARGET_MINUS_1CM,0.2861746847629547,-0.013825315237045277
1344,13.44,BELOW_TARGET_MINUS_1CM,0.28616592288017273,-0.01383407711982726
1345,13.450000000000001,BELOW_TARGET_MINUS_1CM,0.286156564950943,-0.013843435049056996
1346,13.46,BELOW_TARGET_MINUS_1CM,0.2861465811729431,-0.013853418827056874
1347,13.47,BELOW_TARGET_MINUS_1CM,0.2861360013484955,-0.013863998651504505
1348,13.48,BELOW_TARGET_MINUS_1CM,0.286125123500824,-0.013874876499176014
1349,13.49,BELOW_TARGET_MINUS_1CM,0.2861144542694092,-0.01388554573059081
1350,13.5,BELOW_TARGET_MINUS_1CM,0.2861037850379944,-0.013896214962005604
1351,13.51,BELOW_TARGET_MINUS_1CM,0.28609275817871094,-0.013907241821289051
1352,13.52,BELOW_TARGET_MINUS_1CM,0.2860814034938812,-0.013918596506118763
1353,13.530000000000001,BELOW_TARGET_MINUS_1CM,0.28606975078582764,-0.013930249214172352
1354,13.540000000000001,BELOW_TARGET_MINUS_1CM,0.28605759143829346,-0.013942408561706532
1355,13.55,BELOW_TARGET_MINUS_1CM,0.2860448956489563,-0.01395510435104369
1356,13.56,BELOW_TARGET_MINUS_1CM,0.28603169322013855,-0.013968306779861439
1357,13.57,BELOW_TARGET_MINUS_1CM,0.28601792454719543,-0.013982075452804554
1358,13.58,BELOW_TARGET_MINUS_1CM,0.2860035002231598,-0.013996499776840199
1359,13.59,BELOW_TARGET_MINUS_1CM,0.2859884798526764,-0.014011520147323597
1360,13.6,BELOW_TARGET_MINUS_1CM,0.28597283363342285,-0.014027166366577137
1361,13.61,BELOW_TARGET_MINUS_1CM,0.2859565019607544,-0.014043498039245594
1362,13.620000000000001,BELOW_TARGET_MINUS_1CM,0.2859395146369934,-0.01406048536300658
1363,13.63,BELOW_TARGET_MINUS_1CM,0.2859218418598175,-0.014078158140182484
1364,13.64,BELOW_TARGET_MINUS_1CM,0.2859034836292267,-0.014096516370773304
1365,13.65,BELOW_TARGET_MINUS_1CM,0.28588443994522095,-0.014115560054779042
1366,13.66,BELOW_TARGET_MINUS_1CM,0.2858647108078003,-0.014135289192199696
1367,13.67,BELOW_TARGET_MINUS_1CM,0.28584426641464233,-0.014155733585357655
1368,13.68,BELOW_TARGET_MINUS_1CM,0.28582313656806946,-0.014176863431930531
1369,13.69,BELOW_TARGET_MINUS_1CM,0.2858012914657593,-0.014198708534240712
1370,13.700000000000001,BELOW_TARGET_MINUS_1CM,0.2857787609100342,-0.01422123908996581
1371,13.71,BELOW_TARGET_MINUS_1CM,0.28575554490089417,-0.014244455099105824
1372,13.72,BELOW_TARGET_MINUS_1CM,0.28573161363601685,-0.014268386363983143
1373,13.73,BELOW_TARGET_MINUS_1CM,0.2857069969177246,-0.01429300308227538
1374,13.74,BELOW_TARGET_MINUS_1CM,0.28568172454833984,-0.014318275451660145
1375,13.75,BELOW_TARGET_MINUS_1CM,0.2856557369232178,-0.014344263076782215
1376,13.76,BELOW_TARGET_MINUS_1CM,0.2856290936470032,-0.014370906352996815
1377,13.77,BELOW_TARGET_MINUS_1CM,0.28560176491737366,-0.014398235082626332
1378,13.780000000000001,BELOW_TARGET_MINUS_1CM,0.285573810338974,-0.01442618966102599
1379,13.790000000000001,BELOW_TARGET_MINUS_1CM,0.2855451703071594,-0.014454829692840565
1380,13.8,BELOW_TARGET_MINUS_1CM,0.2855159342288971,-0.014484065771102894
1381,13.81,BELOW_TARGET_MINUS_1CM,0.28548604249954224,-0.014513957500457753
1382,13.82,BELOW_TARGET_MINUS_1CM,0.2854555547237396,-0.014544445276260365
1383,13.83,BELOW_TARGET_MINUS_1CM,0.28542447090148926,-0.014575529098510731
1384,13.84,BELOW_TARGET_MINUS_1CM,0.28539279103279114,-0.014607208967208851
1385,13.85,BELOW_TARGET_MINUS_1CM,0.28536054491996765,-0.014639455080032338
1386,13.86,BELOW_TARGET_MINUS_1CM,0.2853277623653412,-0.014672237634658802
1387,13.870000000000001,BELOW_TARGET_MINUS_1CM,0.28529444336891174,-0.014705556631088246
1388,13.88,BELOW_TARGET_MINUS_1CM,0.2852606475353241,-0.014739352464675892
1389,13.89,BELOW_TARGET_MINUS_1CM,0.28522634506225586,-0.01477365493774413
1390,13.9,BELOW_TARGET_MINUS_1CM,0.2851915657520294,-0.01480843424797057
1391,13.91,BELOW_TARGET_MINUS_1CM,0.28515636920928955,-0.014843630790710438
1392,13.92,BELOW_TARGET_MINUS_1CM,0.28512072563171387,-0.014879274368286122
1393,13.93,BELOW_TARGET_MINUS_1CM,0.28508472442626953,-0.014915275573730458
1394,13.94,BELOW_TARGET_MINUS_1CM,0.28504836559295654,-0.014951634407043446
1395,13.950000000000001,BELOW_TARGET_MINUS_1CM,0.2850116789340973,-0.014988321065902699
1396,13.96,BELOW_TARGET_MINUS_1CM,0.2849746644496918,-0.015025335550308216
1397,13.97,BELOW_TARGET_MINUS_1CM,0.28493741154670715,-0.015062588453292836
1398,13.98,BELOW_TARGET_MINUS_1CM,0.28489989042282104,-0.015100109577178944
1399,13.99,BELOW_TARGET_MINUS_1CM,0.2848621904850006,-0.015137809514999379
1400,14.0,BELOW_TARGET_MINUS_1CM,0.28482428193092346,-0.015175718069076527
1401,14.01,BELOW_TARGET_MINUS_1CM,0.28478628396987915,-0.015213716030120839
1402,14.02,BELOW_TARGET_MINUS_1CM,0.2847481667995453,-0.0152518332004547
1403,14.030000000000001,BELOW_TARGET_MINUS_1CM,0.28470996022224426,-0.015290039777755726
1404,14.040000000000001,BELOW_TARGET_MINUS_1CM,0.28467175364494324,-0.015328246355056752
1405,14.05,BELOW_TARGET_MINUS_1CM,0.2846335470676422,-0.015366452932357777
1406,14.06,BELOW_TARGET_MINUS_1CM,0.28459540009498596,-0.015404599905014027
1407,14.07,BELOW_TARGET_MINUS_1CM,0.2845573425292969,-0.015442657470703114
1408,14.08,BELOW_TARGET_MINUS_1CM,0.28451940417289734,-0.01548059582710265
1409,14.09,BELOW_TARGET_MINUS_1CM,0.28448164463043213,-0.01551835536956786
1410,14.1,BELOW_TARGET_MINUS_1CM,0.28444406390190125,-0.015555936098098744
1411,14.11,BELOW_TARGET_MINUS_1CM,0.28440678119659424,-0.01559321880340575
1412,14.120000000000001,BELOW_TARGET_MINUS_1CM,0.28436973690986633,-0.015630263090133656
1413,14.13,BELOW_TARGET_MINUS_1CM,0.2843330502510071,-0.01566694974899291
1414,14.14,BELOW_TARGET_MINUS_1CM,0.28429675102233887,-0.01570324897766112
1415,14.15,BELOW_TARGET_MINUS_1CM,0.2842608392238617,-0.015739160776138295
1416,14.16,BELOW_TARGET_MINUS_1CM,0.2842254042625427,-0.015774595737457264
1417,14.17,BELOW_TARGET_MINUS_1CM,0.28419044613838196,-0.01580955386161803
1418,14.18,BELOW_TARGET_MINUS_1CM,0.28415602445602417,-0.01584397554397582
1419,14.19,BELOW_TARGET_MINUS_1CM,0.28412219882011414,-0.015877801179885853
1420,14.200000000000001,BELOW_TARGET_MINUS_1CM,0.28408896923065186,-0.015911030769348133
1421,14.21,BELOW_TARGET_MINUS_1CM,0.2840563952922821,-0.015943604707717884
1422,14.22,BELOW_TARGET_MINUS_1CM,0.28402450680732727,-0.01597549319267272
1423,14.23,BELOW_TARGET_MINUS_1CM,0.28399336338043213,-0.01600663661956786
1424,14.24,BELOW_TARGET_MINUS_1CM,0.2839629650115967,-0.01603703498840331
1425,14.25,BELOW_TARGET_MINUS_1CM,0.2839334011077881,-0.016066598892211903
1426,14.26,BELOW_TARGET_MINUS_1CM,0.28390464186668396,-0.01609535813331603
1427,14.27,BELOW_TARGET_MINUS_1CM,0.28387677669525146,-0.016123223304748524
1428,14.280000000000001,BELOW_TARGET_MINUS_1CM,0.2838498055934906,-0.01615019440650939
1429,14.290000000000001,BELOW_TARGET_MINUS_1CM,0.28382375836372375,-0.016176241636276234
1430,14.3,BELOW_TARGET_MINUS_1CM,0.2837986946105957,-0.016201305389404286
1431,14.31,BELOW_TARGET_MINUS_1CM,0.28377461433410645,-0.016225385665893544
1432,14.32,BELOW_TARGET_MINUS_1CM,0.28375157713890076,-0.016248422861099232
1433,14.33,BELOW_TARGET_MINUS_1CM,0.28372955322265625,-0.01627044677734374
1434,14.34,BELOW_TARGET_MINUS_1CM,0.2837086319923401,-0.0162913680076599
1435,14.35,BELOW_TARGET_MINUS_1CM,0.28368881344795227,-0.01631118655204772
1436,14.36,BELOW_TARGET_MINUS_1CM,0.2836700975894928,-0.01632990241050719
1437,14.370000000000001,BELOW_TARGET_MINUS_1CM,0.28365251421928406,-0.01634748578071593
1438,14.38,BELOW_TARGET_MINUS_1CM,0.28363609313964844,-0.01636390686035155
1439,14.39,BELOW_TARGET_MINUS_1CM,0.28362083435058594,-0.01637916564941405
1440,14.4,BELOW_TARGET_MINUS_1CM,0.28360676765441895,-0.016393232345581044
1441,14.41,BELOW_TARGET_MINUS_1CM,0.28359392285346985,-0.01640607714653014
1442,14.42,BELOW_TARGET_MINUS_1CM,0.28358227014541626,-0.01641772985458373
1443,14.43,BELOW_TARGET_MINUS_1CM,0.28357183933258057,-0.016428160667419422
1444,14.44,BELOW_TARGET_MINUS_1CM,0.28356263041496277,-0.01643736958503722
1445,14.450000000000001,BELOW_TARGET_MINUS_1CM,0.28355467319488525,-0.016445326805114735
1446,14.46,BELOW_TARGET_MINUS_1CM,0.28354793787002563,-0.016452062129974354
1447,14.47,BELOW_TARGET_MINUS_1CM,0.2835424542427063,-0.01645754575729369
1448,14.48,BELOW_TARGET_MINUS_1CM,0.28353819251060486,-0.01646180748939513
1449,14.49,BELOW_TARGET_MINUS_1CM,0.2835351824760437,-0.016464817523956288
1450,14.5,BELOW_TARGET_MINUS_1CM,0.28353339433670044,-0.01646660566329955
1451,14.51,BELOW_TARGET_MINUS_1CM,0.2835328280925751,-0.016467171907424916
1452,14.52,BELOW_TARGET_MINUS_1CM,0.2835334837436676,-0.016466516256332386
1453,14.530000000000001,BELOW_TARGET_MINUS_1CM,0.28353533148765564,-0.01646466851234435
1454,14.540000000000001,BELOW_TARGET_MINUS_1CM,0.2835384011268616,-0.016461598873138417
1455,14.55,BELOW_TARGET_MINUS_1CM,0.2835426330566406,-0.016457366943359364
1456,14.56,BELOW_TARGET_MINUS_1CM,0.2835480570793152,-0.016451942920684803
1457,14.57,BELOW_TARGET_MINUS_1CM,0.2835546135902405,-0.01644538640975951
1458,14.58,BELOW_TARGET_MINUS_1CM,0.2835623025894165,-0.016437697410583485
1459,14.59,BELOW_TARGET_MINUS_1CM,0.2835710942745209,-0.016428905725479115
1460,14.6,BELOW_TARGET_MINUS_1CM,0.283581018447876,-0.016418981552124012
1461,14.61,BELOW_TARGET_MINUS_1CM,0.28359198570251465,-0.01640801429748534
1462,14.620000000000001,BELOW_TARGET_MINUS_1CM,0.2836039960384369,-0.0163960039615631
1463,14.63,BELOW_TARGET_MINUS_1CM,0.2836170196533203,-0.016382980346679676
1464,14.64,BELOW_TARGET_MINUS_1CM,0.28363102674484253,-0.01636897325515746
1465,14.65,BELOW_TARGET_MINUS_1CM,0.28364601731300354,-0.01635398268699645
1466,14.66,BELOW_TARGET_MINUS_1CM,0.28366193175315857,-0.01633806824684142
1467,14.67,BELOW_TARGET_MINUS_1CM,0.2836787700653076,-0.01632122993469237
1468,14.68,BELOW_TARGET_MINUS_1CM,0.2836964428424835,-0.01630355715751647
1469,14.69,BELOW_TARGET_MINUS_1CM,0.28371497988700867,-0.016285020112991322
1470,14.700000000000001,BELOW_TARGET_MINUS_1CM,0.2837342917919159,-0.016265708208084095
1471,14.71,BELOW_TARGET_MINUS_1CM,0.2837544083595276,-0.0162455916404724
1472,14.72,BELOW_TARGET_MINUS_1CM,0.2837752401828766,-0.016224759817123402
1473,14.73,BELOW_TARGET_MINUS_1CM,0.2837967574596405,-0.016203242540359486
1474,14.74,BELOW_TARGET_MINUS_1CM,0.28381896018981934,-0.016181039810180653
1475,14.75,BELOW_TARGET_MINUS_1CM,0.2838417887687683,-0.01615821123123168
1476,14.76,BELOW_TARGET_MINUS_1CM,0.28386518359184265,-0.016134816408157338
1477,14.77,BELOW_TARGET_MINUS_1CM,0.28388914465904236,-0.01611085534095763
1478,14.780000000000001,BELOW_TARGET_MINUS_1CM,0.28391361236572266,-0.016086387634277333
1479,14.790000000000001,BELOW_TARGET_MINUS_1CM,0.28393855690956116,-0.01606144309043883
1480,14.8,BELOW_TARGET_MINUS_1CM,0.2839639186859131,-0.016036081314086903
1481,14.81,BELOW_TARGET_MINUS_1CM,0.28398969769477844,-0.016010302305221547
1482,14.82,BELOW_TARGET_MINUS_1CM,0.28401583433151245,-0.015984165668487538
1483,14.83,BELOW_TARGET_MINUS_1CM,0.2840422987937927,-0.015957701206207264
1484,14.84,BELOW_TARGET_MINUS_1CM,0.2840690314769745,-0.0159309685230255
1485,14.85,BELOW_TARGET_MINUS_1CM,0.28409600257873535,-0.015903997421264637
1486,14.86,BELOW_TARGET_MINUS_1CM,0.28412318229675293,-0.01587681770324706
1487,14.870000000000001,BELOW_TARGET_MINUS_1CM,0.28415054082870483,-0.015849459171295155
1488,14.88,BELOW_TARGET_MINUS_1CM,0.2841780483722687,-0.015821951627731312
1489,14.89,BELOW_TARGET_MINUS_1CM,0.2842056155204773,-0.015794384479522694
1490,14.9,BELOW_TARGET_MINUS_1CM,0.2842332720756531,-0.015766727924346913
1491,14.91,BELOW_TARGET_MINUS_1CM,0.28426095843315125,-0.015739041566848744
1492,14.92,BELOW_TARGET_MINUS_1CM,0.2842886447906494,-0.015711355209350575
1493,14.93,BELOW_TARGET_MINUS_1CM,0.2843162715435028,-0.01568372845649718
1494,14.94,BELOW_TARGET_MINUS_1CM,0.2843438386917114,-0.015656161308288563
1495,14.950000000000001,BELOW_TARGET_MINUS_1CM,0.2843712866306305,-0.015628713369369496
1496,14.96,BELOW_TARGET_MINUS_1CM,0.28439861536026,-0.015601384639739979
1497,14.97,BELOW_TARGET_MINUS_1CM,0.2844257652759552,-0.015574234724044789
1498,14.98,BELOW_TARGET_MINUS_1CM,0.28445273637771606,-0.015547263622283924
1499,14.99,BELOW_TARGET_MINUS_1CM,0.2844794988632202,-0.015520501136779774
1500,15.0,BELOW_TARGET_MINUS_1CM,0.2845059931278229,-0.015494006872177113
1501,15.01,BELOW_TARGET_MINUS_1CM,0.28453221917152405,-0.015467780828475941
1502,15.02,BELOW_TARGET_MINUS_1CM,0.28455814719200134,-0.015441852807998646
1503,15.030000000000001,BELOW_TARGET_MINUS_1CM,0.2845837473869324,-0.015416252613067616
1504,15.040000000000001,BELOW_TARGET_MINUS_1CM,0.28460901975631714,-0.01539098024368285
1505,15.05,BELOW_TARGET_MINUS_1CM,0.28463390469551086,-0.015366095304489125
1506,15.06,BELOW_TARGET_MINUS_1CM,0.28465843200683594,-0.015341567993164051
1507,15.07,BELOW_TARGET_MINUS_1CM,0.2846825122833252,-0.015317487716674794
1508,15.08,BELOW_TARGET_MINUS_1CM,0.2847062051296234,-0.015293794870376576
1509,15.09,BELOW_TARGET_MINUS_1CM,0.2847294509410858,-0.015270549058914173
1510,15.1,BELOW_TARGET_MINUS_1CM,0.28475221991539,-0.015247780084609974
1511,15.11,BELOW_TARGET_MINUS_1CM,0.2847745418548584,-0.01522545814514159
1512,15.120000000000001,BELOW_TARGET_MINUS_1CM,0.2847963571548462,-0.015203642845153797
1513,15.13,BELOW_TARGET_MINUS_1CM,0.2848176956176758,-0.015182304382324208
1514,15.14,BELOW_TARGET_MINUS_1CM,0.2848384976387024,-0.015161502361297596
1515,15.15,BELOW_TARGET_MINUS_1CM,0.2848588228225708,-0.015141177177429188
1516,15.16,BELOW_TARGET_MINUS_1CM,0.28487858176231384,-0.015121418237686146
1517,15.17,BELOW_TARGET_MINUS_1CM,0.2848978042602539,-0.015102195739746083
1518,15.18,BELOW_TARGET_MINUS_1CM,0.284916490316391,-0.015083509683608998
1519,15.19,BELOW_TARGET_MINUS_1CM,0.2849346399307251,-0.015065360069274891
1520,15.200000000000001,BELOW_TARGET_MINUS_1CM,0.28495219349861145,-0.015047806501388539
1521,15.21,BELOW_TARGET_MINUS_1CM,0.2849692106246948,-0.015030789375305165
1522,15.22,BELOW_TARGET_MINUS_1CM,0.28498566150665283,-0.015014338493347157
1523,15.23,BELOW_TARGET_MINUS_1CM,0.2850015163421631,-0.014998483657836903
1524,15.24,BELOW_TARGET_MINUS_1CM,0.285016804933548,-0.014983195066452015
1525,15.25,BELOW_TARGET_MINUS_1CM,0.2850315272808075,-0.014968472719192494
1526,15.26,BELOW_TARGET_MINUS_1CM,0.28504565358161926,-0.014954346418380726
1527,15.27,BELOW_TARGET_MINUS_1CM,0.28505921363830566,-0.014940786361694325
1528,15.280000000000001,BELOW_TARGET_MINUS_1CM,0.2850721776485443,-0.014927822351455677
1529,15.290000000000001,BELOW_TARGET_MINUS_1CM,0.2850845456123352,-0.014915454387664784
1530,15.3,BELOW_TARGET_MINUS_1CM,0.2850963771343231,-0.014903622865676869
1531,15.31,BELOW_TARGET_MINUS_1CM,0.2851075828075409,-0.014892417192459095
1532,15.32,BELOW_TARGET_MINUS_1CM,0.2851182520389557,-0.0148817479610443
1533,15.33,BELOW_TARGET_MINUS_1CM,0.28512829542160034,-0.014871704578399647
1534,15.34,BELOW_TARGET_MINUS_1CM,0.285137802362442,-0.014862197637557972
1535,15.35,BELOW_TARGET_MINUS_1CM,0.28514671325683594,-0.014853286743164051
1536,15.36,BELOW_TARGET_MINUS_1CM,0.2851550579071045,-0.014844942092895497
1537,15.370000000000001,BELOW_TARGET_MINUS_1CM,0.2851628065109253,-0.014837193489074696
1538,15.38,BELOW_TARGET_MINUS_1CM,0.2851700186729431,-0.014829981327056874
1539,15.39,BELOW_TARGET_MINUS_1CM,0.2851766347885132,-0.014823365211486805
1540,15.4,BELOW_TARGET_MINUS_1CM,0.2851827144622803,-0.014817285537719715
1541,15.41,BELOW_TARGET_MINUS_1CM,0.2851885259151459,-0.014811474084854115
1542,15.42,BELOW_TARGET_MINUS_1CM,0.28519442677497864,-0.014805573225021351
1543,15.43,BELOW_TARGET_MINUS_1CM,0.28519999980926514,-0.014800000190734852
1544,15.44,BELOW_TARGET_MINUS_1CM,0.2852049767971039,-0.014795023202896107
1545,15.450000000000001,BELOW_TARGET_MINUS_1CM,0.28520938754081726,-0.014790612459182728
1546,15.46,BELOW_TARGET_MINUS_1CM,0.2852131724357605,-0.01478682756423949
1547,15.47,BELOW_TARGET_MINUS_1CM,0.28521618247032166,-0.014783817529678334
1548,15.48,BELOW_TARGET_MINUS_1CM,0.2852184474468231,-0.014781552553176869
1549,15.49,BELOW_TARGET_MINUS_1CM,0.2852199673652649,-0.014780032634735096
1550,15.5,BELOW_TARGET_MINUS_1CM,0.2852206826210022,-0.014779317378997792
1551,15.51,BELOW_TARGET_MINUS_1CM,0.28522059321403503,-0.014779406785964955
1552,15.52,BELOW_TARGET_MINUS_1CM,0.2852197289466858,-0.014780271053314198
1553,15.530000000000001,BELOW_TARGET_MINUS_1CM,0.2852180600166321,-0.014781939983367909
1554,15.540000000000001,BELOW_TARGET_MINUS_1CM,0.2852156162261963,-0.0147843837738037
1555,15.55,BELOW_TARGET_MINUS_1CM,0.2852123975753784,-0.014787602424621571
1556,15.56,BELOW_TARGET_MINUS_1CM,0.28520846366882324,-0.014791536331176747
1557,15.57,BELOW_TARGET_MINUS_1CM,0.285203754901886,-0.014796245098114003
1558,15.58,BELOW_TARGET_MINUS_1CM,0.2851983308792114,-0.014801669120788563
1559,15.59,BELOW_TARGET_MINUS_1CM,0.28519219160079956,-0.014807808399200428
1560,15.6,BELOW_TARGET_MINUS_1CM,0.2851853668689728,-0.01481463313102721
1561,15.610000000000001,BELOW_TARGET_MINUS_1CM,0.2851778268814087,-0.014822173118591297
1562,15.620000000000001,BELOW_TARGET_MINUS_1CM,0.2851696312427521,-0.014830368757247914
1563,15.63,BELOW_TARGET_MINUS_1CM,0.28516098856925964,-0.014839011430740345
1564,15.64,BELOW_TARGET_MINUS_1CM,0.28515228629112244,-0.014847713708877552
1565,15.65,BELOW_TARGET_MINUS_1CM,0.2851434648036957,-0.01485653519630431
1566,15.66,BELOW_TARGET_MINUS_1CM,0.2851342260837555,-0.014865773916244496
1567,15.67,BELOW_TARGET_MINUS_1CM,0.28512462973594666,-0.014875370264053334
1568,15.68,BELOW_TARGET_MINUS_1CM,0.2851146161556244,-0.0148853838443756
1569,15.69,BELOW_TARGET_MINUS_1CM,0.28510409593582153,-0.014895904064178456
1570,15.700000000000001,BELOW_TARGET_MINUS_1CM,0.2850930392742157,-0.01490696072578429
1571,15.71,BELOW_TARGET_MINUS_1CM,0.2850814163684845,-0.014918583631515492
1572,15.72,BELOW_TARGET_MINUS_1CM,0.28506922721862793,-0.01493077278137206
1573,15.73,BELOW_TARGET_MINUS_1CM,0.2850564122200012,-0.014943587779998768
1574,15.74,BELOW_TARGET_MINUS_1CM,0.28504297137260437,-0.014957028627395619
1575,15.75,BELOW_TARGET_MINUS_1CM,0.2850289046764374,-0.014971095323562611
1576,15.76,BELOW_TARGET_MINUS_1CM,0.28501418232917786,-0.014985817670822132
1577,15.77,BELOW_TARGET_MINUS_1CM,0.2849988043308258,-0.015001195669174183
1578,15.780000000000001,BELOW_TARGET_MINUS_1CM,0.28498271107673645,-0.015017288923263539
1579,15.790000000000001,BELOW_TARGET_MINUS_1CM,0.28496596217155457,-0.015034037828445423
1580,15.8,BELOW_TARGET_MINUS_1CM,0.28494852781295776,-0.015051472187042225
1581,15.81,BELOW_TARGET_MINUS_1CM,0.28493040800094604,-0.015069591999053944
1582,15.82,BELOW_TARGET_MINUS_1CM,0.284911572933197,-0.015088427066802967
1583,15.83,BELOW_TARGET_MINUS_1CM,0.2848920524120331,-0.015107947587966908
1584,15.84,BELOW_TARGET_MINUS_1CM,0.28487181663513184,-0.015128183364868153
1585,15.85,BELOW_TARGET_MINUS_1CM,0.2848508954048157,-0.015149104595184315
1586,15.860000000000001,BELOW_TARGET_MINUS_1CM,0.2848292589187622,-0.015170741081237782
1587,15.870000000000001,BELOW_TARGET_MINUS_1CM,0.28480690717697144,-0.015193092823028553
1588,15.88,BELOW_TARGET_MINUS_1CM,0.28478386998176575,-0.015216130018234242
1589,15.89,BELOW_TARGET_MINUS_1CM,0.28476011753082275,-0.015239882469177235
1590,15.9,BELOW_TARGET_MINUS_1CM,0.28473567962646484,-0.015264320373535145
1591,15.91,BELOW_TARGET_MINUS_1CM,0.28471052646636963,-0.01528947353363036
1592,15.92,BELOW_TARGET_MINUS_1CM,0.2846847176551819,-0.015315282344818104
1593,15.93,BELOW_TARGET_MINUS_1CM,0.28465819358825684,-0.015341806411743153
1594,15.94,BELOW_TARGET_MINUS_1CM,0.28463101387023926,-0.015368986129760731
1595,15.950000000000001,BELOW_TARGET_MINUS_1CM,0.28460314869880676,-0.015396851301193226
1596,15.96,BELOW_TARGET_MINUS_1CM,0.28457462787628174,-0.01542537212371825
1597,15.97,BELOW_TARGET_MINUS_1CM,0.2845454514026642,-0.015454548597335804
1598,15.98,BELOW_TARGET_MINUS_1CM,0.2845156490802765,-0.0154843509197235
1599,15.99,BELOW_TARGET_MINUS_1CM,0.28448522090911865,-0.015514779090881337
1600,16.0,BELOW_TARGET_MINUS_1CM,0.28445419669151306,-0.015545803308486927
1601,16.01,BELOW_TARGET_MINUS_1CM,0.28442254662513733,-0.01557745337486266
1602,16.02,BELOW_TARGET_MINUS_1CM,0.28439033031463623,-0.015609669685363758
1603,16.03,BELOW_TARGET_MINUS_1CM,0.28435754776000977,-0.015642452239990223
1604,16.04,BELOW_TARGET_MINUS_1CM,0.28432419896125793,-0.015675801038742054
1605,16.05,BELOW_TARGET_MINUS_1CM,0.2842903435230255,-0.015709656476974476
1606,16.06,BELOW_TARGET_MINUS_1CM,0.2842560112476349,-0.0157439887523651
1607,16.07,BELOW_TARGET_MINUS_1CM,0.28422117233276367,-0.015778827667236317
1608,16.080000000000002,BELOW_TARGET_MINUS_1CM,0.28418585658073425,-0.015814143419265736
1609,16.09,BELOW_TARGET_MINUS_1CM,0.2841501533985138,-0.015849846601486195
1610,16.1,BELOW_TARGET_MINUS_1CM,0.2841140031814575,-0.01588599681854247
1611,16.11,BELOW_TARGET_MINUS_1CM,0.2840774953365326,-0.015922504663467396
1612,16.12,BELOW_TARGET_MINUS_1CM,0.284040629863739,-0.015959370136260975
1613,16.13,BELOW_TARGET_MINUS_1CM,0.28400343656539917,-0.01599656343460082
1614,16.14,BELOW_TARGET_MINUS_1CM,0.28396594524383545,-0.01603405475616454
1615,16.15,BELOW_TARGET_MINUS_1CM,0.2839282155036926,-0.016071784496307362
1616,16.16,BELOW_TARGET_MINUS_1CM,0.2838902473449707,-0.016109752655029286
1617,16.17,BELOW_TARGET_MINUS_1CM,0.28385210037231445,-0.016147899627685536
1618,16.18,BELOW_TARGET_MINUS_1CM,0.2838137745857239,-0.016186225414276112
1619,16.19,BELOW_TARGET_MINUS_1CM,0.28377535939216614,-0.01622464060783385
1620,16.2,BELOW_TARGET_MINUS_1CM,0.28373682498931885,-0.01626317501068114
1621,16.21,BELOW_TARGET_MINUS_1CM,0.28369826078414917,-0.01630173921585082
1622,16.22,BELOW_TARGET_MINUS_1CM,0.2836596965789795,-0.016340303421020497
1623,16.23,BELOW_TARGET_MINUS_1CM,0.2836211621761322,-0.016378837823867787
1624,16.240000000000002,BELOW_TARGET_MINUS_1CM,0.2835826575756073,-0.01641734242439269
1625,16.25,BELOW_TARGET_MINUS_1CM,0.28354430198669434,-0.016455698013305653
1626,16.26,BELOW_TARGET_MINUS_1CM,0.2835060954093933,-0.01649390459060668
1627,16.27,BELOW_TARGET_MINUS_1CM,0.2834680676460266,-0.016531932353973378
1628,16.28,BELOW_TARGET_MINUS_1CM,0.2834302484989166,-0.016569751501083363
1629,16.29,BELOW_TARGET_MINUS_1CM,0.2833927273750305,-0.01660727262496947
1630,16.3,BELOW_TARGET_MINUS_1CM,0.2833555340766907,-0.016644465923309315
1631,16.31,BELOW_TARGET_MINUS_1CM,0.2833186686038971,-0.016681331396102894
1632,16.32,BELOW_TARGET_MINUS_1CM,0.28328222036361694,-0.016717779636383046
1633,16.330000000000002,BELOW_TARGET_MINUS_1CM,0.2832462191581726,-0.01675378084182738
1634,16.34,BELOW_TARGET_MINUS_1CM,0.2832106649875641,-0.016789335012435902
1635,16.35,BELOW_TARGET_MINUS_1CM,0.28317564725875854,-0.016824352741241444
1636,16.36,BELOW_TARGET_MINUS_1CM,0.28314119577407837,-0.01685880422592162
1637,16.37,BELOW_TARGET_MINUS_1CM,0.28310737013816833,-0.016892629861831654
1638,16.38,BELOW_TARGET_MINUS_1CM,0.28307414054870605,-0.016925859451293934
1639,16.39,BELOW_TARGET_MINUS_1CM,0.2830416262149811,-0.01695837378501891
1640,16.4,BELOW_TARGET_MINUS_1CM,0.2830098271369934,-0.01699017286300658
1641,16.41,BELOW_TARGET_MINUS_1CM,0.2829788029193878,-0.01702119708061217
1642,16.42,BELOW_TARGET_MINUS_1CM,0.2829485535621643,-0.017051446437835682
1643,16.43,BELOW_TARGET_MINUS_1CM,0.28291913866996765,-0.017080861330032338
1644,16.44,BELOW_TARGET_MINUS_1CM,0.28289058804512024,-0.01710941195487975
1645,16.45,BELOW_TARGET_MINUS_1CM,0.28286293148994446,-0.01713706851005553
1646,16.46,BELOW_TARGET_MINUS_1CM,0.2828362286090851,-0.017163771390914906
1647,16.47,BELOW_TARGET_MINUS_1CM,0.2828104794025421,-0.017189520597457875
1648,16.48,BELOW_TARGET_MINUS_1CM,0.2827857434749603,-0.017214256525039662
1649,16.490000000000002,BELOW_TARGET_MINUS_1CM,0.2827620208263397,-0.017237979173660267
1650,16.5,BELOW_TARGET_MINUS_1CM,0.2827393412590027,-0.017260658740997303
1651,16.51,BELOW_TARGET_MINUS_1CM,0.282717764377594,-0.017282235622405995
1652,16.52,BELOW_TARGET_MINUS_1CM,0.28269726037979126,-0.01730273962020873
1653,16.53,BELOW_TARGET_MINUS_1CM,0.28267791867256165,-0.017322081327438343
1654,16.54,BELOW_TARGET_MINUS_1CM,0.28265970945358276,-0.017340290546417225
1655,16.55,BELOW_TARGET_MINUS_1CM,0.282642662525177,-0.017357337474822987
1656,16.56,BELOW_TARGET_MINUS_1CM,0.28262680768966675,-0.01737319231033324
1657,16.57,BELOW_TARGET_MINUS_1CM,0.282612144947052,-0.017387855052947987
1658,16.580000000000002,BELOW_TARGET_MINUS_1CM,0.28259870409965515,-0.017401295900344838
1659,16.59,BELOW_TARGET_MINUS_1CM,0.2825864851474762,-0.017413514852523793
1660,16.6,BELOW_TARGET_MINUS_1CM,0.2825755178928375,-0.017424482107162464
1661,16.61,BELOW_TARGET_MINUS_1CM,0.28256577253341675,-0.01743422746658324
1662,16.62,BELOW_TARGET_MINUS_1CM,0.28255730867385864,-0.017442691326141346
1663,16.63,BELOW_TARGET_MINUS_1CM,0.28255006670951843,-0.017449933290481556
1664,16.64,BELOW_TARGET_MINUS_1CM,0.2825441360473633,-0.017455863952636708
1665,16.65,BELOW_TARGET_MINUS_1CM,0.282539427280426,-0.017460572719573964
1666,16.66,BELOW_TARGET_MINUS_1CM,0.28253600001335144,-0.01746399998664855
1667,16.67,BELOW_TARGET_MINUS_1CM,0.28253382444381714,-0.01746617555618285
1668,16.68,BELOW_TARGET_MINUS_1CM,0.2825329005718231,-0.01746709942817687
1669,16.69,BELOW_TARGET_MINUS_1CM,0.2825332283973694,-0.017466771602630604
1670,16.7,BELOW_TARGET_MINUS_1CM,0.28253480792045593,-0.017465192079544056
1671,16.71,BELOW_TARGET_MINUS_1CM,0.2825376093387604,-0.017462390661239613
1672,16.72,BELOW_TARGET_MINUS_1CM,0.2825416028499603,-0.017458397150039662
1673,16.73,BELOW_TARGET_MINUS_1CM,0.2825468182563782,-0.017453181743621815
1674,16.740000000000002,BELOW_TARGET_MINUS_1CM,0.28255322575569153,-0.01744677424430846
1675,16.75,BELOW_TARGET_MINUS_1CM,0.282560795545578,-0.017439204454421986
1676,16.76,BELOW_TARGET_MINUS_1CM,0.2825694978237152,-0.01743050217628478
1677,16.77,BELOW_TARGET_MINUS_1CM,0.28257933259010315,-0.01742066740989684
1678,16.78,BELOW_TARGET_MINUS_1CM,0.2825902998447418,-0.017409700155258168
1679,16.79,BELOW_TARGET_MINUS_1CM,0.28260231018066406,-0.017397689819335926
1680,16.8,BELOW_TARGET_MINUS_1CM,0.28261539340019226,-0.017384606599807728
1681,16.81,BELOW_TARGET_MINUS_1CM,0.28262951970100403,-0.01737048029899596
1682,16.82,BELOW_TARGET_MINUS_1CM,0.2826446294784546,-0.0173553705215454
1683,16.830000000000002,BELOW_TARGET_MINUS_1CM,0.28266072273254395,-0.017339277267456044
1684,16.84,BELOW_TARGET_MINUS_1CM,0.2826777696609497,-0.017322230339050282
1685,16.85,BELOW_TARGET_MINUS_1CM,0.2826957106590271,-0.01730428934097289
1686,16.86,BELOW_TARGET_MINUS_1CM,0.28271451592445374,-0.017285484075546254
1687,16.87,BELOW_TARGET_MINUS_1CM,0.2827341854572296,-0.017265814542770375
1688,16.88,BELOW_TARGET_MINUS_1CM,0.28275465965270996,-0.017245340347290028
1689,16.89,BELOW_TARGET_MINUS_1CM,0.2827759087085724,-0.0172240912914276
1690,16.9,BELOW_TARGET_MINUS_1CM,0.2827979028224945,-0.017202097177505482
1691,16.91,BELOW_TARGET_MINUS_1CM,0.28282058238983154,-0.017179417610168446
1692,16.92,BELOW_TARGET_MINUS_1CM,0.2828439474105835,-0.017156052589416493
1693,16.93,BELOW_TARGET_MINUS_1CM,0.2828679084777832,-0.017132091522216786
1694,16.94,BELOW_TARGET_MINUS_1CM,0.28289249539375305,-0.017107504606246937
1695,16.95,BELOW_TARGET_MINUS_1CM,0.2829175889492035,-0.017082411050796498
1696,16.96,BELOW_TARGET_MINUS_1CM,0.2829432189464569,-0.01705678105354308
1697,16.97,BELOW_TARGET_MINUS_1CM,0.28296932578086853,-0.01703067421913146
1698,16.98,BELOW_TARGET_MINUS_1CM,0.28299587965011597,-0.017004120349884022
1699,16.990000000000002,BELOW_TARGET_MINUS_1CM,0.28302279114723206,-0.016977208852767933
1700,17.0,BELOW_TARGET_MINUS_1CM,0.2830500602722168,-0.016949939727783192
1701,17.01,BELOW_TARGET_MINUS_1CM,0.2830776870250702,-0.0169223129749298
1702,17.02,BELOW_TARGET_MINUS_1CM,0.2831055521965027,-0.016894447803497303
1703,17.03,BELOW_TARGET_MINUS_1CM,0.2831336557865143,-0.016866344213485707
1704,17.04,BELOW_TARGET_MINUS_1CM,0.283161997795105,-0.01683800220489501
1705,17.05,BELOW_TARGET_MINUS_1CM,0.28319045901298523,-0.01680954098701476
1706,17.06,BELOW_TARGET_MINUS_1CM,0.2832190692424774,-0.016780930757522572
1707,17.07,BELOW_TARGET_MINUS_1CM,0.28324776887893677,-0.01675223112106322
1708,17.080000000000002,BELOW_TARGET_MINUS_1CM,0.2832765281200409,-0.016723471879959095
1709,17.09,BELOW_TARGET_MINUS_1CM,0.283305287361145,-0.01669471263885497
1710,17.1,BELOW_TARGET_MINUS_1CM,0.28333404660224915,-0.016665953397750843
1711,17.11,BELOW_TARGET_MINUS_1CM,0.2833627760410309,-0.016637223958969105
1712,17.12,BELOW_TARGET_MINUS_1CM,0.28339138627052307,-0.016608613729476918
1713,17.13,BELOW_TARGET_MINUS_1CM,0.2834199070930481,-0.016580092906951893
1714,17.14,BELOW_TARGET_MINUS_1CM,0.2834482789039612,-0.016551721096038807
1715,17.150000000000002,BELOW_TARGET_MINUS_1CM,0.28347647190093994,-0.016523528099060047
1716,17.16,BELOW_TARGET_MINUS_1CM,0.283504456281662,-0.016495543718338
1717,17.17,BELOW_TARGET_MINUS_1CM,0.2835322320461273,-0.01646776795387267
1718,17.18,BELOW_TARGET_MINUS_1CM,0.28355973958969116,-0.016440260410308827
1719,17.19,BELOW_TARGET_MINUS_1CM,0.28358694911003113,-0.01641305088996886
1720,17.2,BELOW_TARGET_MINUS_1CM,0.2836138606071472,-0.016386139392852772
1721,17.21,BELOW_TARGET_MINUS_1CM,0.28364041447639465,-0.016359585523605336
1722,17.22,BELOW_TARGET_MINUS_1CM,0.2836666405200958,-0.016333359479904164
1723,17.23,BELOW_TARGET_MINUS_1CM,0.28369247913360596,-0.016307520866394032
1724,17.240000000000002,BELOW_TARGET_MINUS_1CM,0.28371790051460266,-0.016282099485397328
1725,17.25,BELOW_TARGET_MINUS_1CM,0.28374290466308594,-0.01625709533691405
1726,17.26,BELOW_TARGET_MINUS_1CM,0.2837674915790558,-0.016232508420944203
1727,17.27,BELOW_TARGET_MINUS_1CM,0.2837916314601898,-0.01620836853981017
1728,17.28,BELOW_TARGET_MINUS_1CM,0.28381526470184326,-0.016184735298156727
1729,17.29,BELOW_TARGET_MINUS_1CM,0.2838384509086609,-0.0161615490913391
1730,17.3,BELOW_TARGET_MINUS_1CM,0.28386110067367554,-0.016138899326324452
1731,17.31,BELOW_TARGET_MINUS_1CM,0.283883273601532,-0.016116726398468006
1732,17.32,BELOW_TARGET_MINUS_1CM,0.28390491008758545,-0.01609508991241454
1733,17.330000000000002,BELOW_TARGET_MINUS_1CM,0.28392601013183594,-0.01607398986816405
1734,17.34,BELOW_TARGET_MINUS_1CM,0.28394657373428345,-0.01605342626571654
1735,17.35,BELOW_TARGET_MINUS_1CM,0.2839665710926056,-0.016033428907394398
1736,17.36,BELOW_TARGET_MINUS_1CM,0.28398600220680237,-0.01601399779319762
1737,17.37,BELOW_TARGET_MINUS_1CM,0.2840048670768738,-0.01599513292312621
1738,17.38,BELOW_TARGET_MINUS_1CM,0.2840231657028198,-0.015976834297180165
1739,17.39,BELOW_TARGET_MINUS_1CM,0.2840408682823181,-0.015959131717681874
1740,17.400000000000002,BELOW_TARGET_MINUS_1CM,0.28405800461769104,-0.01594199538230895
1741,17.41,BELOW_TARGET_MINUS_1CM,0.2840745449066162,-0.015925455093383778
1742,17.42,BELOW_TARGET_MINUS_1CM,0.284090518951416,-0.015909481048583973
1743,17.43,BELOW_TARGET_MINUS_1CM,0.2841058671474457,-0.01589413285255431
1744,17.44,BELOW_TARGET_MINUS_1CM,0.2841206192970276,-0.0158793807029724
1745,17.45,BELOW_TARGET_MINUS_1CM,0.28413477540016174,-0.015865224599838246
1746,17.46,BELOW_TARGET_MINUS_1CM,0.28414836525917053,-0.015851634740829457
1747,17.47,BELOW_TARGET_MINUS_1CM,0.2841613292694092,-0.01583867073059081
1748,17.48,BELOW_TARGET_MINUS_1CM,0.2841736972332001,-0.015826302766799916
1749,17.490000000000002,BELOW_TARGET_MINUS_1CM,0.2841854393482208,-0.015814560651779164
1750,17.5,BELOW_TARGET_MINUS_1CM,0.2841966152191162,-0.015803384780883778
1751,17.51,BELOW_TARGET_MINUS_1CM,0.28420719504356384,-0.015792804956436146
1752,17.52,BELOW_TARGET_MINUS_1CM,0.2842171788215637,-0.015782821178436268
1753,17.53,BELOW_TARGET_MINUS_1CM,0.28422656655311584,-0.015773433446884144
1754,17.54,BELOW_TARGET_MINUS_1CM,0.2842353582382202,-0.015764641761779774
1755,17.55,BELOW_TARGET_MINUS_1CM,0.28424355387687683,-0.015756446123123158
1756,17.56,BELOW_TARGET_MINUS_1CM,0.2842511534690857,-0.015748846530914296
1757,17.57,BELOW_TARGET_MINUS_1CM,0.2842581868171692,-0.0157418131828308
1758,17.580000000000002,BELOW_TARGET_MINUS_1CM,0.28426462411880493,-0.015735375881195057
1759,17.59,BELOW_TARGET_MINUS_1CM,0.2842704653739929,-0.01572953462600707
1760,17.6,BELOW_TARGET_MINUS_1CM,0.28427574038505554,-0.015724259614944447
1761,17.61,BELOW_TARGET_MINUS_1CM,0.28428059816360474,-0.015719401836395253
1762,17.62,BELOW_TARGET_MINUS_1CM,0.2842852771282196,-0.015714722871780384
1763,17.63,BELOW_TARGET_MINUS_1CM,0.2842896580696106,-0.015710341930389393
1764,17.64,BELOW_TARGET_MINUS_1CM,0.28429344296455383,-0.015706557035446156
1765,17.650000000000002,BELOW_TARGET_MINUS_1CM,0.28429660201072693,-0.01570339798927306
1766,17.66,BELOW_TARGET_MINUS_1CM,0.2842991054058075,-0.015700894594192494
1767,17.67,BELOW_TARGET_MINUS_1CM,0.28430089354515076,-0.015699106454849232
1768,17.68,BELOW_TARGET_MINUS_1CM,0.28430187702178955,-0.015698122978210438
1769,17.69,BELOW_TARGET_MINUS_1CM,0.28430211544036865,-0.015697884559631337
1770,17.7,BELOW_TARGET_MINUS_1CM,0.2843015491962433,-0.015698450803756703
1771,17.71,BELOW_TARGET_MINUS_1CM,0.28430020809173584,-0.01569979190826415
1772,17.72,BELOW_TARGET_MINUS_1CM,0.2842980623245239,-0.015701937675476063
1773,17.73,BELOW_TARGET_MINUS_1CM,0.28429511189460754,-0.015704888105392445
1774,17.740000000000002,BELOW_TARGET_MINUS_1CM,0.28429141640663147,-0.01570858359336852
1775,17.75,BELOW_TARGET_MINUS_1CM,0.2842869460582733,-0.015713053941726673
1776,17.76,BELOW_TARGET_MINUS_1CM,0.2842817008495331,-0.015718299150466908
1777,17.77,BELOW_TARGET_MINUS_1CM,0.28427574038505554,-0.015724259614944447
1778,17.78,BELOW_TARGET_MINUS_1CM,0.28426918387413025,-0.01573081612586974
1779,17.79,BELOW_TARGET_MINUS_1CM,0.28426238894462585,-0.015737611055374134
1780,17.8,BELOW_TARGET_MINUS_1CM,0.28425532579421997,-0.015744674205780018
1781,17.81,BELOW_TARGET_MINUS_1CM,0.2842477858066559,-0.015752214193344105
1782,17.82,BELOW_TARGET_MINUS_1CM,0.2842397689819336,-0.015760231018066395
1783,17.830000000000002,BELOW_TARGET_MINUS_1CM,0.2842312753200531,-0.01576872467994689
1784,17.84,BELOW_TARGET_MINUS_1CM,0.28422224521636963,-0.01577775478363036
1785,17.85,BELOW_TARGET_MINUS_1CM,0.2842126488685608,-0.015787351131439198
1786,17.86,BELOW_TARGET_MINUS_1CM,0.2842024564743042,-0.01579754352569579
1787,17.87,BELOW_TARGET_MINUS_1CM,0.28419163823127747,-0.015808361768722523
1788,17.88,BELOW_TARGET_MINUS_1CM,0.2841801941394806,-0.015819805860519398
1789,17.89,BELOW_TARGET_MINUS_1CM,0.2841681241989136,-0.015831875801086415
1790,17.900000000000002,BELOW_TARGET_MINUS_1CM,0.28415539860725403,-0.01584460139274596
1791,17.91,BELOW_TARGET_MINUS_1CM,0.28414201736450195,-0.015857982635498036
1792,17.92,BELOW_TARGET_MINUS_1CM,0.28412795066833496,-0.015872049331665028
1793,17.93,BELOW_TARGET_MINUS_1CM,0.28411319851875305,-0.015886801481246937
1794,17.94,BELOW_TARGET_MINUS_1CM,0.2840977609157562,-0.015902239084243763
1795,17.95,BELOW_TARGET_MINUS_1CM,0.2840816080570221,-0.015918391942977894
1796,17.96,BELOW_TARGET_MINUS_1CM,0.28406476974487305,-0.015935230255126942
1797,17.97,BELOW_TARGET_MINUS_1CM,0.2840472161769867,-0.015952783823013295
1798,17.98,BELOW_TARGET_MINUS_1CM,0.2840289771556854,-0.015971022844314564
1799,17.990000000000002,BELOW_TARGET_MINUS_1CM,0.28400999307632446,-0.015990006923675526
1800,18.0,BELOW_TARGET_MINUS_1CM,0.2839902937412262,-0.016009706258773793
1801,18.01,BELOW_TARGET_MINUS_1CM,0.2839698791503906,-0.016030120849609364
1802,18.02,BELOW_TARGET_MINUS_1CM,0.28394874930381775,-0.01605125069618224
1803,18.03,BELOW_TARGET_MINUS_1CM,0.2839268743991852,-0.016073125600814808
1804,18.04,BELOW_TARGET_MINUS_1CM,0.2839042842388153,-0.01609571576118468
1805,18.05,BELOW_TARGET_MINUS_1CM,0.28388097882270813,-0.01611902117729186
1806,18.06,BELOW_TARGET_MINUS_1CM,0.28385695815086365,-0.01614304184913634
1807,18.07,BELOW_TARGET_MINUS_1CM,0.28383222222328186,-0.01616777777671813
1808,18.080000000000002,BELOW_TARGET_MINUS_1CM,0.2838067412376404,-0.016193258762359608
1809,18.09,BELOW_TARGET_MINUS_1CM,0.283780574798584,-0.016219425201416005
1810,18.1,BELOW_TARGET_MINUS_1CM,0.2837536931037903,-0.016246306896209706
1811,18.11,BELOW_TARGET_MINUS_1CM,0.28372612595558167,-0.016273874044418324
1812,18.12,BELOW_TARGET_MINUS_1CM,0.28369787335395813,-0.01630212664604186
1813,18.13,BELOW_TARGET_MINUS_1CM,0.2836689352989197,-0.01633106470108031
1814,18.14,BELOW_TARGET_MINUS_1CM,0.2836393117904663,-0.01636068820953368
1815,18.150000000000002,BELOW_TARGET_MINUS_1CM,0.2836090624332428,-0.01639093756675719
1816,18.16,BELOW_TARGET_MINUS_1CM,0.28357812762260437,-0.01642187237739562
1817,18.17,BELOW_TARGET_MINUS_1CM,0.2835465967655182,-0.0164534032344818
1818,18.18,BELOW_TARGET_MINUS_1CM,0.2835144102573395,-0.01648558974266051
1819,18.19,BELOW_TARGET_MINUS_1CM,0.2834816575050354,-0.01651834249496459
1820,18.2,BELOW_TARGET_MINUS_1CM,0.28344830870628357,-0.01655169129371642
1821,18.21,BELOW_TARGET_MINUS_1CM,0.28341439366340637,-0.016585606336593617
1822,18.22,BELOW_TARGET_MINUS_1CM,0.2833799123764038,-0.01662008762359618
1823,18.23,BELOW_TARGET_MINUS_1CM,0.28334492444992065,-0.016655075550079335
1824,18.240000000000002,BELOW_TARGET_MINUS_1CM,0.2833094298839569,-0.01669057011604308
1825,18.25,BELOW_TARGET_MINUS_1CM,0.28327348828315735,-0.01672651171684264
1826,18.26,BELOW_TARGET_MINUS_1CM,0.2832370698451996,-0.016762930154800404
1827,18.27,BELOW_TARGET_MINUS_1CM,0.283200204372406,-0.016799795627593983
1828,18.28,BELOW_TARGET_MINUS_1CM,0.2831629812717438,-0.016837018728256214
1829,18.29,BELOW_TARGET_MINUS_1CM,0.2831253707408905,-0.016874629259109486
1830,18.3,BELOW_TARGET_MINUS_1CM,0.2830874025821686,-0.01691259741783141
1831,18.31,BELOW_TARGET_MINUS_1CM,0.28304916620254517,-0.016950833797454823
1832,18.32,BELOW_TARGET_MINUS_1CM,0.2830106317996979,-0.016989368200302113
1833,18.330000000000002,BELOW_TARGET_MINUS_1CM,0.2829718589782715,-0.017028141021728505
1834,18.34,BELOW_TARGET_MINUS_1CM,0.2829328775405884,-0.01706712245941161
1835,18.35,BELOW_TARGET_MINUS_1CM,0.28289371728897095,-0.01710628271102904
1836,18.36,BELOW_TARGET_MINUS_1CM,0.28285443782806396,-0.017145562171936024
1837,18.37,BELOW_TARGET_MINUS_1CM,0.2828150689601898,-0.01718493103981017
1838,18.38,BELOW_TARGET_MINUS_1CM,0.2827756106853485,-0.017224389314651478
1839,18.39,BELOW_TARGET_MINUS_1CM,0.2827361524105072,-0.017263847589492787
1840,18.400000000000002,BELOW_TARGET_MINUS_1CM,0.2826967239379883,-0.017303276062011708
1841,18.41,BELOW_TARGET_MINUS_1CM,0.28265735507011414,-0.017342644929885853
1842,18.42,BELOW_TARGET_MINUS_1CM,0.28261807560920715,-0.017381924390792836
1843,18.43,BELOW_TARGET_MINUS_1CM,0.2825789451599121,-0.01742105484008788
1844,18.44,BELOW_TARGET_MINUS_1CM,0.2825399935245514,-0.017460006475448597
1845,18.45,BELOW_TARGET_MINUS_1CM,0.2825012803077698,-0.017498719692230214
1846,18.46,BELOW_TARGET_MINUS_1CM,0.28246283531188965,-0.01753716468811034
1847,18.47,BELOW_TARGET_MINUS_1CM,0.2824246883392334,-0.01757531166076659
1848,18.48,BELOW_TARGET_MINUS_1CM,0.2823869287967682,-0.0176130712032318
1849,18.490000000000002,BELOW_TARGET_MINUS_1CM,0.282349556684494,-0.01765044331550597
1850,18.5,BELOW_TARGET_MINUS_1CM,0.2823126018047333,-0.017687398195266713
1851,18.51,BELOW_TARGET_MINUS_1CM,0.2822761535644531,-0.017723846435546864
1852,18.52,BELOW_TARGET_MINUS_1CM,0.28224024176597595,-0.017759758234024037
1853,18.53,BELOW_TARGET_MINUS_1CM,0.28220489621162415,-0.017795103788375843
1854,18.54,BELOW_TARGET_MINUS_1CM,0.2821701467037201,-0.017829853296279896
1855,18.55,BELOW_TARGET_MINUS_1CM,0.28213608264923096,-0.017863917350769032
1856,18.56,BELOW_TARGET_MINUS_1CM,0.28210267424583435,-0.01789732575416564
1857,18.57,BELOW_TARGET_MINUS_1CM,0.2820700407028198,-0.017929959297180165
1858,18.580000000000002,BELOW_TARGET_MINUS_1CM,0.282038152217865,-0.017961847782135
1859,18.59,BELOW_TARGET_MINUS_1CM,0.2820070683956146,-0.017992931604385365
1860,18.6,BELOW_TARGET_MINUS_1CM,0.2819768488407135,-0.018023151159286488
1861,18.61,BELOW_TARGET_MINUS_1CM,0.281947523355484,-0.01805247664451598
1862,18.62,BELOW_TARGET_MINUS_1CM,0.28191912174224854,-0.018080878257751454
1863,18.63,BELOW_TARGET_MINUS_1CM,0.2818916440010071,-0.01810835599899291
1864,18.64,BELOW_TARGET_MINUS_1CM,0.2818651795387268,-0.018134820461273182
1865,18.650000000000002,BELOW_TARGET_MINUS_1CM,0.2818397581577301,-0.018160241842269886
1866,18.66,BELOW_TARGET_MINUS_1CM,0.2818153500556946,-0.01818464994430541
1867,18.67,BELOW_TARGET_MINUS_1CM,0.2817920446395874,-0.018207955360412587
1868,18.68,BELOW_TARGET_MINUS_1CM,0.28176984190940857,-0.01823015809059142
1869,18.69,BELOW_TARGET_MINUS_1CM,0.28174877166748047,-0.01825122833251952
1870,18.7,BELOW_TARGET_MINUS_1CM,0.2817288637161255,-0.0182711362838745
1871,18.71,BELOW_TARGET_MINUS_1CM,0.28171011805534363,-0.01828988194465636
1872,18.72,BELOW_TARGET_MINUS_1CM,0.28169259428977966,-0.018307405710220326
1873,18.73,BELOW_TARGET_MINUS_1CM,0.2816762626171112,-0.018323737382888783
1874,18.740000000000002,BELOW_TARGET_MINUS_1CM,0.2816612124443054,-0.01833878755569457
1875,18.75,BELOW_TARGET_MINUS_1CM,0.28164738416671753,-0.01835261583328246
1876,18.76,BELOW_TARGET_MINUS_1CM,0.2816348373889923,-0.01836516261100768
1877,18.77,BELOW_TARGET_MINUS_1CM,0.2816235423088074,-0.018376457691192616
1878,18.78,BELOW_TARGET_MINUS_1CM,0.2816135585308075,-0.018386441469192494
1879,18.79,BELOW_TARGET_MINUS_1CM,0.2816048562526703,-0.0183951437473297
1880,18.8,BELOW_TARGET_MINUS_1CM,0.28159746527671814,-0.01840253472328185
1881,18.81,BELOW_TARGET_MINUS_1CM,0.28159138560295105,-0.01840861439704894
1882,18.82,BELOW_TARGET_MINUS_1CM,0.28158658742904663,-0.018413412570953358
1883,18.830000000000002,BELOW_TARGET_MINUS_1CM,0.28158310055732727,-0.01841689944267272
1884,18.84,BELOW_TARGET_MINUS_1CM,0.28158092498779297,-0.01841907501220702
1885,18.85,BELOW_TARGET_MINUS_1CM,0.2815800607204437,-0.018419939279556263
1886,18.86,BELOW_TARGET_MINUS_1CM,0.28158047795295715,-0.018419522047042836
1887,18.87,BELOW_TARGET_MINUS_1CM,0.28158217668533325,-0.018417823314666737
1888,18.88,BELOW_TARGET_MINUS_1CM,0.281585156917572,-0.018414843082427967
1889,18.89,BELOW_TARGET_MINUS_1CM,0.2815893888473511,-0.018410611152648915
1890,18.900000000000002,BELOW_TARGET_MINUS_1CM,0.2815948724746704,-0.01840512752532958
1891,18.91,BELOW_TARGET_MINUS_1CM,0.28160157799720764,-0.018398422002792347
1892,18.92,BELOW_TARGET_MINUS_1CM,0.28160950541496277,-0.01839049458503722
1893,18.93,BELOW_TARGET_MINUS_1CM,0.2816186249256134,-0.018381375074386586
1894,18.94,BELOW_TARGET_MINUS_1CM,0.28162893652915955,-0.018371063470840443
1895,18.95,BELOW_TARGET_MINUS_1CM,0.2816403806209564,-0.018359619379043568
1896,18.96,BELOW_TARGET_MINUS_1CM,0.28165295720100403,-0.01834704279899596
1897,18.97,BELOW_TARGET_MINUS_1CM,0.28166663646698,-0.01833336353302001
1898,18.98,BELOW_TARGET_MINUS_1CM,0.2816813886165619,-0.0183186113834381
1899,18.990000000000002,BELOW_TARGET_MINUS_1CM,0.28169718384742737,-0.01830281615257262
1900,19.0,BELOW_TARGET_MINUS_1CM,0.2817140221595764,-0.018285977840423573
1901,19.01,BELOW_TARGET_MINUS_1CM,0.28173181414604187,-0.01826818585395812
1902,19.02,BELOW_TARGET_MINUS_1CM,0.28175055980682373,-0.01824944019317626
1903,19.03,BELOW_TARGET_MINUS_1CM,0.281770259141922,-0.018229740858077992
1904,19.04,BELOW_TARGET_MINUS_1CM,0.2817907929420471,-0.01820920705795287
1905,19.05,BELOW_TARGET_MINUS_1CM,0.28181222081184387,-0.018187779188156117
1906,19.06,BELOW_TARGET_MINUS_1CM,0.2818344533443451,-0.018165546655654896
1907,19.07,BELOW_TARGET_MINUS_1CM,0.281857430934906,-0.018142569065093983
1908,19.080000000000002,BELOW_TARGET_MINUS_1CM,0.281881183385849,-0.01811881661415099
1909,19.09,BELOW_TARGET_MINUS_1CM,0.2819056212902069,-0.01809437870979308
1910,19.1,BELOW_TARGET_MINUS_1CM,0.28193071484565735,-0.01806928515434264
1911,19.11,BELOW_TARGET_MINUS_1CM,0.2819564640522003,-0.01804353594779967
1912,19.12,BELOW_TARGET_MINUS_1CM,0.28198274970054626,-0.018017250299453724
1913,19.13,BELOW_TARGET_MINUS_1CM,0.2820096015930176,-0.01799039840698241
1914,19.14,BELOW_TARGET_MINUS_1CM,0.2820369601249695,-0.017963039875030506
1915,19.150000000000002,BELOW_TARGET_MINUS_1CM,0.2820647954940796,-0.0179352045059204
1916,19.16,BELOW_TARGET_MINUS_1CM,0.28209301829338074,-0.01790698170661925
1917,19.17,BELOW_TARGET_MINUS_1CM,0.2821216285228729,-0.017878371477127064
1918,19.18,BELOW_TARGET_MINUS_1CM,0.28215059638023376,-0.017849403619766224
1919,19.19,BELOW_TARGET_MINUS_1CM,0.2821798622608185,-0.017820137739181507
1920,19.2,BELOW_TARGET_MINUS_1CM,0.2822093963623047,-0.0177906036376953
1921,19.21,BELOW_TARGET_MINUS_1CM,0.2822391390800476,-0.01776086091995238
1922,19.22,BELOW_TARGET_MINUS_1CM,0.28226906061172485,-0.017730939388275135
1923,19.23,BELOW_TARGET_MINUS_1CM,0.28229913115501404,-0.01770086884498595
1924,19.240000000000002,BELOW_TARGET_MINUS_1CM,0.2823293209075928,-0.017670679092407215
1925,19.25,BELOW_TARGET_MINUS_1CM,0.2823595702648163,-0.017640429735183705
1926,19.26,BELOW_TARGET_MINUS_1CM,0.28238987922668457,-0.01761012077331542
1927,19.27,BELOW_TARGET_MINUS_1CM,0.28242015838623047,-0.01757984161376952
1928,19.28,BELOW_TARGET_MINUS_1CM,0.282450407743454,-0.01754959225654601
1929,19.29,BELOW_TARGET_MINUS_1CM,0.2824805676937103,-0.017519432306289662
1930,19.3,BELOW_TARGET_MINUS_1CM,0.2825106382369995,-0.017489361763000477
1931,19.31,BELOW_TARGET_MINUS_1CM,0.28254058957099915,-0.017459410429000843
1932,19.32,BELOW_TARGET_MINUS_1CM,0.28257033228874207,-0.017429667711257923
1933,19.330000000000002,BELOW_TARGET_MINUS_1CM,0.28259989619255066,-0.01740010380744933
1934,19.34,BELOW_TARGET_MINUS_1CM,0.28262922167778015,-0.017370778322219838
1935,19.35,BELOW_TARGET_MINUS_1CM,0.28265830874443054,-0.017341691255569447
1936,19.36,BELOW_TARGET_MINUS_1CM,0.28268709778785706,-0.017312902212142933
1937,19.37,BELOW_TARGET_MINUS_1CM,0.2827155590057373,-0.017284440994262684
1938,19.38,BELOW_TARGET_MINUS_1CM,0.2827437222003937,-0.017256277799606312
1939,19.39,BELOW_TARGET_MINUS_1CM,0.282771497964859,-0.01722850203514098
1940,19.400000000000002,BELOW_TARGET_MINUS_1CM,0.2827988862991333,-0.017201113700866688
1941,19.41,BELOW_TARGET_MINUS_1CM,0.28282585740089417,-0.017174142599105824
1942,19.42,BELOW_TARGET_MINUS_1CM,0.282852441072464,-0.017147558927536
1943,19.43,BELOW_TARGET_MINUS_1CM,0.2828785479068756,-0.01712145209312438
1944,19.44,BELOW_TARGET_MINUS_1CM,0.2829042077064514,-0.017095792293548573
1945,19.45,BELOW_TARGET_MINUS_1CM,0.28292936086654663,-0.017070639133453358
1946,19.46,BELOW_TARGET_MINUS_1CM,0.28295403718948364,-0.017045962810516346
1947,19.47,BELOW_TARGET_MINUS_1CM,0.28297820687294006,-0.017021793127059925
1948,19.48,BELOW_TARGET_MINUS_1CM,0.2830018401145935,-0.016998159885406483
1949,19.490000000000002,BELOW_TARGET_MINUS_1CM,0.28302493691444397,-0.01697506308555602
1950,19.5,BELOW_TARGET_MINUS_1CM,0.28304746747016907,-0.01695253252983092
1951,19.51,BELOW_TARGET_MINUS_1CM,0.2830694615840912,-0.016930538415908802
1952,19.52,BELOW_TARGET_MINUS_1CM,0.28309085965156555,-0.016909140348434437
1953,19.53,BELOW_TARGET_MINUS_1CM,0.28311169147491455,-0.016888308525085438
1954,19.54,BELOW_TARGET_MINUS_1CM,0.2831319272518158,-0.016868072748184193
1955,19.55,BELOW_TARGET_MINUS_1CM,0.2831515967845917,-0.016848403215408314
1956,19.56,BELOW_TARGET_MINUS_1CM,0.2831706404685974,-0.016829359531402577
1957,19.57,BELOW_TARGET_MINUS_1CM,0.2831890881061554,-0.016810911893844593
1958,19.580000000000002,BELOW_TARGET_MINUS_1CM,0.28320690989494324,-0.01679309010505675
1959,19.59,BELOW_TARGET_MINUS_1CM,0.2832241356372833,-0.016775864362716664
1960,19.6,BELOW_TARGET_MINUS_1CM,0.28324073553085327,-0.016759264469146717
1961,19.61,BELOW_TARGET_MINUS_1CM,0.28325673937797546,-0.016743260622024525
1962,19.62,BELOW_TARGET_MINUS_1CM,0.2832720875740051,-0.016727912425994862
1963,19.63,BELOW_TARGET_MINUS_1CM,0.28328683972358704,-0.016713160276412953
1964,19.64,BELOW_TARGET_MINUS_1CM,0.2833009660243988,-0.016699033975601185
1965,19.650000000000002,BELOW_TARGET_MINUS_1CM,0.28331446647644043,-0.01668553352355956
1966,19.66,BELOW_TARGET_MINUS_1CM,0.2833273410797119,-0.016672658920288075
1967,19.67,BELOW_TARGET_MINUS_1CM,0.28333958983421326,-0.016660410165786732
1968,19.68,BELOW_TARGET_MINUS_1CM,0.28335121273994446,-0.01664878726005553
1969,19.69,BELOW_TARGET_MINUS_1CM,0.2833622395992279,-0.016637760400772084
1970,19.7,BELOW_TARGET_MINUS_1CM,0.2833726406097412,-0.016627359390258778
1971,19.71,BELOW_TARGET_MINUS_1CM,0.283382385969162,-0.016617614030838
1972,19.72,BELOW_TARGET_MINUS_1CM,0.2833915650844574,-0.01660843491554259
1973,19.73,BELOW_TARGET_MINUS_1CM,0.2834000885486603,-0.01659991145133971
1974,19.740000000000002,BELOW_TARGET_MINUS_1CM,0.2834080159664154,-0.016591984033584584
1975,19.75,BELOW_TARGET_MINUS_1CM,0.2834153473377228,-0.01658465266227721
1976,19.76,BELOW_TARGET_MINUS_1CM,0.28342205286026,-0.01657794713973998
1977,19.77,BELOW_TARGET_MINUS_1CM,0.2834281325340271,-0.01657186746597289
1978,19.78,BELOW_TARGET_MINUS_1CM,0.2834336459636688,-0.016566354036331166
1979,19.79,BELOW_TARGET_MINUS_1CM,0.283438503742218,-0.01656149625778197
1980,19.8,BELOW_TARGET_MINUS_1CM,0.28344282507896423,-0.016557174921035755
1981,19.81,BELOW_TARGET_MINUS_1CM,0.2834467589855194,-0.01655324101448058
1982,19.82,BELOW_TARGET_MINUS_1CM,0.2834503948688507,-0.01654960513114928
1983,19.830000000000002,BELOW_TARGET_MINUS_1CM,0.28345346450805664,-0.01654653549194335
1984,19.84,BELOW_TARGET_MINUS_1CM,0.28345584869384766,-0.016544151306152333
1985,19.85,BELOW_TARGET_MINUS_1CM,0.28345754742622375,-0.016542452573776234
1986,19.86,BELOW_TARGET_MINUS_1CM,0.28345853090286255,-0.01654146909713744
1987,19.87,BELOW_TARGET_MINUS_1CM,0.28345873951911926,-0.016541260480880726
1988,19.88,BELOW_TARGET_MINUS_1CM,0.2834581434726715,-0.01654185652732848
1989,19.89,BELOW_TARGET_MINUS_1CM,0.2834567427635193,-0.016543257236480702
1990,19.900000000000002,BELOW_TARGET_MINUS_1CM,0.2834545373916626,-0.01654546260833739
1991,19.91,BELOW_TARGET_MINUS_1CM,0.28345152735710144,-0.01654847264289855
1992,19.92,BELOW_TARGET_MINUS_1CM,0.2834477424621582,-0.016552257537841786
1993,19.93,BELOW_TARGET_MINUS_1CM,0.28344324231147766,-0.016556757688522328
1994,19.94,BELOW_TARGET_MINUS_1CM,0.28343823552131653,-0.01656176447868346
1995,19.95,BELOW_TARGET_MINUS_1CM,0.28343290090560913,-0.016567099094390858
1996,19.96,BELOW_TARGET_MINUS_1CM,0.28342700004577637,-0.01657299995422362
1997,19.97,BELOW_TARGET_MINUS_1CM,0.2834205627441406,-0.016579437255859364
1998,19.98,BELOW_TARGET_MINUS_1CM,0.2834135890007019,-0.016586410999298085
1999,19.990000000000002,BELOW_TARGET_MINUS_1CM,0.28340601921081543,-0.01659398078918456
2000,20.0,BELOW_TARGET_MINUS_1CM,0.2833978533744812,-0.016602146625518788
2001,20.01,BELOW_TARGET_MINUS_1CM,0.28338906168937683,-0.016610938310623158
2002,20.02,BELOW_TARGET_MINUS_1CM,0.28337961435317993,-0.016620385646820057
2003,20.03,BELOW_TARGET_MINUS_1CM,0.2833695411682129,-0.0166304588317871
2004,20.04,BELOW_TARGET_MINUS_1CM,0.2833588123321533,-0.01664118766784667
2005,20.05,BELOW_TARGET_MINUS_1CM,0.28334739804267883,-0.016652601957321156
2006,20.06,BELOW_TARGET_MINUS_1CM,0.28333529829978943,-0.01666470170021056
2007,20.07,BELOW_TARGET_MINUS_1CM,0.2833225131034851,-0.01667748689651488
2008,20.080000000000002,BELOW_TARGET_MINUS_1CM,0.2833090126514435,-0.016690987348556507
2009,20.09,BELOW_TARGET_MINUS_1CM,0.28329482674598694,-0.01670517325401305
2010,20.1,BELOW_TARGET_MINUS_1CM,0.2832799255847931,-0.016720074415206898
2011,20.11,BELOW_TARGET_MINUS_1CM,0.28326430916786194,-0.01673569083213805
2012,20.12,BELOW_TARGET_MINUS_1CM,0.2832479774951935,-0.016752022504806507
2013,20.13,BELOW_TARGET_MINUS_1CM,0.28323087096214294,-0.016769129037857045
2014,20.14,BELOW_TARGET_MINUS_1CM,0.2832130789756775,-0.0167869210243225
2015,20.150000000000002,BELOW_TARGET_MINUS_1CM,0.28319451212882996,-0.016805487871170033
2016,20.16,BELOW_TARGET_MINUS_1CM,0.2831752300262451,-0.01682476997375487
2017,20.17,BELOW_TARGET_MINUS_1CM,0.2831551730632782,-0.01684482693672179
2018,20.18,BELOW_TARGET_MINUS_1CM,0.283134400844574,-0.016865599155426014
2019,20.19,BELOW_TARGET_MINUS_1CM,0.28311285376548767,-0.016887146234512318
2020,20.2,BELOW_TARGET_MINUS_1CM,0.2830905616283417,-0.016909438371658314
2021,20.21,BELOW_TARGET_MINUS_1CM,0.283067524433136,-0.016932475566864003
2022,20.22,BELOW_TARGET_MINUS_1CM,0.2830437421798706,-0.016956257820129383
2023,20.23,BELOW_TARGET_MINUS_1CM,0.28301921486854553,-0.016980785131454457
2024,20.240000000000002,BELOW_TARGET_MINUS_1CM,0.2829939126968384,-0.01700608730316161
2025,20.25,BELOW_TARGET_MINUS_1CM,0.2829678952693939,-0.017032104730606068
2026,20.26,BELOW_TARGET_MINUS_1CM,0.28294113278388977,-0.01705886721611022
2027,20.27,BELOW_TARGET_MINUS_1CM,0.2829136252403259,-0.01708637475967406
2028,20.28,BELOW_TARGET_MINUS_1CM,0.28288543224334717,-0.01711456775665282
2029,20.29,BELOW_TARGET_MINUS_1CM,0.2828564941883087,-0.017143505811691273
2030,20.3,BELOW_TARGET_MINUS_1CM,0.28282684087753296,-0.01717315912246703
2031,20.31,BELOW_TARGET_MINUS_1CM,0.2827965021133423,-0.017203497886657704
2032,20.32,BELOW_TARGET_MINUS_1CM,0.2827654778957367,-0.017234522104263295
2033,20.330000000000002,BELOW_TARGET_MINUS_1CM,0.2827337682247162,-0.017266231775283802
2034,20.34,BELOW_TARGET_MINUS_1CM,0.28270140290260315,-0.01729859709739684
2035,20.35,BELOW_TARGET_MINUS_1CM,0.2826683819293976,-0.017331618070602406
2036,20.36,BELOW_TARGET_MINUS_1CM,0.28263476490974426,-0.017365235090255726
2037,20.37,BELOW_TARGET_MINUS_1CM,0.2826005220413208,-0.017399477958679188
2038,20.38,BELOW_TARGET_MINUS_1CM,0.2825656831264496,-0.017434316873550404
2039,20.39,BELOW_TARGET_MINUS_1CM,0.282530277967453,-0.017469722032546986
2040,20.400000000000002,BELOW_TARGET_MINUS_1CM,0.28249430656433105,-0.017505693435668934
2041,20.41,BELOW_TARGET_MINUS_1CM,0.2824578285217285,-0.017542171478271473
2042,20.42,BELOW_TARGET_MINUS_1CM,0.2824208438396454,-0.017579156160354603
2043,20.43,BELOW_TARGET_MINUS_1CM,0.28238341212272644,-0.01761658787727355
2044,20.44,BELOW_TARGET_MINUS_1CM,0.2823455035686493,-0.017654496431350697
2045,20.45,BELOW_TARGET_MINUS_1CM,0.2823071777820587,-0.017692822217941273
2046,20.46,BELOW_TARGET_MINUS_1CM,0.2822684645652771,-0.01773153543472289
2047,20.47,BELOW_TARGET_MINUS_1CM,0.2822294235229492,-0.01777057647705077
2048,20.48,BELOW_TARGET_MINUS_1CM,0.2821900248527527,-0.017809975147247303
2049,20.490000000000002,BELOW_TARGET_MINUS_1CM,0.28215035796165466,-0.017849642038345326
2050,20.5,BELOW_TARGET_MINUS_1CM,0.28211042284965515,-0.017889577150344838
2051,20.51,BELOW_TARGET_MINUS_1CM,0.28207024931907654,-0.01792975068092345
2052,20.52,BELOW_TARGET_MINUS_1CM,0.282029926776886,-0.017970073223114003
2053,20.53,BELOW_TARGET_MINUS_1CM,0.2819894254207611,-0.01801057457923888
2054,20.54,BELOW_TARGET_MINUS_1CM,0.28194883465766907,-0.01805116534233092
2055,20.55,BELOW_TARGET_MINUS_1CM,0.28190818428993225,-0.018091815710067738
2056,20.56,BELOW_TARGET_MINUS_1CM,0.28186750411987305,-0.018132495880126942
2057,20.57,BELOW_TARGET_MINUS_1CM,0.28182682394981384,-0.018173176050186146
2058,20.580000000000002,BELOW_TARGET_MINUS_1CM,0.2817862331867218,-0.018213766813278187
2059,20.59,BELOW_TARGET_MINUS_1CM,0.28174570202827454,-0.018254297971725453
2060,20.6,BELOW_TARGET_MINUS_1CM,0.2817053496837616,-0.018294650316238392
2061,20.61,BELOW_TARGET_MINUS_1CM,0.281665176153183,-0.018334823846817005
2062,20.62,BELOW_TARGET_MINUS_1CM,0.2816252112388611,-0.018374788761138905
2063,20.63,BELOW_TARGET_MINUS_1CM,0.28158554434776306,-0.018414455652236927
2064,20.64,BELOW_TARGET_MINUS_1CM,0.2815461754798889,-0.018453824520111073
2065,20.650000000000002,BELOW_TARGET_MINUS_1CM,0.2815071940422058,-0.01849280595779418
2066,20.66,BELOW_TARGET_MINUS_1CM,0.28146862983703613,-0.018531370162963856
2067,20.67,BELOW_TARGET_MINUS_1CM,0.2814304828643799,-0.018569517135620106
2068,20.68,BELOW_TARGET_MINUS_1CM,0.2813928723335266,-0.018607127666473378
2069,20.69,BELOW_TARGET_MINUS_1CM,0.28135576844215393,-0.018644231557846058
2070,20.7,BELOW_TARGET_MINUS_1CM,0.2813192903995514,-0.018680709600448597
2071,20.71,BELOW_TARGET_MINUS_1CM,0.2812834084033966,-0.018716591596603382
2072,20.72,BELOW_TARGET_MINUS_1CM,0.28124821186065674,-0.01875178813934325
2073,20.73,BELOW_TARGET_MINUS_1CM,0.28121376037597656,-0.018786239624023426
2074,20.740000000000002,BELOW_TARGET_MINUS_1CM,0.2811800241470337,-0.018819975852966297
2075,20.75,BELOW_TARGET_MINUS_1CM,0.2811471223831177,-0.018852877616882313
2076,20.76,BELOW_TARGET_MINUS_1CM,0.28111502528190613,-0.01888497471809386
2077,20.77,BELOW_TARGET_MINUS_1CM,0.2810838520526886,-0.01891614794731139
2078,20.78,BELOW_TARGET_MINUS_1CM,0.2810535728931427,-0.01894642710685729
2079,20.79,BELOW_TARGET_MINUS_1CM,0.2810242474079132,-0.01897575259208678
2080,20.8,BELOW_TARGET_MINUS_1CM,0.2809959053993225,-0.01900409460067748
2081,20.81,BELOW_TARGET_MINUS_1CM,0.2809686064720154,-0.019031393527984608
2082,20.82,BELOW_TARGET_MINUS_1CM,0.2809423506259918,-0.019057649374008168
2083,20.830000000000002,BELOW_TARGET_MINUS_1CM,0.2809171974658966,-0.019082802534103382
2084,20.84,BELOW_TARGET_MINUS_1CM,0.28089314699172974,-0.019106853008270253
2085,20.85,BELOW_TARGET_MINUS_1CM,0.280870258808136,-0.019129741191864003
2086,20.86,BELOW_TARGET_MINUS_1CM,0.28084856271743774,-0.019151437282562245
2087,20.87,BELOW_TARGET_MINUS_1CM,0.280828058719635,-0.01917194128036498
2088,20.88,BELOW_TARGET_MINUS_1CM,0.28080877661705017,-0.019191223382949818
2089,20.89,BELOW_TARGET_MINUS_1CM,0.2807907462120056,-0.019209253787994374
2090,20.900000000000002,BELOW_TARGET_MINUS_1CM,0.28077396750450134,-0.019226032495498646
2091,20.91,BELOW_TARGET_MINUS_1CM,0.28075850009918213,-0.01924149990081786
2092,20.92,BELOW_TARGET_MINUS_1CM,0.280744343996048,-0.019255656003952015
2093,20.93,BELOW_TARGET_MINUS_1CM,0.2807314991950989,-0.019268500804901112
2094,20.94,BELOW_TARGET_MINUS_1CM,0.28071996569633484,-0.01928003430366515
2095,20.95,BELOW_TARGET_MINUS_1CM,0.28070980310440063,-0.019290196895599354
2096,20.96,BELOW_TARGET_MINUS_1CM,0.2807009518146515,-0.0192990481853485
2097,20.97,BELOW_TARGET_MINUS_1CM,0.28069350123405457,-0.019306498765945423
2098,20.98,BELOW_TARGET_MINUS_1CM,0.2806873619556427,-0.01931263804435729
2099,20.990000000000002,BELOW_TARGET_MINUS_1CM,0.28068262338638306,-0.019317376613616932
2100,21.0,BELOW_TARGET_MINUS_1CM,0.28067922592163086,-0.01932077407836913
2101,21.01,BELOW_TARGET_MINUS_1CM,0.2806771993637085,-0.019322800636291493
2102,21.02,BELOW_TARGET_MINUS_1CM,0.2806765139102936,-0.01932348608970641
2103,21.03,BELOW_TARGET_MINUS_1CM,0.2806771993637085,-0.019322800636291493
2104,21.04,BELOW_TARGET_MINUS_1CM,0.28067919611930847,-0.019320803880691517
2105,21.05,BELOW_TARGET_MINUS_1CM,0.2806825637817383,-0.019317436218261708
2106,21.06,BELOW_TARGET_MINUS_1CM,0.28068721294403076,-0.019312787055969227
2107,21.07,BELOW_TARGET_MINUS_1CM,0.2806931734085083,-0.019306826591491688
2108,21.080000000000002,BELOW_TARGET_MINUS_1CM,0.2807004451751709,-0.01929955482482909
2109,21.09,BELOW_TARGET_MINUS_1CM,0.2807089686393738,-0.01929103136062621
2110,21.1,BELOW_TARGET_MINUS_1CM,0.28071874380111694,-0.019281256198883046
2111,21.11,BELOW_TARGET_MINUS_1CM,0.2807297706604004,-0.0192702293395996
2112,21.12,BELOW_TARGET_MINUS_1CM,0.28074195981025696,-0.01925804018974303
2113,21.13,BELOW_TARGET_MINUS_1CM,0.2807553708553314,-0.019244629144668568
2114,21.14,BELOW_TARGET_MINUS_1CM,0.2807699143886566,-0.019230085611343373
2115,21.150000000000002,BELOW_TARGET_MINUS_1CM,0.28078559041023254,-0.019214409589767445
2116,21.16,BELOW_TARGET_MINUS_1CM,0.2808023691177368,-0.019197630882263172
2117,21.17,BELOW_TARGET_MINUS_1CM,0.28082019090652466,-0.01917980909347533
2118,21.18,BELOW_TARGET_MINUS_1CM,0.28083908557891846,-0.019160914421081532
2119,21.19,BELOW_TARGET_MINUS_1CM,0.28085896372795105,-0.01914103627204894
2120,21.2,BELOW_TARGET_MINUS_1CM,0.28087979555130005,-0.01912020444869994
2121,21.21,BELOW_TARGET_MINUS_1CM,0.28090155124664307,-0.019098448753356922
2122,21.22,BELOW_TARGET_MINUS_1CM,0.2809242308139801,-0.019075769186019886
2123,21.23,BELOW_TARGET_MINUS_1CM,0.280947744846344,-0.019052255153655995
2124,21.240000000000002,BELOW_TARGET_MINUS_1CM,0.28097209334373474,-0.019027906656265248
2125,21.25,BELOW_TARGET_MINUS_1CM,0.2809971868991852,-0.019002813100814808
2126,21.26,BELOW_TARGET_MINUS_1CM,0.2810230553150177,-0.01897694468498229
2127,21.27,BELOW_TARGET_MINUS_1CM,0.28104960918426514,-0.018950390815734852
2128,21.28,BELOW_TARGET_MINUS_1CM,0.2810768187046051,-0.018923181295394886
2129,21.29,BELOW_TARGET_MINUS_1CM,0.2811046242713928,-0.018895375728607167
2130,21.3,BELOW_TARGET_MINUS_1CM,0.2811330258846283,-0.018866974115371693
2131,21.31,BELOW_TARGET_MINUS_1CM,0.28116196393966675,-0.01883803606033324
2132,21.32,BELOW_TARGET_MINUS_1CM,0.2811913788318634,-0.018808621168136586
2133,21.330000000000002,BELOW_TARGET_MINUS_1CM,0.2812212407588959,-0.018778759241104115
2134,21.34,BELOW_TARGET_MINUS_1CM,0.2812515199184418,-0.018748480081558216
2135,21.35,BELOW_TARGET_MINUS_1CM,0.2812821567058563,-0.018717843294143666
2136,21.36,BELOW_TARGET_MINUS_1CM,0.28131312131881714,-0.01868687868118285
2137,21.37,BELOW_TARGET_MINUS_1CM,0.28134435415267944,-0.018655645847320546
2138,21.38,BELOW_TARGET_MINUS_1CM,0.28137585520744324,-0.01862414479255675
2139,21.39,BELOW_TARGET_MINUS_1CM,0.28140753507614136,-0.01859246492385863
2140,21.400000000000002,BELOW_TARGET_MINUS_1CM,0.2814393639564514,-0.018560636043548573
2141,21.41,BELOW_TARGET_MINUS_1CM,0.281471312046051,-0.018528687953948964
2142,21.42,BELOW_TARGET_MINUS_1CM,0.2815033495426178,-0.01849665045738219
2143,21.43,BELOW_TARGET_MINUS_1CM,0.28153544664382935,-0.018464553356170643
2144,21.44,BELOW_TARGET_MINUS_1CM,0.2815675139427185,-0.018432486057281483
2145,21.45,BELOW_TARGET_MINUS_1CM,0.28159958124160767,-0.018400418758392323
2146,21.46,BELOW_TARGET_MINUS_1CM,0.28163155913352966,-0.018368440866470326
2147,21.47,BELOW_TARGET_MINUS_1CM,0.2816634476184845,-0.018336552381515492
2148,21.48,BELOW_TARGET_MINUS_1CM,0.2816951870918274,-0.018304812908172596
2149,21.490000000000002,BELOW_TARGET_MINUS_1CM,0.28172674775123596,-0.018273252248764027
2150,21.5,BELOW_TARGET_MINUS_1CM,0.2817580997943878,-0.01824190020561217
2151,21.51,BELOW_TARGET_MINUS_1CM,0.28178924322128296,-0.01821075677871703
2152,21.52,BELOW_TARGET_MINUS_1CM,0.2818201184272766,-0.018179881572723378
2153,21.53,BELOW_TARGET_MINUS_1CM,0.2818506956100464,-0.018149304389953602
2154,21.54,BELOW_TARGET_MINUS_1CM,0.2818809449672699,-0.01811905503273009
2155,21.55,BELOW_TARGET_MINUS_1CM,0.28191083669662476,-0.018089163303375233
2156,21.56,BELOW_TARGET_MINUS_1CM,0.28194037079811096,-0.018059629201889027
2157,21.57,BELOW_TARGET_MINUS_1CM,0.28196951746940613,-0.01803048253059386
2158,21.580000000000002,BELOW_TARGET_MINUS_1CM,0.2819982171058655,-0.01800178289413451
2159,21.59,BELOW_TARGET_MINUS_1CM,0.2820264995098114,-0.017973500490188588
2160,21.6,BELOW_TARGET_MINUS_1CM,0.2820543348789215,-0.01794566512107848
2161,21.61,BELOW_TARGET_MINUS_1CM,0.282081663608551,-0.017918336391448964
2162,21.62,BELOW_TARGET_MINUS_1CM,0.28210848569869995,-0.017891514301300038
2163,21.63,BELOW_TARGET_MINUS_1CM,0.2821348011493683,-0.017865198850631703
2164,21.64,BELOW_TARGET_MINUS_1CM,0.28216058015823364,-0.017839419841766346
2165,21.650000000000002,BELOW_TARGET_MINUS_1CM,0.282185822725296,-0.01781417727470397
2166,21.66,BELOW_TARGET_MINUS_1CM,0.28221049904823303,-0.017789500951766957
2167,21.67,BELOW_TARGET_MINUS_1CM,0.2822346091270447,-0.01776539087295531
2168,21.68,BELOW_TARGET_MINUS_1CM,0.28225812315940857,-0.01774187684059142
2169,21.69,BELOW_TARGET_MINUS_1CM,0.2822810411453247,-0.017718958854675282
2170,21.7,BELOW_TARGET_MINUS_1CM,0.2823033630847931,-0.017696636915206898
2171,21.71,BELOW_TARGET_MINUS_1CM,0.28232505917549133,-0.017674940824508656
2172,21.72,BELOW_TARGET_MINUS_1CM,0.2823461592197418,-0.017653840780258168
2173,21.73,BELOW_TARGET_MINUS_1CM,0.2823666036128998,-0.01763339638710021
2174,21.740000000000002,BELOW_TARGET_MINUS_1CM,0.28238645195961,-0.017613548040390004
2175,21.75,BELOW_TARGET_MINUS_1CM,0.28240564465522766,-0.017594355344772328
2176,21.76,BELOW_TARGET_MINUS_1CM,0.2824241816997528,-0.01757581830024718
2177,21.77,BELOW_TARGET_MINUS_1CM,0.2824420928955078,-0.017557907104492176
2178,21.78,BELOW_TARGET_MINUS_1CM,0.2824593484401703,-0.0175406515598297
2179,21.79,BELOW_TARGET_MINUS_1CM,0.2824759781360626,-0.017524021863937367
2180,21.8,BELOW_TARGET_MINUS_1CM,0.28249192237854004,-0.01750807762145995
2181,21.81,BELOW_TARGET_MINUS_1CM,0.2825072407722473,-0.017492759227752674
2182,21.82,BELOW_TARGET_MINUS_1CM,0.28252190351486206,-0.01747809648513793
2183,21.830000000000002,BELOW_TARGET_MINUS_1CM,0.2825359106063843,-0.01746408939361571
2184,21.84,BELOW_TARGET_MINUS_1CM,0.28254926204681396,-0.017450737953186024
2185,21.85,BELOW_TARGET_MINUS_1CM,0.2825619876384735,-0.017438012361526478
2186,21.86,BELOW_TARGET_MINUS_1CM,0.28257402777671814,-0.01742597222328185
2187,21.87,BELOW_TARGET_MINUS_1CM,0.2825854420661926,-0.017414557933807362
2188,21.88,BELOW_TARGET_MINUS_1CM,0.2825962007045746,-0.017403799295425404
2189,21.89,BELOW_TARGET_MINUS_1CM,0.282606303691864,-0.017393696308135975
2190,21.900000000000002,BELOW_TARGET_MINUS_1CM,0.2826157808303833,-0.017384219169616688
2191,21.91,BELOW_TARGET_MINUS_1CM,0.28262463212013245,-0.017375367879867543
2192,21.92,BELOW_TARGET_MINUS_1CM,0.2826327979564667,-0.017367202043533314
2193,21.93,BELOW_TARGET_MINUS_1CM,0.28264036774635315,-0.01735963225364684
2194,21.94,BELOW_TARGET_MINUS_1CM,0.2826472818851471,-0.017352718114852894
2195,21.95,BELOW_TARGET_MINUS_1CM,0.2826535403728485,-0.017346459627151478
2196,21.96,BELOW_TARGET_MINUS_1CM,0.2826591730117798,-0.017340826988220204
2197,21.97,BELOW_TARGET_MINUS_1CM,0.2826641798019409,-0.01733582019805907
2198,21.98,BELOW_TARGET_MINUS_1CM,0.2826685607433319,-0.01733143925666808
2199,21.990000000000002,BELOW_TARGET_MINUS_1CM,0.28267237544059753,-0.017327624559402455
2200,22.0,BELOW_TARGET_MINUS_1CM,0.2826758325099945,-0.017324167490005482
2201,22.01,BELOW_TARGET_MINUS_1CM,0.2826787531375885,-0.017321246862411488
2202,22.02,BELOW_TARGET_MINUS_1CM,0.2826809883117676,-0.01731901168823241
2203,22.03,BELOW_TARGET_MINUS_1CM,0.28268250823020935,-0.01731749176979064
2204,22.04,BELOW_TARGET_MINUS_1CM,0.28268328309059143,-0.017316716909408558
2205,22.05,BELOW_TARGET_MINUS_1CM,0.28268328309059143,-0.017316716909408558
2206,22.06,BELOW_TARGET_MINUS_1CM,0.2826824486255646,-0.017317551374435414
2207,22.07,BELOW_TARGET_MINUS_1CM,0.28268080949783325,-0.017319190502166737
2208,22.080000000000002,BELOW_TARGET_MINUS_1CM,0.28267836570739746,-0.017321634292602528
2209,22.09,BELOW_TARGET_MINUS_1CM,0.2826751470565796,-0.0173248529434204
2210,22.1,BELOW_TARGET_MINUS_1CM,0.28267139196395874,-0.01732860803604125
2211,22.11,BELOW_TARGET_MINUS_1CM,0.2826671600341797,-0.0173328399658203
2212,22.12,BELOW_TARGET_MINUS_1CM,0.2826623022556305,-0.017337697744369496
2213,22.13,BELOW_TARGET_MINUS_1CM,0.28265684843063354,-0.017343151569366444
2214,22.14,BELOW_TARGET_MINUS_1CM,0.28265079855918884,-0.017349201440811146
2215,22.150000000000002,BELOW_TARGET_MINUS_1CM,0.282644122838974,-0.01735587716102599
2216,22.16,BELOW_TARGET_MINUS_1CM,0.2826367914676666,-0.017363208532333363
2217,22.17,BELOW_TARGET_MINUS_1CM,0.2826288044452667,-0.017371195554733265
2218,22.18,BELOW_TARGET_MINUS_1CM,0.2826201617717743,-0.017379838228225697
2219,22.19,BELOW_TARGET_MINUS_1CM,0.28261080384254456,-0.017389196157455433
2220,22.2,BELOW_TARGET_MINUS_1CM,0.2826007902622223,-0.0173992097377777
2221,22.21,BELOW_TARGET_MINUS_1CM,0.28259003162384033,-0.017409968376159657
2222,22.22,BELOW_TARGET_MINUS_1CM,0.28257861733436584,-0.017421382665634144
2223,22.23,BELOW_TARGET_MINUS_1CM,0.28256645798683167,-0.017433542013168324
2224,22.240000000000002,BELOW_TARGET_MINUS_1CM,0.2825535535812378,-0.017446446418762196
2225,22.25,BELOW_TARGET_MINUS_1CM,0.2825399339199066,-0.017460066080093373
2226,22.26,BELOW_TARGET_MINUS_1CM,0.28252559900283813,-0.017474400997161854
2227,22.27,BELOW_TARGET_MINUS_1CM,0.2825104892253876,-0.017489510774612416
2228,22.28,BELOW_TARGET_MINUS_1CM,0.2824946343898773,-0.01750536561012267
2229,22.29,BELOW_TARGET_MINUS_1CM,0.2824780344963074,-0.017521965503692616
2230,22.3,BELOW_TARGET_MINUS_1CM,0.28246065974235535,-0.017539340257644642
2231,22.31,BELOW_TARGET_MINUS_1CM,0.28244253993034363,-0.01755746006965636
2232,22.32,BELOW_TARGET_MINUS_1CM,0.28242361545562744,-0.017576384544372547
2233,22.330000000000002,BELOW_TARGET_MINUS_1CM,0.2824039161205292,-0.017596083879470814
2234,22.34,BELOW_TARGET_MINUS_1CM,0.2823834717273712,-0.017616528272628773
2235,22.35,BELOW_TARGET_MINUS_1CM,0.2823622226715088,-0.0176377773284912
2236,22.36,BELOW_TARGET_MINUS_1CM,0.2823401987552643,-0.017659801244735707
2237,22.37,BELOW_TARGET_MINUS_1CM,0.2823173701763153,-0.01768262982368468
2238,22.38,BELOW_TARGET_MINUS_1CM,0.28229379653930664,-0.01770620346069335
2239,22.39,BELOW_TARGET_MINUS_1CM,0.2822693884372711,-0.01773061156272887
2240,22.400000000000002,BELOW_TARGET_MINUS_1CM,0.2822442352771759,-0.017755764722824086
2241,22.41,BELOW_TARGET_MINUS_1CM,0.2822183072566986,-0.01778169274330138
2242,22.42,BELOW_TARGET_MINUS_1CM,0.28219157457351685,-0.017808425426483143
2243,22.43,BELOW_TARGET_MINUS_1CM,0.2821640968322754,-0.0178359031677246
2244,22.44,BELOW_TARGET_MINUS_1CM,0.28213584423065186,-0.017864155769348133
2245,22.45,BELOW_TARGET_MINUS_1CM,0.28210681676864624,-0.01789318323135375
2246,22.46,BELOW_TARGET_MINUS_1CM,0.2820770740509033,-0.01792292594909667
2247,22.47,BELOW_TARGET_MINUS_1CM,0.2820465564727783,-0.01795344352722167
2248,22.48,BELOW_TARGET_MINUS_1CM,0.282015323638916,-0.017984676361083973
2249,22.490000000000002,BELOW_TARGET_MINUS_1CM,0.281983345746994,-0.01801665425300597
2250,22.5,BELOW_TARGET_MINUS_1CM,0.2819506824016571,-0.018049317598342884
2251,22.51,BELOW_TARGET_MINUS_1CM,0.2819173336029053,-0.018082666397094715
2252,22.52,BELOW_TARGET_MINUS_1CM,0.2818832993507385,-0.018116700649261464
2253,22.53,BELOW_TARGET_MINUS_1CM,0.28184860944747925,-0.01815139055252074
2254,22.54,BELOW_TARGET_MINUS_1CM,0.28181329369544983,-0.01818670630455016
2255,22.55,BELOW_TARGET_MINUS_1CM,0.2817773222923279,-0.018222677707672108
2256,22.56,BELOW_TARGET_MINUS_1CM,0.28174078464508057,-0.018259215354919422
2257,22.57,BELOW_TARGET_MINUS_1CM,0.2817036509513855,-0.01829634904861449
2258,22.580000000000002,BELOW_TARGET_MINUS_1CM,0.28166595101356506,-0.018334048986434925
2259,22.59,BELOW_TARGET_MINUS_1CM,0.28162774443626404,-0.01837225556373595
2260,22.6,BELOW_TARGET_MINUS_1CM,0.2815890312194824,-0.018410968780517567
2261,22.61,BELOW_TARGET_MINUS_1CM,0.2815498411655426,-0.018450158834457386
2262,22.62,BELOW_TARGET_MINUS_1CM,0.28151023387908936,-0.018489766120910633
2263,22.63,BELOW_TARGET_MINUS_1CM,0.2814701795578003,-0.018529820442199696
2264,22.64,BELOW_TARGET_MINUS_1CM,0.2814297676086426,-0.01857023239135741
2265,22.650000000000002,BELOW_TARGET_MINUS_1CM,0.2813890278339386,-0.01861097216606139
2266,22.66,BELOW_TARGET_MINUS_1CM,0.28134796023368835,-0.018652039766311634
2267,22.67,BELOW_TARGET_MINUS_1CM,0.28130659461021423,-0.018693405389785755
2268,22.68,BELOW_TARGET_MINUS_1CM,0.2812650203704834,-0.01873497962951659
2269,22.69,BELOW_TARGET_MINUS_1CM,0.28122326731681824,-0.01877673268318175
2270,22.7,BELOW_TARGET_MINUS_1CM,0.28118133544921875,-0.01881866455078124
2271,22.71,BELOW_TARGET_MINUS_1CM,0.2811392843723297,-0.018860715627670277
2272,22.72,BELOW_TARGET_MINUS_1CM,0.2810971438884735,-0.018902856111526478
2273,22.73,BELOW_TARGET_MINUS_1CM,0.2810549736022949,-0.018945026397705067
2274,22.740000000000002,BELOW_TARGET_MINUS_1CM,0.2810128331184387,-0.018987166881561268
2275,22.75,BELOW_TARGET_MINUS_1CM,0.2809707224369049,-0.01902927756309508
2276,22.76,BELOW_TARGET_MINUS_1CM,0.28092873096466064,-0.019071269035339344
2277,22.77,BELOW_TARGET_MINUS_1CM,0.2808868885040283,-0.01911311149597167
2278,22.78,BELOW_TARGET_MINUS_1CM,0.2808452248573303,-0.019154775142669667
2279,22.79,BELOW_TARGET_MINUS_1CM,0.28080376982688904,-0.01919623017311095
2280,22.8,BELOW_TARGET_MINUS_1CM,0.280762642621994,-0.01923735737800597
2281,22.81,BELOW_TARGET_MINUS_1CM,0.2807218134403229,-0.019278186559677113
2282,22.82,BELOW_TARGET_MINUS_1CM,0.2806813716888428,-0.019318628311157215
2283,22.830000000000002,BELOW_TARGET_MINUS_1CM,0.2806413173675537,-0.019358682632446278
2284,22.84,BELOW_TARGET_MINUS_1CM,0.28060176968574524,-0.01939823031425475
2285,22.85,BELOW_TARGET_MINUS_1CM,0.28056272864341736,-0.01943727135658263
2286,22.86,BELOW_TARGET_MINUS_1CM,0.28052425384521484,-0.019475746154785145
2287,22.87,BELOW_TARGET_MINUS_1CM,0.2804863750934601,-0.019513624906539906
2288,22.88,BELOW_TARGET_MINUS_1CM,0.28044915199279785,-0.019550848007202137
2289,22.89,BELOW_TARGET_MINUS_1CM,0.2804126441478729,-0.019587355852127064
2290,22.900000000000002,BELOW_TARGET_MINUS_1CM,0.2803768813610077,-0.0196231186389923
2291,22.91,BELOW_TARGET_MINUS_1CM,0.28034189343452454,-0.019658106565475453
2292,22.92,BELOW_TARGET_MINUS_1CM,0.28030773997306824,-0.01969226002693175
2293,22.93,BELOW_TARGET_MINUS_1CM,0.2802744507789612,-0.019725549221038807
2294,22.94,BELOW_TARGET_MINUS_1CM,0.28024208545684814,-0.019757914543151844
2295,22.95,BELOW_TARGET_MINUS_1CM,0.2802106738090515,-0.019789326190948475
2296,22.96,BELOW_TARGET_MINUS_1CM,0.28018027544021606,-0.019819724559783924
2297,22.97,BELOW_TARGET_MINUS_1CM,0.2801508903503418,-0.019849109649658192
2298,22.98,BELOW_TARGET_MINUS_1CM,0.2801225781440735,-0.019877421855926503
2299,22.990000000000002,BELOW_TARGET_MINUS_1CM,0.2800953686237335,-0.01990463137626647
2300,23.0,BELOW_TARGET_MINUS_1CM,0.2800693213939667,-0.019930678606033314
2301,23.01,BELOW_TARGET_MINUS_1CM,0.28004443645477295,-0.01995556354522704
2302,23.02,BELOW_TARGET_MINUS_1CM,0.28002074360847473,-0.019979256391525257
2303,23.03,BELOW_TARGET_MINUS_2CM,0.2799982726573944,-0.02000172734260558
2304,23.04,BELOW_TARGET_MINUS_2CM,0.27997705340385437,-0.02002294659614562
2305,23.05,BELOW_TARGET_MINUS_2CM,0.2799571454524994,-0.0200428545475006
2306,23.06,BELOW_TARGET_MINUS_2CM,0.2799385190010071,-0.02006148099899291
2307,23.07,BELOW_TARGET_MINUS_2CM,0.2799212336540222,-0.020078766345977772
2308,23.080000000000002,BELOW_TARGET_MINUS_2CM,0.2799052894115448,-0.02009471058845519
2309,23.09,BELOW_TARGET_MINUS_2CM,0.2798907160758972,-0.020109283924102772
2310,23.1,BELOW_TARGET_MINUS_2CM,0.27987751364707947,-0.02012248635292052
2311,23.11,BELOW_TARGET_MINUS_2CM,0.27986571192741394,-0.02013428807258605
2312,23.12,BELOW_TARGET_MINUS_2CM,0.27985531091690063,-0.020144689083099354
2313,23.13,BELOW_TARGET_MINUS_2CM,0.27984634041786194,-0.02015365958213805
2314,23.14,BELOW_TARGET_MINUS_2CM,0.27983877062797546,-0.020161229372024525
2315,23.150000000000002,BELOW_TARGET_MINUS_2CM,0.2798326313495636,-0.02016736865043639
2316,23.16,BELOW_TARGET_MINUS_2CM,0.27982792258262634,-0.020172077417373646
2317,23.17,BELOW_TARGET_MINUS_2CM,0.2798246145248413,-0.02017538547515868
2318,23.18,BELOW_TARGET_MINUS_2CM,0.27982276678085327,-0.020177233219146717
2319,23.19,BELOW_TARGET_MINUS_2CM,0.27982231974601746,-0.020177680253982533
2320,23.2,BELOW_TARGET_MINUS_2CM,0.27982330322265625,-0.02017669677734374
2321,23.21,BELOW_TARGET_MINUS_2CM,0.27982568740844727,-0.020174312591552723
2322,23.22,BELOW_TARGET_MINUS_2CM,0.2798294723033905,-0.020170527696609486
2323,23.23,BELOW_TARGET_MINUS_2CM,0.27983465790748596,-0.020165342092514027
2324,23.240000000000002,BELOW_TARGET_MINUS_2CM,0.27984118461608887,-0.02015881538391112
2325,23.25,BELOW_TARGET_MINUS_2CM,0.2798490822315216,-0.020150917768478382
2326,23.26,BELOW_TARGET_MINUS_2CM,0.2798583209514618,-0.020141679048538197
2327,23.27,BELOW_TARGET_MINUS_2CM,0.27986884117126465,-0.02013115882873534
2328,23.28,BELOW_TARGET_MINUS_2CM,0.27988067269325256,-0.020119327306747425
2329,23.29,BELOW_TARGET_MINUS_2CM,0.27989378571510315,-0.02010621428489684
2330,23.3,BELOW_TARGET_MINUS_2CM,0.27990812063217163,-0.020091879367828358
2331,23.31,BELOW_TARGET_MINUS_2CM,0.279923677444458,-0.02007632255554198
2332,23.32,BELOW_TARGET_MINUS_2CM,0.2799404263496399,-0.020059573650360096
2333,23.330000000000002,BELOW_TARGET_MINUS_2CM,0.2799583375453949,-0.02004166245460509
2334,23.34,BELOW_TARGET_MINUS_2CM,0.27997735142707825,-0.020022648572921742
2335,23.35,BELOW_TARGET_MINUS_2CM,0.27999743819236755,-0.020002561807632435
2336,23.36,BELOW_TARGET_MINUS_1CM,0.2800186276435852,-0.019981372356414784
2337,23.37,BELOW_TARGET_MINUS_1CM,0.28004080057144165,-0.01995919942855834
2338,23.38,BELOW_TARGET_MINUS_1CM,0.2800639569759369,-0.0199360430240631
2339,23.39,BELOW_TARGET_MINUS_1CM,0.28008806705474854,-0.019911932945251454
2340,23.400000000000002,BELOW_TARGET_MINUS_1CM,0.2801130712032318,-0.019886928796768177
2341,23.41,BELOW_TARGET_MINUS_1CM,0.28013893961906433,-0.019861060380935658
2342,23.42,BELOW_TARGET_MINUS_1CM,0.2801656126976013,-0.01983438730239867
2343,23.43,BELOW_TARGET_MINUS_1CM,0.2801930904388428,-0.019806909561157215
2344,23.44,BELOW_TARGET_MINUS_1CM,0.28022128343582153,-0.019778716564178456
2345,23.45,BELOW_TARGET_MINUS_1CM,0.2802501916885376,-0.01974980831146239
2346,23.46,BELOW_TARGET_MINUS_1CM,0.2802797257900238,-0.019720274209976185
2347,23.47,BELOW_TARGET_MINUS_1CM,0.28030988574028015,-0.019690114259719838
2348,23.48,BELOW_TARGET_MINUS_1CM,0.28034061193466187,-0.019659388065338124
2349,23.490000000000002,BELOW_TARGET_MINUS_1CM,0.28037184476852417,-0.01962815523147582
2350,23.5,BELOW_TARGET_MINUS_1CM,0.2804035544395447,-0.01959644556045531
2351,23.51,BELOW_TARGET_MINUS_1CM,0.280435711145401,-0.019564288854598988
2352,23.52,BELOW_TARGET_MINUS_1CM,0.280468225479126,-0.019531774520874012
2353,23.53,BELOW_TARGET_MINUS_1CM,0.2805010974407196,-0.019498902559280384
2354,23.54,BELOW_TARGET_MINUS_1CM,0.2805342674255371,-0.01946573257446288
2355,23.55,BELOW_TARGET_MINUS_1CM,0.2805677056312561,-0.019432294368743885
2356,23.56,BELOW_TARGET_MINUS_1CM,0.2806013524532318,-0.019398647546768177
2357,23.57,BELOW_TARGET_MINUS_1CM,0.28063514828681946,-0.01936485171318053
2358,23.580000000000002,BELOW_TARGET_MINUS_1CM,0.28066909313201904,-0.019330906867980946
2359,23.59,BELOW_TARGET_MINUS_1CM,0.2807031273841858,-0.019296872615814198
2360,23.6,BELOW_TARGET_MINUS_1CM,0.2807372212409973,-0.019262778759002674
2361,23.61,BELOW_TARGET_MINUS_1CM,0.28077128529548645,-0.01922871470451354
2362,23.62,BELOW_TARGET_MINUS_1CM,0.2808053493499756,-0.019194650650024403
2363,23.63,BELOW_TARGET_MINUS_1CM,0.28083932399749756,-0.01916067600250243
2364,23.64,BELOW_TARGET_MINUS_1CM,0.28087320923805237,-0.01912679076194762
2365,23.650000000000002,BELOW_TARGET_MINUS_1CM,0.28090694546699524,-0.01909305453300475
2366,23.66,BELOW_TARGET_MINUS_1CM,0.28094053268432617,-0.019059467315673817
2367,23.67,BELOW_TARGET_MINUS_1CM,0.280973881483078,-0.019026118516921986
2368,23.68,BELOW_TARGET_MINUS_1CM,0.28100699186325073,-0.018993008136749256
2369,23.69,BELOW_TARGET_MINUS_1CM,0.281039834022522,-0.018960165977478016
2370,23.7,BELOW_TARGET_MINUS_1CM,0.28107234835624695,-0.01892765164375304
2371,23.71,BELOW_TARGET_MINUS_1CM,0.28110456466674805,-0.018895435333251942
2372,23.72,BELOW_TARGET_MINUS_1CM,0.2811363935470581,-0.018863606452941883
2373,23.73,BELOW_TARGET_MINUS_1CM,0.2811678349971771,-0.018832165002822865
2374,23.740000000000002,BELOW_TARGET_MINUS_1CM,0.2811988890171051,-0.018801110982894886
2375,23.75,BELOW_TARGET_MINUS_1CM,0.2812294661998749,-0.01877053380012511
2376,23.76,BELOW_TARGET_MINUS_1CM,0.2812596261501312,-0.018740373849868763
2377,23.77,BELOW_TARGET_MINUS_1CM,0.2812892496585846,-0.018710750341415394
2378,23.78,BELOW_TARGET_MINUS_1CM,0.28131842613220215,-0.01868157386779784
2379,23.79,BELOW_TARGET_MINUS_1CM,0.28134703636169434,-0.018652963638305653
2380,23.8,BELOW_TARGET_MINUS_1CM,0.28137513995170593,-0.018624860048294056
2381,23.81,BELOW_TARGET_MINUS_1CM,0.2814026474952698,-0.018597352504730214
2382,23.82,BELOW_TARGET_MINUS_1CM,0.28142961859703064,-0.01857038140296935
2383,23.830000000000002,BELOW_TARGET_MINUS_1CM,0.28145599365234375,-0.01854400634765624
2384,23.84,BELOW_TARGET_MINUS_1CM,0.2814817428588867,-0.01851825714111327
2385,23.85,BELOW_TARGET_MINUS_1CM,0.28150689601898193,-0.018493103981018055
2386,23.86,BELOW_TARGET_MINUS_1CM,0.2815314531326294,-0.018468546867370594
2387,23.87,BELOW_TARGET_MINUS_1CM,0.2815553545951843,-0.018444645404815663
2388,23.88,BELOW_TARGET_MINUS_1CM,0.28157860040664673,-0.01842139959335326
2389,23.89,BELOW_TARGET_MINUS_1CM,0.281601220369339,-0.018398779630661
2390,23.900000000000002,BELOW_TARGET_MINUS_1CM,0.28162315487861633,-0.018376845121383656
2391,23.91,BELOW_TARGET_MINUS_1CM,0.28164443373680115,-0.01835556626319884
2392,23.92,BELOW_TARGET_MINUS_1CM,0.28166505694389343,-0.018334943056106556
2393,23.93,BELOW_TARGET_MINUS_1CM,0.2816850244998932,-0.0183149755001068
2394,23.94,BELOW_TARGET_MINUS_1CM,0.281704306602478,-0.01829569339752196
2395,23.95,BELOW_TARGET_MINUS_1CM,0.28172290325164795,-0.01827709674835204
2396,23.96,BELOW_TARGET_MINUS_1CM,0.28174081444740295,-0.018259185552597035
2397,23.97,BELOW_TARGET_MINUS_1CM,0.28175804018974304,-0.018241959810256947
2398,23.98,BELOW_TARGET_MINUS_1CM,0.2817746102809906,-0.01822538971900939
2399,23.990000000000002,BELOW_TARGET_MINUS_1CM,0.28179046511650085,-0.018209534883499134
2400,24.0,BELOW_TARGET_MINUS_1CM,0.2818056344985962,-0.018194365501403797
2401,24.01,BELOW_TARGET_MINUS_1CM,0.281820148229599,-0.01817985177040099
2402,24.02,BELOW_TARGET_MINUS_1CM,0.2818339765071869,-0.0181660234928131
2403,24.03,BELOW_TARGET_MINUS_1CM,0.28184711933135986,-0.018152880668640126
2404,24.04,BELOW_TARGET_MINUS_1CM,0.2818595767021179,-0.01814042329788207
2405,24.05,BELOW_TARGET_MINUS_1CM,0.28187134861946106,-0.01812865138053893
2406,24.060000000000002,BELOW_TARGET_MINUS_1CM,0.28188246488571167,-0.01811753511428832
2407,24.07,BELOW_TARGET_MINUS_1CM,0.28189289569854736,-0.018107104301452626
2408,24.080000000000002,BELOW_TARGET_MINUS_1CM,0.28190264105796814,-0.01809735894203185
2409,24.09,BELOW_TARGET_MINUS_1CM,0.2819117307662964,-0.018088269233703602
2410,24.1,BELOW_TARGET_MINUS_1CM,0.2819201350212097,-0.018079864978790272
2411,24.11,BELOW_TARGET_MINUS_1CM,0.2819278836250305,-0.01807211637496947
2412,24.12,BELOW_TARGET_MINUS_1CM,0.2819349467754364,-0.018065053224563588
2413,24.13,BELOW_TARGET_MINUS_1CM,0.28194138407707214,-0.018058615922927845
2414,24.14,BELOW_TARGET_MINUS_1CM,0.2819471061229706,-0.018052893877029408
2415,24.150000000000002,BELOW_TARGET_MINUS_1CM,0.2819522023200989,-0.018047797679901112
2416,24.16,BELOW_TARGET_MINUS_1CM,0.28195667266845703,-0.018043327331542958
2417,24.17,BELOW_TARGET_MINUS_1CM,0.2819606363773346,-0.018039363622665394
2418,24.18,BELOW_TARGET_MINUS_1CM,0.28196415305137634,-0.018035846948623646
2419,24.19,BELOW_TARGET_MINUS_1CM,0.28196701407432556,-0.018032985925674427
2420,24.2,BELOW_TARGET_MINUS_1CM,0.2819691002368927,-0.01803089976310729
2421,24.21,BELOW_TARGET_MINUS_1CM,0.28197044134140015,-0.018029558658599842
2422,24.22,BELOW_TARGET_MINUS_1CM,0.2819709777832031,-0.018029022216796864
2423,24.23,BELOW_TARGET_MINUS_1CM,0.28197064995765686,-0.01802935004234313
2424,24.240000000000002,BELOW_TARGET_MINUS_1CM,0.28196948766708374,-0.01803051233291625
2425,24.25,BELOW_TARGET_MINUS_1CM,0.2819674611091614,-0.018032538890838612
2426,24.26,BELOW_TARGET_MINUS_1CM,0.28196465969085693,-0.018035340309143055
2427,24.27,BELOW_TARGET_MINUS_1CM,0.2819612920284271,-0.018038707971572865
2428,24.28,BELOW_TARGET_MINUS_1CM,0.28195738792419434,-0.018042612075805653
2429,24.29,BELOW_TARGET_MINUS_1CM,0.2819528579711914,-0.018047142028808583
2430,24.3,BELOW_TARGET_MINUS_1CM,0.28194767236709595,-0.01805232763290404
2431,24.310000000000002,BELOW_TARGET_MINUS_1CM,0.28194186091423035,-0.018058139085769642
2432,24.32,BELOW_TARGET_MINUS_1CM,0.2819353938102722,-0.018064606189727772
2433,24.330000000000002,BELOW_TARGET_MINUS_1CM,0.28192824125289917,-0.01807175874710082
2434,24.34,BELOW_TARGET_MINUS_1CM,0.2819203734397888,-0.01807962656021117
2435,24.35,BELOW_TARGET_MINUS_1CM,0.28191182017326355,-0.01808817982673644
2436,24.36,BELOW_TARGET_MINUS_1CM,0.281902551651001,-0.018097448348999012
2437,24.37,BELOW_TARGET_MINUS_1CM,0.2818925678730011,-0.01810743212699889
2438,24.38,BELOW_TARGET_MINUS_1CM,0.28188183903694153,-0.01811816096305846
2439,24.39,BELOW_TARGET_MINUS_1CM,0.28187036514282227,-0.018129634857177723
2440,24.400000000000002,BELOW_TARGET_MINUS_1CM,0.2818581461906433,-0.01814185380935668
2441,24.41,BELOW_TARGET_MINUS_1CM,0.28184518218040466,-0.018154817819595326
2442,24.42,BELOW_TARGET_MINUS_1CM,0.28183144330978394,-0.018168556690216053
2443,24.43,BELOW_TARGET_MINUS_1CM,0.28181692957878113,-0.01818307042121886
2444,24.44,BELOW_TARGET_MINUS_1CM,0.28180161118507385,-0.018198388814926136
2445,24.45,BELOW_TARGET_MINUS_1CM,0.2817855477333069,-0.018214452266693104
2446,24.46,BELOW_TARGET_MINUS_1CM,0.28176867961883545,-0.01823132038116454
2447,24.47,BELOW_TARGET_MINUS_1CM,0.28175100684165955,-0.018248993158340443
2448,24.48,BELOW_TARGET_MINUS_1CM,0.2817324995994568,-0.018267500400543202
2449,24.490000000000002,BELOW_TARGET_MINUS_1CM,0.28171321749687195,-0.01828678250312804
2450,24.5,BELOW_TARGET_MINUS_1CM,0.28169313073158264,-0.018306869268417347
2451,24.51,BELOW_TARGET_MINUS_1CM,0.2816722095012665,-0.01832779049873351
2452,24.52,BELOW_TARGET_MINUS_1CM,0.28165048360824585,-0.01834951639175414
2453,24.53,BELOW_TARGET_MINUS_1CM,0.28162792325019836,-0.018372076749801625
2454,24.54,BELOW_TARGET_MINUS_1CM,0.2816045582294464,-0.018395441770553578
2455,24.55,BELOW_TARGET_MINUS_1CM,0.2815803587436676,-0.018419641256332386
2456,24.560000000000002,BELOW_TARGET_MINUS_1CM,0.28155532479286194,-0.01844467520713805
2457,24.57,BELOW_TARGET_MINUS_1CM,0.2815294861793518,-0.018470513820648182
2458,24.580000000000002,BELOW_TARGET_MINUS_1CM,0.2815028429031372,-0.018497157096862782
2459,24.59,BELOW_TARGET_MINUS_1CM,0.28147536516189575,-0.018524634838104237
2460,24.6,BELOW_TARGET_MINUS_1CM,0.28144708275794983,-0.01855291724205016
2461,24.61,BELOW_TARGET_MINUS_1CM,0.28141796588897705,-0.018582034111022938
2462,24.62,BELOW_TARGET_MINUS_1CM,0.2813881039619446,-0.01861189603805541
2463,24.63,BELOW_TARGET_MINUS_1CM,0.28135740756988525,-0.018642592430114735
2464,24.64,BELOW_TARGET_MINUS_1CM,0.28132596611976624,-0.018674033880233754
2465,24.650000000000002,BELOW_TARGET_MINUS_1CM,0.28129372000694275,-0.01870627999305724
2466,24.66,BELOW_TARGET_MINUS_1CM,0.28126072883605957,-0.01873927116394042
2467,24.67,BELOW_TARGET_MINUS_1CM,0.2812269926071167,-0.01877300739288329
2468,24.68,BELOW_TARGET_MINUS_1CM,0.2811925411224365,-0.018807458877563465
2469,24.69,BELOW_TARGET_MINUS_1CM,0.28115737438201904,-0.018842625617980946
2470,24.7,BELOW_TARGET_MINUS_1CM,0.28112149238586426,-0.01887850761413573
2471,24.71,BELOW_TARGET_MINUS_1CM,0.28108492493629456,-0.018915075063705433
2472,24.72,BELOW_TARGET_MINUS_1CM,0.2810477316379547,-0.018952268362045277
2473,24.73,BELOW_TARGET_MINUS_1CM,0.28100988268852234,-0.01899011731147765
2474,24.740000000000002,BELOW_TARGET_MINUS_1CM,0.2809714376926422,-0.019028562307357777
2475,24.75,BELOW_TARGET_MINUS_1CM,0.28093239665031433,-0.019067603349685658
2476,24.76,BELOW_TARGET_MINUS_1CM,0.28089281916618347,-0.019107180833816517
2477,24.77,BELOW_TARGET_MINUS_1CM,0.28085267543792725,-0.019147324562072743
2478,24.78,BELOW_TARGET_MINUS_1CM,0.2808120548725128,-0.01918794512748717
2479,24.79,BELOW_TARGET_MINUS_1CM,0.2807709574699402,-0.019229042530059803
2480,24.8,BELOW_TARGET_MINUS_1CM,0.28072941303253174,-0.01927058696746825
2481,24.810000000000002,BELOW_TARGET_MINUS_1CM,0.28068748116493225,-0.019312518835067738
2482,24.82,BELOW_TARGET_MINUS_1CM,0.2806451618671417,-0.019354838132858265
2483,24.830000000000002,BELOW_TARGET_MINUS_1CM,0.28060251474380493,-0.019397485256195057
2484,24.84,BELOW_TARGET_MINUS_1CM,0.28055956959724426,-0.019440430402755726
2485,24.85,BELOW_TARGET_MINUS_1CM,0.2805163860321045,-0.019483613967895497
2486,24.86,BELOW_TARGET_MINUS_1CM,0.280472993850708,-0.01952700614929198
2487,24.87,BELOW_TARGET_MINUS_1CM,0.2804293930530548,-0.01957060694694518
2488,24.88,BELOW_TARGET_MINUS_1CM,0.28038567304611206,-0.01961432695388793
2489,24.89,BELOW_TARGET_MINUS_1CM,0.28034189343452454,-0.019658106565475453
2490,24.900000000000002,BELOW_TARGET_MINUS_1CM,0.28029802441596985,-0.01970197558403014
2491,24.91,BELOW_TARGET_MINUS_1CM,0.28025418519973755,-0.01974581480026244
2492,24.92,BELOW_TARGET_MINUS_1CM,0.28021040558815,-0.019789594411849964
2493,24.93,BELOW_TARGET_MINUS_1CM,0.2801666855812073,-0.019833314418792714
2494,24.94,BELOW_TARGET_MINUS_1CM,0.28012311458587646,-0.019876885414123524
2495,24.95,BELOW_TARGET_MINUS_1CM,0.28007975220680237,-0.01992024779319762
2496,24.96,BELOW_TARGET_MINUS_1CM,0.2800366282463074,-0.019963371753692616
2497,24.97,BELOW_TARGET_MINUS_2CM,0.27999377250671387,-0.02000622749328612
2498,24.98,BELOW_TARGET_MINUS_2CM,0.279951274394989,-0.020048725605010975
2499,24.990000000000002,BELOW_TARGET_MINUS_2CM,0.2799091339111328,-0.020090866088867176
2500,25.0,BELOW_TARGET_MINUS_2CM,0.2798674404621124,-0.020132559537887562
2501,25.01,BELOW_TARGET_MINUS_2CM,0.27982622385025024,-0.020173776149749745
2502,25.02,BELOW_TARGET_MINUS_2CM,0.27978554368019104,-0.02021445631980895
2503,25.03,BELOW_TARGET_MINUS_2CM,0.2797454595565796,-0.0202545404434204
2504,25.04,BELOW_TARGET_MINUS_2CM,0.2797060012817383,-0.020293998718261708
2505,25.05,BELOW_TARGET_MINUS_2CM,0.2796672284603119,-0.0203327715396881
2506,25.060000000000002,BELOW_TARGET_MINUS_2CM,0.2796291708946228,-0.020370829105377186
2507,25.07,BELOW_TARGET_MINUS_2CM,0.2795918881893158,-0.020408111810684193
2508,25.080000000000002,BELOW_TARGET_MINUS_2CM,0.27955541014671326,-0.020444589853286732
2509,25.09,BELOW_TARGET_MINUS_2CM,0.27951982617378235,-0.02048017382621764
2510,25.1,BELOW_TARGET_MINUS_2CM,0.27948513627052307,-0.020514863729476918
2511,25.11,BELOW_TARGET_MINUS_2CM,0.2794514298439026,-0.0205485701560974
2512,25.12,BELOW_TARGET_MINUS_2CM,0.2794186770915985,-0.020581322908401478
2513,25.13,BELOW_TARGET_MINUS_2CM,0.2793869972229004,-0.0206130027770996
2514,25.14,BELOW_TARGET_MINUS_2CM,0.2793563902378082,-0.02064360976219176
2515,25.150000000000002,BELOW_TARGET_MINUS_2CM,0.2793268859386444,-0.02067311406135558
2516,25.16,BELOW_TARGET_MINUS_2CM,0.2792985737323761,-0.02070142626762389
2517,25.17,BELOW_TARGET_MINUS_2CM,0.2792714238166809,-0.02072857618331908
2518,25.18,BELOW_TARGET_MINUS_2CM,0.2792454957962036,-0.020754504203796376
2519,25.19,BELOW_TARGET_MINUS_2CM,0.279220849275589,-0.020779150724411
2520,25.2,BELOW_TARGET_MINUS_2CM,0.27919748425483704,-0.020802515745162953
2521,25.21,BELOW_TARGET_MINUS_2CM,0.27917543053627014,-0.020824569463729847
2522,25.22,BELOW_TARGET_MINUS_2CM,0.2791547179222107,-0.020845282077789296
2523,25.23,BELOW_TARGET_MINUS_2CM,0.2791353762149811,-0.02086462378501891
2524,25.240000000000002,BELOW_TARGET_MINUS_2CM,0.2791174352169037,-0.020882564783096302
2525,25.25,BELOW_TARGET_MINUS_2CM,0.2791009247303009,-0.020899075269699086
2526,25.26,BELOW_TARGET_MINUS_2CM,0.27908581495285034,-0.020914185047149647
2527,25.27,BELOW_TARGET_MINUS_2CM,0.2790721654891968,-0.02092783451080321
2528,25.28,BELOW_TARGET_MINUS_2CM,0.2790599763393402,-0.02094002366065978
2529,25.29,BELOW_TARGET_MINUS_2CM,0.279049277305603,-0.02095072269439696
2530,25.3,BELOW_TARGET_MINUS_2CM,0.27904006838798523,-0.02095993161201476
2531,25.310000000000002,BELOW_TARGET_MINUS_2CM,0.27903231978416443,-0.02096768021583556
2532,25.32,BELOW_TARGET_MINUS_2CM,0.2790260910987854,-0.02097390890121459
2533,25.330000000000002,BELOW_TARGET_MINUS_2CM,0.27902138233184814,-0.020978617668151844
2534,25.34,BELOW_TARGET_MINUS_2CM,0.2790181636810303,-0.020981836318969715
2535,25.35,BELOW_TARGET_MINUS_2CM,0.2790164351463318,-0.020983564853668202
2536,25.36,BELOW_TARGET_MINUS_2CM,0.2790161967277527,-0.020983803272247303
2537,25.37,BELOW_TARGET_MINUS_2CM,0.27901747822761536,-0.020982521772384632
2538,25.38,BELOW_TARGET_MINUS_2CM,0.279020220041275,-0.020979779958724964
2539,25.39,BELOW_TARGET_MINUS_2CM,0.2790244221687317,-0.0209755778312683
2540,25.400000000000002,BELOW_TARGET_MINUS_2CM,0.27903011441230774,-0.02096988558769225
2541,25.41,BELOW_TARGET_MINUS_2CM,0.2790372371673584,-0.02096276283264159
2542,25.42,BELOW_TARGET_MINUS_2CM,0.2790457606315613,-0.02095423936843871
2543,25.43,BELOW_TARGET_MINUS_2CM,0.27905574440956116,-0.02094425559043883
2544,25.44,BELOW_TARGET_MINUS_2CM,0.2790670692920685,-0.020932930707931507
2545,25.45,BELOW_TARGET_MINUS_2CM,0.27907976508140564,-0.02092023491859435
2546,25.46,BELOW_TARGET_MINUS_2CM,0.27909380197525024,-0.020906198024749745
2547,25.47,BELOW_TARGET_MINUS_2CM,0.2791091501712799,-0.02089084982872008
2548,25.48,BELOW_TARGET_MINUS_2CM,0.27912580966949463,-0.02087419033050536
2549,25.490000000000002,BELOW_TARGET_MINUS_2CM,0.27914369106292725,-0.020856308937072743
2550,25.5,BELOW_TARGET_MINUS_2CM,0.27916279435157776,-0.02083720564842223
2551,25.51,BELOW_TARGET_MINUS_2CM,0.2791830599308014,-0.020816940069198597
2552,25.52,BELOW_TARGET_MINUS_2CM,0.27920451760292053,-0.020795482397079457
2553,25.53,BELOW_TARGET_MINUS_2CM,0.27922704815864563,-0.02077295184135436
2554,25.54,BELOW_TARGET_MINUS_2CM,0.2792506814002991,-0.020749318599700917
2555,25.55,BELOW_TARGET_MINUS_2CM,0.2792753577232361,-0.020724642276763905
2556,25.560000000000002,BELOW_TARGET_MINUS_2CM,0.2793009877204895,-0.020699012279510487
2557,25.57,BELOW_TARGET_MINUS_2CM,0.2793276011943817,-0.020672398805618275
2558,25.580000000000002,BELOW_TARGET_MINUS_2CM,0.27935513854026794,-0.020644861459732045
2559,25.59,BELOW_TARGET_MINUS_2CM,0.2793835401535034,-0.02061645984649657
2560,25.6,BELOW_TARGET_MINUS_2CM,0.27941274642944336,-0.02058725357055663
2561,25.61,BELOW_TARGET_MINUS_2CM,0.2794427275657654,-0.020557272434234608
2562,25.62,BELOW_TARGET_MINUS_2CM,0.2794734835624695,-0.020526516437530506
2563,25.63,BELOW_TARGET_MINUS_2CM,0.2795048952102661,-0.020495104789733876
2564,25.64,BELOW_TARGET_MINUS_2CM,0.2795369625091553,-0.020463037490844715
2565,25.650000000000002,BELOW_TARGET_MINUS_2CM,0.2795696258544922,-0.0204303741455078
2566,25.66,BELOW_TARGET_MINUS_2CM,0.2796028256416321,-0.02039717435836791
2567,25.67,BELOW_TARGET_MINUS_2CM,0.27963653206825256,-0.020363467931747425
2568,25.68,BELOW_TARGET_MINUS_2CM,0.27967071533203125,-0.02032928466796874
2569,25.69,BELOW_TARGET_MINUS_2CM,0.27970531582832336,-0.020294684171676625
2570,25.7,BELOW_TARGET_MINUS_2CM,0.27974024415016174,-0.020259755849838246
2571,25.71,BELOW_TARGET_MINUS_2CM,0.2797755300998688,-0.020224469900131214
2572,25.72,BELOW_TARGET_MINUS_2CM,0.2798110544681549,-0.02018894553184508
2573,25.73,BELOW_TARGET_MINUS_2CM,0.27984681725502014,-0.020153182744979847
2574,25.740000000000002,BELOW_TARGET_MINUS_2CM,0.2798827886581421,-0.0201172113418579
2575,25.75,BELOW_TARGET_MINUS_2CM,0.2799188792705536,-0.0200811207294464
2576,25.76,BELOW_TARGET_MINUS_2CM,0.27995505928993225,-0.020044940710067738
2577,25.77,BELOW_TARGET_MINUS_2CM,0.2799912989139557,-0.0200087010860443
2578,25.78,BELOW_TARGET_MINUS_1CM,0.2800275683403015,-0.019972431659698475
2579,25.79,BELOW_TARGET_MINUS_1CM,0.28006377816200256,-0.019936221837997425
2580,25.8,BELOW_TARGET_MINUS_1CM,0.2800999581813812,-0.019900041818618763
2581,25.810000000000002,BELOW_TARGET_MINUS_1CM,0.28013598918914795,-0.01986401081085204
2582,25.82,BELOW_TARGET_MINUS_1CM,0.2801719009876251,-0.019828099012374867
2583,25.830000000000002,BELOW_TARGET_MINUS_1CM,0.2802076041698456,-0.019792395830154408
2584,25.84,BELOW_TARGET_MINUS_1CM,0.2802430987358093,-0.019756901264190663
2585,25.85,BELOW_TARGET_MINUS_1CM,0.28027835488319397,-0.01972164511680602
2586,25.86,BELOW_TARGET_MINUS_1CM,0.28031331300735474,-0.019686686992645253
2587,25.87,BELOW_TARGET_MINUS_1CM,0.2803479731082916,-0.019652026891708363
2588,25.88,BELOW_TARGET_MINUS_1CM,0.2803822457790375,-0.019617754220962513
2589,25.89,BELOW_TARGET_MINUS_1CM,0.2804161608219147,-0.019583839178085316
2590,25.900000000000002,BELOW_TARGET_MINUS_1CM,0.28044965863227844,-0.019550341367721547
2591,25.91,BELOW_TARGET_MINUS_1CM,0.2804827392101288,-0.019517260789871205
2592,25.92,BELOW_TARGET_MINUS_1CM,0.2805153429508209,-0.019484657049179066
2593,25.93,BELOW_TARGET_MINUS_1CM,0.28054746985435486,-0.01945253014564513
2594,25.94,BELOW_TARGET_MINUS_1CM,0.2805790901184082,-0.019420909881591786
2595,25.95,BELOW_TARGET_MINUS_1CM,0.28061020374298096,-0.019389796257019032
2596,25.96,BELOW_TARGET_MINUS_1CM,0.28064072132110596,-0.019359278678894032
2597,25.97,BELOW_TARGET_MINUS_1CM,0.280670702457428,-0.01932929754257201
2598,25.98,BELOW_TARGET_MINUS_1CM,0.28070008754730225,-0.019299912452697743
2599,25.990000000000002,BELOW_TARGET_MINUS_1CM,0.28072887659072876,-0.01927112340927123
2600,26.0,BELOW_TARGET_MINUS_1CM,0.2807570695877075,-0.01924293041229247
2601,26.01,BELOW_TARGET_MINUS_1CM,0.28078460693359375,-0.01921539306640624
2602,26.02,BELOW_TARGET_MINUS_1CM,0.28081148862838745,-0.019188511371612538
2603,26.03,BELOW_TARGET_MINUS_1CM,0.280837744474411,-0.019162255525588978
2604,26.04,BELOW_TARGET_MINUS_1CM,0.28086331486701965,-0.019136685132980336
2605,26.05,BELOW_TARGET_MINUS_1CM,0.2808881998062134,-0.01911180019378661
2606,26.060000000000002,BELOW_TARGET_MINUS_1CM,0.2809124290943146,-0.019087570905685414
2607,26.07,BELOW_TARGET_MINUS_1CM,0.28093594312667847,-0.019064056873321522
2608,26.080000000000002,BELOW_TARGET_MINUS_1CM,0.28095877170562744,-0.019041228294372547
2609,26.09,BELOW_TARGET_MINUS_1CM,0.2809809148311615,-0.01901908516883849
2610,26.1,BELOW_TARGET_MINUS_1CM,0.28100234270095825,-0.018997657299041737
2611,26.11,BELOW_TARGET_MINUS_1CM,0.2810230553150177,-0.01897694468498229
2612,26.12,BELOW_TARGET_MINUS_1CM,0.28104305267333984,-0.018956947326660145
2613,26.13,BELOW_TARGET_MINUS_1CM,0.2810623347759247,-0.018937665224075306
2614,26.14,BELOW_TARGET_MINUS_1CM,0.2810809016227722,-0.018919098377227772
2615,26.150000000000002,BELOW_TARGET_MINUS_1CM,0.28109875321388245,-0.018901246786117543
2616,26.16,BELOW_TARGET_MINUS_1CM,0.28111588954925537,-0.018884110450744618
2617,26.17,BELOW_TARGET_MINUS_1CM,0.281132310628891,-0.018867689371108998
2618,26.18,BELOW_TARGET_MINUS_1CM,0.2811480164527893,-0.018851983547210682
2619,26.19,BELOW_TARGET_MINUS_1CM,0.28116297721862793,-0.01883702278137206
2620,26.2,BELOW_TARGET_MINUS_1CM,0.28117725253105164,-0.018822747468948353
2621,26.21,BELOW_TARGET_MINUS_1CM,0.28119081258773804,-0.018809187412261952
2622,26.22,BELOW_TARGET_MINUS_1CM,0.28120365738868713,-0.018796342611312855
2623,26.23,BELOW_TARGET_MINUS_1CM,0.2812157869338989,-0.018784213066101063
2624,26.240000000000002,BELOW_TARGET_MINUS_1CM,0.2812272012233734,-0.018772798776626576
2625,26.25,BELOW_TARGET_MINUS_1CM,0.281237930059433,-0.018762069940567005
2626,26.26,BELOW_TARGET_MINUS_1CM,0.28124794363975525,-0.01875205636024474
2627,26.27,BELOW_TARGET_MINUS_1CM,0.2812572419643402,-0.01874275803565978
2628,26.28,BELOW_TARGET_MINUS_1CM,0.28126585483551025,-0.018734145164489735
2629,26.29,BELOW_TARGET_MINUS_1CM,0.2812737822532654,-0.018726217746734608
2630,26.3,BELOW_TARGET_MINUS_1CM,0.2812809944152832,-0.018719005584716786
2631,26.310000000000002,BELOW_TARGET_MINUS_1CM,0.2812875211238861,-0.01871247887611388
2632,26.32,BELOW_TARGET_MINUS_1CM,0.2812933623790741,-0.018706637620925892
2633,26.330000000000002,BELOW_TARGET_MINUS_1CM,0.2812986671924591,-0.018701332807540882
2634,26.34,BELOW_TARGET_MINUS_1CM,0.28130361437797546,-0.018696385622024525
2635,26.35,BELOW_TARGET_MINUS_1CM,0.2813079357147217,-0.01869206428527831
2636,26.36,BELOW_TARGET_MINUS_1CM,0.2813114523887634,-0.01868854761123656
2637,26.37,BELOW_TARGET_MINUS_1CM,0.2813142240047455,-0.018685775995254505
2638,26.38,BELOW_TARGET_MINUS_1CM,0.2813161611557007,-0.018683838844299305
2639,26.39,BELOW_TARGET_MINUS_1CM,0.28131723403930664,-0.01868276596069335
2640,26.400000000000002,BELOW_TARGET_MINUS_1CM,0.2813173830509186,-0.01868261694908141
2641,26.41,BELOW_TARGET_MINUS_1CM,0.2813166677951813,-0.018683332204818714
2642,26.42,BELOW_TARGET_MINUS_1CM,0.28131505846977234,-0.01868494153022765
2643,26.43,BELOW_TARGET_MINUS_1CM,0.2813125252723694,-0.018687474727630604
2644,26.44,BELOW_TARGET_MINUS_1CM,0.28130921721458435,-0.01869078278541564
2645,26.45,BELOW_TARGET_MINUS_1CM,0.28130531311035156,-0.018694686889648426
2646,26.46,BELOW_TARGET_MINUS_1CM,0.2813009023666382,-0.018699097633361805
2647,26.47,BELOW_TARGET_MINUS_1CM,0.28129586577415466,-0.018704134225845326
2648,26.48,BELOW_TARGET_MINUS_1CM,0.2812901735305786,-0.018709826469421376
2649,26.490000000000002,BELOW_TARGET_MINUS_1CM,0.2812838554382324,-0.018716144561767567
2650,26.5,BELOW_TARGET_MINUS_1CM,0.2812768220901489,-0.018723177909851063
2651,26.51,BELOW_TARGET_MINUS_1CM,0.2812691032886505,-0.018730896711349476
2652,26.52,BELOW_TARGET_MINUS_1CM,0.2812606394290924,-0.01873936057090758
2653,26.53,BELOW_TARGET_MINUS_1CM,0.281251460313797,-0.018748539686202992
2654,26.54,BELOW_TARGET_MINUS_1CM,0.2812415361404419,-0.018758463859558094
2655,26.55,BELOW_TARGET_MINUS_1CM,0.2812308371067047,-0.018769162893295277
2656,26.560000000000002,BELOW_TARGET_MINUS_1CM,0.28121939301490784,-0.018780606985092152
2657,26.57,BELOW_TARGET_MINUS_1CM,0.2812071442604065,-0.018792855739593495
2658,26.580000000000002,BELOW_TARGET_MINUS_1CM,0.28119412064552307,-0.018805879354476918
2659,26.59,BELOW_TARGET_MINUS_1CM,0.2811802923679352,-0.018819707632064808
2660,26.6,BELOW_TARGET_MINUS_1CM,0.2811656594276428,-0.018834340572357167
2661,26.61,BELOW_TARGET_MINUS_1CM,0.2811501920223236,-0.01884980797767638
2662,26.62,BELOW_TARGET_MINUS_1CM,0.2811339199542999,-0.018866080045700062
2663,26.63,BELOW_TARGET_MINUS_1CM,0.281116783618927,-0.018883216381072987
2664,26.64,BELOW_TARGET_MINUS_1CM,0.2810988426208496,-0.01890115737915038
2665,26.650000000000002,BELOW_TARGET_MINUS_1CM,0.28108006715774536,-0.018919932842254628
2666,26.66,BELOW_TARGET_MINUS_1CM,0.28106042742729187,-0.01893957257270812
2667,26.67,BELOW_TARGET_MINUS_1CM,0.28103992342948914,-0.018960076570510853
2668,26.68,BELOW_TARGET_MINUS_1CM,0.28101858496665955,-0.018981415033340443
2669,26.69,BELOW_TARGET_MINUS_1CM,0.2809963822364807,-0.019003617763519276
2670,26.7,BELOW_TARGET_MINUS_1CM,0.28097331523895264,-0.019026684761047352
2671,26.71,BELOW_TARGET_MINUS_1CM,0.28094935417175293,-0.01905064582824706
2672,26.72,BELOW_TARGET_MINUS_1CM,0.28092455863952637,-0.01907544136047362
2673,26.73,BELOW_TARGET_MINUS_1CM,0.28089889883995056,-0.019101101160049427
2674,26.740000000000002,BELOW_TARGET_MINUS_1CM,0.2808723747730255,-0.019127625226974476
2675,26.75,BELOW_TARGET_MINUS_1CM,0.2808449864387512,-0.019155013561248768
2676,26.76,BELOW_TARGET_MINUS_1CM,0.2808167338371277,-0.019183266162872303
2677,26.77,BELOW_TARGET_MINUS_1CM,0.2807876467704773,-0.019212353229522694
2678,26.78,BELOW_TARGET_MINUS_1CM,0.28075769543647766,-0.019242304563522328
2679,26.79,BELOW_TARGET_MINUS_1CM,0.2807268798351288,-0.019273120164871205
2680,26.8,BELOW_TARGET_MINUS_1CM,0.28069525957107544,-0.01930474042892455
2681,26.810000000000002,BELOW_TARGET_MINUS_1CM,0.28066280484199524,-0.01933719515800475
2682,26.82,BELOW_TARGET_MINUS_1CM,0.28062954545021057,-0.019370454549789418
2683,26.830000000000002,BELOW_TARGET_MINUS_1CM,0.28059548139572144,-0.019404518604278553
2684,26.84,BELOW_TARGET_MINUS_1CM,0.28056061267852783,-0.019439387321472157
2685,26.85,BELOW_TARGET_MINUS_1CM,0.28052499890327454,-0.019475001096725453
2686,26.86,BELOW_TARGET_MINUS_1CM,0.28048861026763916,-0.01951138973236083
2687,26.87,BELOW_TARGET_MINUS_1CM,0.2804514765739441,-0.019548523426055897
2688,26.88,BELOW_TARGET_MINUS_1CM,0.2804136276245117,-0.01958637237548827
2689,26.89,BELOW_TARGET_MINUS_1CM,0.28037509322166443,-0.01962490677833556
2690,26.900000000000002,BELOW_TARGET_MINUS_1CM,0.2803358733654022,-0.019664126634597767
2691,26.91,BELOW_TARGET_MINUS_1CM,0.2802960276603699,-0.019703972339630116
2692,26.92,BELOW_TARGET_MINUS_1CM,0.280255526304245,-0.019744473695754994
2693,26.93,BELOW_TARGET_MINUS_1CM,0.28021445870399475,-0.019785541296005238
2694,26.94,BELOW_TARGET_MINUS_1CM,0.28017279505729675,-0.019827204942703236
2695,26.95,BELOW_TARGET_MINUS_1CM,0.28013062477111816,-0.019869375228881825
2696,26.96,BELOW_TARGET_MINUS_1CM,0.2800879180431366,-0.019912081956863392
2697,26.97,BELOW_TARGET_MINUS_1CM,0.2800447642803192,-0.019955235719680775
2698,26.98,BELOW_TARGET_MINUS_1CM,0.280001163482666,-0.019998836517333973
2699,26.990000000000002,BELOW_TARGET_MINUS_2CM,0.2799571752548218,-0.02004282474517821
2700,27.0,BELOW_TARGET_MINUS_2CM,0.2799127995967865,-0.02008720040321349
2701,27.01,BELOW_TARGET_MINUS_2CM,0.27986812591552734,-0.020131874084472645
2702,27.02,BELOW_TARGET_MINUS_2CM,0.2798231840133667,-0.02017681598663329
2703,27.03,BELOW_TARGET_MINUS_2CM,0.27977797389030457,-0.020222026109695423
2704,27.04,BELOW_TARGET_MINUS_2CM,0.2797325849533081,-0.020267415046691883
2705,27.05,BELOW_TARGET_MINUS_2CM,0.2796870470046997,-0.020312952995300282
2706,27.060000000000002,BELOW_TARGET_MINUS_2CM,0.27964138984680176,-0.02035861015319823
2707,27.07,BELOW_TARGET_MINUS_2CM,0.2795957028865814,-0.020404297113418568
2708,27.080000000000002,BELOW_TARGET_MINUS_2CM,0.2795499861240387,-0.020450013875961293
2709,27.09,BELOW_TARGET_MINUS_2CM,0.27950429916381836,-0.02049570083618163
2710,27.1,BELOW_TARGET_MINUS_2CM,0.2794587016105652,-0.020541298389434803
2711,27.11,BELOW_TARGET_MINUS_2CM,0.27941325306892395,-0.02058674693107604
2712,27.12,BELOW_TARGET_MINUS_2CM,0.27936798334121704,-0.020632016658782948
2713,27.13,BELOW_TARGET_MINUS_2CM,0.27932295203208923,-0.020677047967910755
2714,27.14,BELOW_TARGET_MINUS_2CM,0.2792781889438629,-0.020721811056137074
2715,27.150000000000002,BELOW_TARGET_MINUS_2CM,0.27923378348350525,-0.02076621651649474
2716,27.16,BELOW_TARGET_MINUS_2CM,0.279189795255661,-0.020810204744338978
2717,27.17,BELOW_TARGET_MINUS_2CM,0.2791462242603302,-0.02085377573966979
2718,27.18,BELOW_TARGET_MINUS_2CM,0.27910315990448,-0.02089684009552001
2719,27.19,BELOW_TARGET_MINUS_2CM,0.27906063199043274,-0.02093936800956725
2720,27.2,BELOW_TARGET_MINUS_2CM,0.27901870012283325,-0.020981299877166737
2721,27.21,BELOW_TARGET_MINUS_2CM,0.2789774537086487,-0.021022546291351307
2722,27.22,BELOW_TARGET_MINUS_2CM,0.27893689274787903,-0.02106310725212096
2723,27.23,BELOW_TARGET_MINUS_2CM,0.27889707684516907,-0.02110292315483092
2724,27.240000000000002,BELOW_TARGET_MINUS_2CM,0.2788580656051636,-0.021141934394836415
2725,27.25,BELOW_TARGET_MINUS_2CM,0.2788199186325073,-0.021180081367492665
2726,27.26,BELOW_TARGET_MINUS_2CM,0.2787826657295227,-0.021217334270477284
2727,27.27,BELOW_TARGET_MINUS_2CM,0.2787463963031769,-0.02125360369682311
2728,27.28,BELOW_TARGET_MINUS_2CM,0.27871108055114746,-0.021288919448852528
2729,27.29,BELOW_TARGET_MINUS_2CM,0.2786768078804016,-0.021323192119598378
2730,27.3,BELOW_TARGET_MINUS_2CM,0.2786436378955841,-0.021356362104415882
2731,27.310000000000002,BELOW_TARGET_MINUS_2CM,0.27861160039901733,-0.021388399600982655
2732,27.32,BELOW_TARGET_MINUS_2CM,0.2785807251930237,-0.021419274806976307
2733,27.330000000000002,BELOW_TARGET_MINUS_2CM,0.2785510718822479,-0.021448928117752064
2734,27.34,BELOW_TARGET_MINUS_2CM,0.27852264046669006,-0.021477359533309925
2735,27.35,BELOW_TARGET_MINUS_2CM,0.27849552035331726,-0.021504479646682728
2736,27.36,BELOW_TARGET_MINUS_2CM,0.2784697115421295,-0.021530288457870472
2737,27.37,BELOW_TARGET_MINUS_2CM,0.2784452438354492,-0.02155475616455077
2738,27.38,BELOW_TARGET_MINUS_2CM,0.27842217683792114,-0.021577823162078846
2739,27.39,BELOW_TARGET_MINUS_2CM,0.2784005105495453,-0.0215994894504547
2740,27.400000000000002,BELOW_TARGET_MINUS_2CM,0.27838027477264404,-0.021619725227355946
2741,27.41,BELOW_TARGET_MINUS_2CM,0.2783615291118622,-0.021638470888137806
2742,27.42,BELOW_TARGET_MINUS_2CM,0.2783442437648773,-0.02165575623512267
2743,27.43,BELOW_TARGET_MINUS_2CM,0.27832847833633423,-0.02167152166366576
2744,27.44,BELOW_TARGET_MINUS_2CM,0.2783142328262329,-0.02168576717376708
2745,27.45,BELOW_TARGET_MINUS_2CM,0.27830153703689575,-0.021698462963104237
2746,27.46,BELOW_TARGET_MINUS_2CM,0.27829036116600037,-0.021709638833999623
2747,27.47,BELOW_TARGET_MINUS_2CM,0.2782807946205139,-0.021719205379486073
2748,27.48,BELOW_TARGET_MINUS_2CM,0.2782727777957916,-0.021727222204208363
2749,27.490000000000002,BELOW_TARGET_MINUS_2CM,0.2782663404941559,-0.021733659505844105
2750,27.5,BELOW_TARGET_MINUS_2CM,0.2782614827156067,-0.0217385172843933
2751,27.51,BELOW_TARGET_MINUS_2CM,0.27825823426246643,-0.021741765737533558
2752,27.52,BELOW_TARGET_MINUS_2CM,0.27825653553009033,-0.021743464469909657
2753,27.53,BELOW_TARGET_MINUS_2CM,0.27825644612312317,-0.02174355387687682
2754,27.54,BELOW_TARGET_MINUS_2CM,0.27825790643692017,-0.021742093563079823
2755,27.55,BELOW_TARGET_MINUS_2CM,0.2782609462738037,-0.021739053726196278
2756,27.560000000000002,BELOW_TARGET_MINUS_2CM,0.2782655358314514,-0.021734464168548573
2757,27.57,BELOW_TARGET_MINUS_2CM,0.2782716453075409,-0.021728354692459095
2758,27.580000000000002,BELOW_TARGET_MINUS_2CM,0.27827930450439453,-0.021720695495605458
2759,27.59,BELOW_TARGET_MINUS_2CM,0.27828845381736755,-0.021711546182632435
2760,27.6,BELOW_TARGET_MINUS_2CM,0.27829912304878235,-0.02170087695121764
2761,27.61,BELOW_TARGET_MINUS_2CM,0.27831122279167175,-0.021688777208328236
2762,27.62,BELOW_TARGET_MINUS_2CM,0.27832478284835815,-0.021675217151641835
2763,27.63,BELOW_TARGET_MINUS_2CM,0.2783397436141968,-0.02166025638580321
2764,27.64,BELOW_TARGET_MINUS_2CM,0.2783561050891876,-0.021643894910812367
2765,27.650000000000002,BELOW_TARGET_MINUS_2CM,0.2783738076686859,-0.021626192331314076
2766,27.66,BELOW_TARGET_MINUS_2CM,0.27839285135269165,-0.02160714864730834
2767,27.67,BELOW_TARGET_MINUS_2CM,0.27841317653656006,-0.02158682346343993
2768,27.68,BELOW_TARGET_MINUS_2CM,0.27843475341796875,-0.02156524658203124
2769,27.69,BELOW_TARGET_MINUS_2CM,0.27845755219459534,-0.021542447805404652
2770,27.7,BELOW_TARGET_MINUS_2CM,0.27848154306411743,-0.021518456935882557
2771,27.71,BELOW_TARGET_MINUS_2CM,0.27850666642189026,-0.02149333357810973
2772,27.72,BELOW_TARGET_MINUS_2CM,0.27853286266326904,-0.021467137336730946
2773,27.73,BELOW_TARGET_MINUS_2CM,0.2785601317882538,-0.021439868211746205
2774,27.740000000000002,BELOW_TARGET_MINUS_2CM,0.2785884141921997,-0.021411585807800282
2775,27.75,BELOW_TARGET_MINUS_2CM,0.2786176800727844,-0.021382319927215565
2776,27.76,BELOW_TARGET_MINUS_2CM,0.27864784002304077,-0.021352159976959217
2777,27.77,BELOW_TARGET_MINUS_2CM,0.27867889404296875,-0.02132110595703124
2778,27.78,BELOW_TARGET_MINUS_2CM,0.2787107825279236,-0.021289217472076405
2779,27.79,BELOW_TARGET_MINUS_2CM,0.2787434160709381,-0.02125658392906188
2780,27.8,BELOW_TARGET_MINUS_2CM,0.2787768244743347,-0.021223175525665272
2781,27.810000000000002,BELOW_TARGET_MINUS_2CM,0.27881088852882385,-0.021189111471176136
2782,27.82,BELOW_TARGET_MINUS_2CM,0.2788456082344055,-0.02115439176559447
2783,27.830000000000002,BELOW_TARGET_MINUS_2CM,0.27888089418411255,-0.02111910581588744
2784,27.84,BELOW_TARGET_MINUS_2CM,0.27891674637794495,-0.021083253622055043
2785,27.85,BELOW_TARGET_MINUS_2CM,0.27895304560661316,-0.02104695439338683
2786,27.86,BELOW_TARGET_MINUS_2CM,0.2789898216724396,-0.021010178327560414
2787,27.87,BELOW_TARGET_MINUS_2CM,0.27902695536613464,-0.020973044633865345
2788,27.88,BELOW_TARGET_MINUS_2CM,0.27906444668769836,-0.020935553312301625
2789,27.89,BELOW_TARGET_MINUS_2CM,0.27910223603248596,-0.020897763967514027
2790,27.900000000000002,BELOW_TARGET_MINUS_2CM,0.27914026379585266,-0.020859736204147328
2791,27.91,BELOW_TARGET_MINUS_2CM,0.2791785001754761,-0.020821499824523915
2792,27.92,BELOW_TARGET_MINUS_2CM,0.27921685576438904,-0.02078314423561095
2793,27.93,BELOW_TARGET_MINUS_2CM,0.27925533056259155,-0.020744669437408436
2794,27.94,BELOW_TARGET_MINUS_2CM,0.27929389476776123,-0.02070610523223876
2795,27.95,BELOW_TARGET_MINUS_2CM,0.2793324291706085,-0.02066757082939147
2796,27.96,BELOW_TARGET_MINUS_2CM,0.2793709635734558,-0.02062903642654418
2797,27.97,BELOW_TARGET_MINUS_2CM,0.2794094383716583,-0.020590561628341664
2798,27.98,BELOW_TARGET_MINUS_2CM,0.2794477939605713,-0.0205522060394287
2799,27.990000000000002,BELOW_TARGET_MINUS_2CM,0.2794859707355499,-0.020514029264450062
2800,28.0,BELOW_TARGET_MINUS_2CM,0.2795239984989166,-0.020476001501083363
2801,28.01,BELOW_TARGET_MINUS_2CM,0.2795617878437042,-0.020438212156295765
2802,28.02,BELOW_TARGET_MINUS_2CM,0.27959927916526794,-0.020400720834732045
2803,28.03,BELOW_TARGET_MINUS_2CM,0.2796365022659302,-0.020363497734069813
2804,28.04,BELOW_TARGET_MINUS_2CM,0.27967339754104614,-0.020326602458953846
2805,28.05,BELOW_TARGET_MINUS_2CM,0.27970990538597107,-0.02029009461402892
2806,28.060000000000002,BELOW_TARGET_MINUS_2CM,0.27974602580070496,-0.020253974199295033
2807,28.07,BELOW_TARGET_MINUS_2CM,0.2797817289829254,-0.020218271017074574
2808,28.080000000000002,BELOW_TARGET_MINUS_2CM,0.27981695532798767,-0.020183044672012318
2809,28.09,BELOW_TARGET_MINUS_2CM,0.2798517048358917,-0.020148295164108265
2810,28.1,BELOW_TARGET_MINUS_2CM,0.2798859477043152,-0.020114052295684803
2811,28.11,BELOW_TARGET_MINUS_2CM,0.27991965413093567,-0.02008034586906432
2812,28.12,BELOW_TARGET_MINUS_2CM,0.2799527943134308,-0.020047205686569203
2813,28.13,BELOW_TARGET_MINUS_2CM,0.27998536825180054,-0.020014631748199452
2814,28.14,BELOW_TARGET_MINUS_1CM,0.28001734614372253,-0.019982653856277455
2815,28.150000000000002,BELOW_TARGET_MINUS_1CM,0.2800487279891968,-0.01995127201080321
2816,28.16,BELOW_TARGET_MINUS_1CM,0.2800794541835785,-0.019920545816421498
2817,28.17,BELOW_TARGET_MINUS_1CM,0.2801095247268677,-0.019890475273132313
2818,28.18,BELOW_TARGET_MINUS_1CM,0.28013893961906433,-0.019861060380935658
2819,28.19,BELOW_TARGET_MINUS_1CM,0.28016766905784607,-0.01983233094215392
2820,28.2,BELOW_TARGET_MINUS_1CM,0.2801957130432129,-0.0198042869567871
2821,28.21,BELOW_TARGET_MINUS_1CM,0.2802230715751648,-0.019776928424835194
2822,28.22,BELOW_TARGET_MINUS_1CM,0.280249685049057,-0.019750314950942982
2823,28.23,BELOW_TARGET_MINUS_1CM,0.2802756130695343,-0.019724386930465687
2824,28.240000000000002,BELOW_TARGET_MINUS_1CM,0.2803007960319519,-0.019699203968048085
2825,28.25,BELOW_TARGET_MINUS_1CM,0.2803252637386322,-0.019674736261367787
2826,28.26,BELOW_TARGET_MINUS_1CM,0.2803489863872528,-0.01965101361274718
2827,28.27,BELOW_TARGET_MINUS_1CM,0.2803719639778137,-0.019628036022186268
2828,28.28,BELOW_TARGET_MINUS_1CM,0.28039416670799255,-0.019605833292007435
2829,28.29,BELOW_TARGET_MINUS_1CM,0.2804156541824341,-0.019584345817565907
2830,28.3,BELOW_TARGET_MINUS_1CM,0.2804363965988159,-0.01956360340118407
2831,28.310000000000002,BELOW_TARGET_MINUS_1CM,0.2804563641548157,-0.019543635845184315
2832,28.32,BELOW_TARGET_MINUS_1CM,0.28047558665275574,-0.01952441334724425
2833,28.330000000000002,BELOW_TARGET_MINUS_1CM,0.2804940342903137,-0.019505965709686268
2834,28.34,BELOW_TARGET_MINUS_1CM,0.2805117666721344,-0.01948823332786559
2835,28.35,BELOW_TARGET_MINUS_1CM,0.280528724193573,-0.01947127580642699
2836,28.36,BELOW_TARGET_MINUS_1CM,0.2805449068546295,-0.019455093145370472
2837,28.37,BELOW_TARGET_MINUS_1CM,0.28056037425994873,-0.01943962574005126
2838,28.38,BELOW_TARGET_MINUS_1CM,0.28057506680488586,-0.019424933195114125
2839,28.39,BELOW_TARGET_MINUS_1CM,0.2805890440940857,-0.019410955905914296
2840,28.400000000000002,BELOW_TARGET_MINUS_1CM,0.28060224652290344,-0.019397753477096547
2841,28.41,BELOW_TARGET_MINUS_1CM,0.2806147038936615,-0.01938529610633849
2842,28.42,BELOW_TARGET_MINUS_1CM,0.28062644600868225,-0.019373553991317738
2843,28.43,BELOW_TARGET_MINUS_1CM,0.2806374430656433,-0.01936255693435668
2844,28.44,BELOW_TARGET_MINUS_1CM,0.2806476950645447,-0.01935230493545531
2845,28.45,BELOW_TARGET_MINUS_1CM,0.28065723180770874,-0.01934276819229125
2846,28.46,BELOW_TARGET_MINUS_1CM,0.2806660234928131,-0.01933397650718688
2847,28.47,BELOW_TARGET_MINUS_1CM,0.2806740701198578,-0.0193259298801422
2848,28.48,BELOW_TARGET_MINUS_1CM,0.2806814908981323,-0.019318509101867665
2849,28.490000000000002,BELOW_TARGET_MINUS_1CM,0.28068849444389343,-0.019311505556106556
2850,28.5,BELOW_TARGET_MINUS_1CM,0.2806951105594635,-0.019304889440536488
2851,28.51,BELOW_TARGET_MINUS_1CM,0.28070104122161865,-0.019298958778381337
2852,28.52,BELOW_TARGET_MINUS_1CM,0.28070616722106934,-0.019293832778930653
2853,28.53,BELOW_TARGET_MINUS_1CM,0.28071048855781555,-0.019289511442184437
2854,28.54,BELOW_TARGET_MINUS_1CM,0.2807139456272125,-0.019286054372787464
2855,28.55,BELOW_TARGET_MINUS_1CM,0.2807164788246155,-0.01928352117538451
2856,28.560000000000002,BELOW_TARGET_MINUS_1CM,0.2807180881500244,-0.019281911849975575
2857,28.57,BELOW_TARGET_MINUS_1CM,0.28071874380111694,-0.019281256198883046
2858,28.580000000000002,BELOW_TARGET_MINUS_1CM,0.28071844577789307,-0.019281554222106922
2859,28.59,BELOW_TARGET_MINUS_1CM,0.2807171940803528,-0.019282805919647206
2860,28.6,BELOW_TARGET_MINUS_1CM,0.2807150185108185,-0.019284981489181507
2861,28.61,BELOW_TARGET_MINUS_1CM,0.2807118892669678,-0.019288110733032215
2862,28.62,BELOW_TARGET_MINUS_1CM,0.28070783615112305,-0.019292163848876942
2863,28.63,BELOW_TARGET_MINUS_1CM,0.280703067779541,-0.019296932220458973
2864,28.64,BELOW_TARGET_MINUS_1CM,0.28069791197776794,-0.019302088022232045
2865,28.650000000000002,BELOW_TARGET_MINUS_1CM,0.2806922495365143,-0.019307750463485707
2866,28.66,BELOW_TARGET_MINUS_1CM,0.2806859314441681,-0.019314068555831898
2867,28.67,BELOW_TARGET_MINUS_1CM,0.28067895770072937,-0.01932104229927062
2868,28.68,BELOW_TARGET_MINUS_1CM,0.2806713283061981,-0.01932867169380187
2869,28.69,BELOW_TARGET_MINUS_1CM,0.28066298365592957,-0.019337016344070423
2870,28.7,BELOW_TARGET_MINUS_1CM,0.2806539237499237,-0.019346076250076283
2871,28.71,BELOW_TARGET_MINUS_1CM,0.28064408898353577,-0.019355911016464222
2872,28.72,BELOW_TARGET_MINUS_1CM,0.28063350915908813,-0.019366490840911854
2873,28.73,BELOW_TARGET_MINUS_1CM,0.28062209486961365,-0.01937790513038634
2874,28.740000000000002,BELOW_TARGET_MINUS_1CM,0.2806099057197571,-0.01939009428024291
2875,28.75,BELOW_TARGET_MINUS_1CM,0.28059691190719604,-0.019403088092803944
2876,28.76,BELOW_TARGET_MINUS_1CM,0.28058305382728577,-0.019416946172714222
2877,28.77,BELOW_TARGET_MINUS_1CM,0.280568391084671,-0.01943160891532897
2878,28.78,BELOW_TARGET_MINUS_1CM,0.28055283427238464,-0.019447165727615345
2879,28.79,BELOW_TARGET_MINUS_1CM,0.2805364429950714,-0.019463557004928578
2880,28.8,BELOW_TARGET_MINUS_1CM,0.28051918745040894,-0.019480812549591053
2881,28.810000000000002,BELOW_TARGET_MINUS_1CM,0.28050103783607483,-0.01949896216392516
2882,28.82,BELOW_TARGET_MINUS_1CM,0.2804820239543915,-0.01951797604560851
2883,28.830000000000002,BELOW_TARGET_MINUS_1CM,0.2804621160030365,-0.01953788399696349
2884,28.84,BELOW_TARGET_MINUS_1CM,0.2804413139820099,-0.0195586860179901
2885,28.85,BELOW_TARGET_MINUS_1CM,0.28041958808898926,-0.01958041191101073
2886,28.86,BELOW_TARGET_MINUS_1CM,0.280396968126297,-0.019603031873702992
2887,28.87,BELOW_TARGET_MINUS_1CM,0.2803734540939331,-0.019626545906066883
2888,28.88,BELOW_TARGET_MINUS_1CM,0.2803490459918976,-0.019650954008102406
2889,28.89,BELOW_TARGET_MINUS_1CM,0.28032368421554565,-0.019676315784454335
2890,28.900000000000002,BELOW_TARGET_MINUS_1CM,0.2802974581718445,-0.019702541828155506
2891,28.91,BELOW_TARGET_MINUS_1CM,0.2802702784538269,-0.019729721546173085
2892,28.92,BELOW_TARGET_MINUS_1CM,0.2802422046661377,-0.019757795333862294
2893,28.93,BELOW_TARGET_MINUS_1CM,0.28021323680877686,-0.019786763191223133
2894,28.94,BELOW_TARGET_MINUS_1CM,0.2801833748817444,-0.019816625118255604
2895,28.95,BELOW_TARGET_MINUS_1CM,0.2801525890827179,-0.019847410917282093
2896,28.96,BELOW_TARGET_MINUS_1CM,0.28012093901634216,-0.019879060983657826
2897,28.97,BELOW_TARGET_MINUS_1CM,0.2800883948802948,-0.01991160511970519
2898,28.98,BELOW_TARGET_MINUS_1CM,0.2800549864768982,-0.019945013523101796
2899,28.990000000000002,BELOW_TARGET_MINUS_1CM,0.28002068400382996,-0.019979315996170033
2900,29.0,BELOW_TARGET_MINUS_2CM,0.27998557686805725,-0.020014423131942738
2901,29.01,BELOW_TARGET_MINUS_2CM,0.2799496054649353,-0.020050394535064686
2902,29.02,BELOW_TARGET_MINUS_2CM,0.2799128293991089,-0.020087170600891102
2903,29.03,BELOW_TARGET_MINUS_2CM,0.279875248670578,-0.020124751329421986
2904,29.04,BELOW_TARGET_MINUS_2CM,0.27983686327934265,-0.020163136720657338
2905,29.05,BELOW_TARGET_MINUS_2CM,0.2797977328300476,-0.02020226716995238
2906,29.060000000000002,BELOW_TARGET_MINUS_2CM,0.27975785732269287,-0.020242142677307118
2907,29.07,BELOW_TARGET_MINUS_2CM,0.27971723675727844,-0.020282763242721547
2908,29.080000000000002,BELOW_TARGET_MINUS_2CM,0.2796759605407715,-0.020324039459228505
2909,29.09,BELOW_TARGET_MINUS_2CM,0.2796339690685272,-0.020366030931472767
2910,29.1,BELOW_TARGET_MINUS_2CM,0.2795913815498352,-0.020408618450164784
2911,29.11,BELOW_TARGET_MINUS_2CM,0.27954816818237305,-0.020451831817626942
2912,29.12,BELOW_TARGET_MINUS_2CM,0.2795043885707855,-0.020495611429214466
2913,29.13,BELOW_TARGET_MINUS_2CM,0.27946004271507263,-0.020539957284927357
2914,29.14,BELOW_TARGET_MINUS_2CM,0.27941519021987915,-0.02058480978012084
2915,29.150000000000002,BELOW_TARGET_MINUS_2CM,0.27936989068984985,-0.020630109310150135
2916,29.16,BELOW_TARGET_MINUS_2CM,0.27932411432266235,-0.020675885677337635
2917,29.17,BELOW_TARGET_MINUS_2CM,0.2792779803276062,-0.020722019672393788
2918,29.18,BELOW_TARGET_MINUS_2CM,0.2792314887046814,-0.020768511295318592
2919,29.19,BELOW_TARGET_MINUS_2CM,0.2791846692562103,-0.020815330743789662
2920,29.2,BELOW_TARGET_MINUS_2CM,0.27913758158683777,-0.02086241841316222
2921,29.21,BELOW_TARGET_MINUS_2CM,0.2790902853012085,-0.020909714698791493
2922,29.22,BELOW_TARGET_MINUS_2CM,0.2790428102016449,-0.02095718979835509
2923,29.23,BELOW_TARGET_MINUS_2CM,0.27899518609046936,-0.02100481390953063
2924,29.240000000000002,BELOW_TARGET_MINUS_2CM,0.27894750237464905,-0.02105249762535094
2925,29.25,BELOW_TARGET_MINUS_2CM,0.27889978885650635,-0.02110021114349364
2926,29.26,BELOW_TARGET_MINUS_2CM,0.27885210514068604,-0.021147894859313954
2927,29.27,BELOW_TARGET_MINUS_2CM,0.2788044810295105,-0.02119551897048949
2928,29.28,BELOW_TARGET_MINUS_2CM,0.2787569761276245,-0.021243023872375477
2929,29.29,BELOW_TARGET_MINUS_2CM,0.27870965003967285,-0.021290349960327137
2930,29.3,BELOW_TARGET_MINUS_2CM,0.2786625623703003,-0.021337437629699696
2931,29.310000000000002,BELOW_TARGET_MINUS_2CM,0.2786157727241516,-0.021384227275848378
2932,29.32,BELOW_TARGET_MINUS_2CM,0.2785693109035492,-0.021430689096450795
2933,29.330000000000002,BELOW_TARGET_MINUS_2CM,0.2785232365131378,-0.02147676348686217
2934,29.34,BELOW_TARGET_MINUS_2CM,0.27847760915756226,-0.021522390842437733
2935,29.35,BELOW_TARGET_MINUS_2CM,0.2784325182437897,-0.021567481756210316
2936,29.36,BELOW_TARGET_MINUS_2CM,0.27838796377182007,-0.02161203622817992
2937,29.37,BELOW_TARGET_MINUS_2CM,0.2783440053462982,-0.02165599465370177
2938,29.38,BELOW_TARGET_MINUS_2CM,0.27830076217651367,-0.021699237823486317
2939,29.39,BELOW_TARGET_MINUS_2CM,0.27825820446014404,-0.021741795539855946
2940,29.400000000000002,BELOW_TARGET_MINUS_2CM,0.2782164514064789,-0.021783548593521107
2941,29.41,BELOW_TARGET_MINUS_2CM,0.2781755030155182,-0.0218244969844818
2942,29.42,BELOW_TARGET_MINUS_2CM,0.2781354486942291,-0.021864551305770863
2943,29.43,BELOW_TARGET_MINUS_2CM,0.27809634804725647,-0.02190365195274352
2944,29.44,BELOW_TARGET_MINUS_2CM,0.2780582010746002,-0.02194179892539977
2945,29.45,BELOW_TARGET_MINUS_2CM,0.2780211269855499,-0.021978873014450062
2946,29.46,BELOW_TARGET_MINUS_2CM,0.2779850959777832,-0.022014904022216786
2947,29.47,BELOW_TARGET_MINUS_2CM,0.2779502272605896,-0.02204977273941039
2948,29.48,BELOW_TARGET_MINUS_2CM,0.2779165208339691,-0.022083479166030873
2949,29.490000000000002,BELOW_TARGET_MINUS_2CM,0.27788403630256653,-0.02211596369743346
2950,29.5,BELOW_TARGET_MINUS_2CM,0.2778528034687042,-0.022147196531295765
2951,29.51,BELOW_TARGET_MINUS_2CM,0.277822881937027,-0.02217711806297301
2952,29.52,BELOW_TARGET_MINUS_2CM,0.27779433131217957,-0.022205668687820423
2953,29.53,BELOW_TARGET_MINUS_2CM,0.2777671217918396,-0.02223287820816039
2954,29.54,BELOW_TARGET_MINUS_2CM,0.27774134278297424,-0.022258657217025746
2955,29.55,BELOW_TARGET_MINUS_2CM,0.2777170240879059,-0.022282975912094105
2956,29.560000000000002,BELOW_TARGET_MINUS_2CM,0.2776941657066345,-0.022305834293365467
2957,29.57,BELOW_TARGET_MINUS_2CM,0.2776728570461273,-0.02232714295387267
2958,29.580000000000002,BELOW_TARGET_MINUS_2CM,0.2776530385017395,-0.022346961498260487
2959,29.59,BELOW_TARGET_MINUS_2CM,0.27763479948043823,-0.022365200519561756
2960,29.6,BELOW_TARGET_MINUS_2CM,0.2776181399822235,-0.022381860017776478
2961,29.61,BELOW_TARGET_MINUS_2CM,0.2776030898094177,-0.022396910190582264
2962,29.62,BELOW_TARGET_MINUS_2CM,0.27758967876434326,-0.022410321235656727
2963,29.63,BELOW_TARGET_MINUS_2CM,0.27757787704467773,-0.022422122955322255
2964,29.64,BELOW_TARGET_MINUS_2CM,0.27756771445274353,-0.02243228554725646
2965,29.650000000000002,BELOW_TARGET_MINUS_2CM,0.27755922079086304,-0.022440779209136952
2966,29.66,BELOW_TARGET_MINUS_2CM,0.27755239605903625,-0.022447603940963734
2967,29.67,BELOW_TARGET_MINUS_2CM,0.2775472402572632,-0.022452759742736805
2968,29.68,BELOW_TARGET_MINUS_2CM,0.2775437533855438,-0.022456246614456166
2969,29.69,BELOW_TARGET_MINUS_2CM,0.2775419354438782,-0.022458064556121815
2970,29.7,BELOW_TARGET_MINUS_2CM,0.27754178643226624,-0.022458213567733754
2971,29.71,BELOW_TARGET_MINUS_2CM,0.277543306350708,-0.02245669364929198
2972,29.72,BELOW_TARGET_MINUS_2CM,0.2775464653968811,-0.022453534603118885
2973,29.73,BELOW_TARGET_MINUS_2CM,0.2775512635707855,-0.022448736429214466
2974,29.740000000000002,BELOW_TARGET_MINUS_2CM,0.27755770087242126,-0.022442299127578724
2975,29.75,BELOW_TARGET_MINUS_2CM,0.27756574749946594,-0.022434252500534047
2976,29.76,BELOW_TARGET_MINUS_2CM,0.27757540345191956,-0.022424596548080433
2977,29.77,BELOW_TARGET_MINUS_2CM,0.27758660912513733,-0.02241339087486266
2978,29.78,BELOW_TARGET_MINUS_2CM,0.27759939432144165,-0.02240060567855834
2979,29.79,BELOW_TARGET_MINUS_2CM,0.27761369943618774,-0.022386300563812245
2980,29.8,BELOW_TARGET_MINUS_2CM,0.2776294946670532,-0.022370505332946766
2981,29.810000000000002,BELOW_TARGET_MINUS_2CM,0.2776467502117157,-0.02235324978828429
2982,29.82,BELOW_TARGET_MINUS_2CM,0.27766546607017517,-0.022334533929824818
2983,29.830000000000002,BELOW_TARGET_MINUS_2CM,0.2776855528354645,-0.02231444716453551
2984,29.84,BELOW_TARGET_MINUS_2CM,0.277707040309906,-0.022292959690093983
2985,29.85,BELOW_TARGET_MINUS_2CM,0.2777298390865326,-0.022270160913467396
2986,29.86,BELOW_TARGET_MINUS_2CM,0.27775394916534424,-0.02224605083465575
2987,29.87,BELOW_TARGET_MINUS_2CM,0.27777931094169617,-0.022220689058303822
2988,29.88,BELOW_TARGET_MINUS_2CM,0.2778058648109436,-0.022194135189056385
2989,29.89,BELOW_TARGET_MINUS_2CM,0.27783361077308655,-0.02216638922691344
2990,29.900000000000002,BELOW_TARGET_MINUS_2CM,0.27786245942115784,-0.022137540578842152
2991,29.91,BELOW_TARGET_MINUS_2CM,0.27789241075515747,-0.022107589244842518
2992,29.92,BELOW_TARGET_MINUS_2CM,0.2779233753681183,-0.022076624631881703
2993,29.93,BELOW_TARGET_MINUS_2CM,0.2779553234577179,-0.022044676542282093
2994,29.94,BELOW_TARGET_MINUS_2CM,0.2779881954193115,-0.022011804580688465
2995,29.95,BELOW_TARGET_MINUS_2CM,0.2780219614505768,-0.021978038549423207
2996,29.96,BELOW_TARGET_MINUS_2CM,0.2780565619468689,-0.021943438053131092
2997,29.97,BELOW_TARGET_MINUS_2CM,0.2780919373035431,-0.021908062696456898
2998,29.98,BELOW_TARGET_MINUS_2CM,0.278128057718277,-0.02187194228172301
2999,29.990000000000002,BELOW_TARGET_MINUS_2CM,0.2781648337841034,-0.021835166215896595
3000,30.0,BELOW_TARGET_MINUS_2CM,0.27820226550102234,-0.02179773449897765
3001,30.01,BELOW_TARGET_MINUS_2CM,0.27824023365974426,-0.021759766340255726
3002,30.02,BELOW_TARGET_MINUS_2CM,0.27827876806259155,-0.021721231937408436
3003,30.03,BELOW_TARGET_MINUS_2CM,0.27831774950027466,-0.02168225049972533
3004,30.04,BELOW_TARGET_MINUS_2CM,0.2783571481704712,-0.021642851829528797
3005,30.05,BELOW_TARGET_MINUS_2CM,0.27839693427085876,-0.021603065729141224
3006,30.060000000000002,BELOW_TARGET_MINUS_2CM,0.2784370183944702,-0.021562981605529774
3007,30.07,BELOW_TARGET_MINUS_2CM,0.27847737073898315,-0.021522629261016835
3008,30.080000000000002,BELOW_TARGET_MINUS_2CM,0.2785179615020752,-0.021482038497924794
3009,30.09,BELOW_TARGET_MINUS_2CM,0.2785587012767792,-0.021441298723220814
3010,30.1,BELOW_TARGET_MINUS_2CM,0.2785995602607727,-0.021400439739227284
3011,30.11,BELOW_TARGET_MINUS_2CM,0.278640478849411,-0.021359521150588978
3012,30.12,BELOW_TARGET_MINUS_2CM,0.2786814570426941,-0.021318542957305897
3013,30.13,BELOW_TARGET_MINUS_2CM,0.2787223756313324,-0.02127762436866759
3014,30.14,BELOW_TARGET_MINUS_2CM,0.2787632346153259,-0.02123676538467406
3015,30.150000000000002,BELOW_TARGET_MINUS_2CM,0.2788039743900299,-0.02119602560997008
3016,30.16,BELOW_TARGET_MINUS_2CM,0.27884459495544434,-0.021155405044555653
3017,30.17,BELOW_TARGET_MINUS_2CM,0.27888497710227966,-0.021115022897720326
3018,30.18,BELOW_TARGET_MINUS_2CM,0.2789251506328583,-0.021074849367141713
3019,30.19,BELOW_TARGET_MINUS_2CM,0.2789650559425354,-0.02103494405746459
3020,30.2,BELOW_TARGET_MINUS_2CM,0.27900463342666626,-0.02099536657333373
3021,30.21,BELOW_TARGET_MINUS_2CM,0.27904385328292847,-0.020956146717071522
3022,30.22,BELOW_TARGET_MINUS_2CM,0.279082715511322,-0.020917284488677967
3023,30.23,BELOW_TARGET_MINUS_2CM,0.27912113070487976,-0.020878869295120228
3024,30.240000000000002,BELOW_TARGET_MINUS_2CM,0.2791591286659241,-0.020840871334075917
3025,30.25,BELOW_TARGET_MINUS_2CM,0.2791966497898102,-0.020803350210189808
3026,30.26,BELOW_TARGET_MINUS_2CM,0.2792336344718933,-0.02076636552810668
3027,30.27,BELOW_TARGET_MINUS_2CM,0.27927011251449585,-0.02072988748550414
3028,30.28,BELOW_TARGET_MINUS_2CM,0.279306024312973,-0.020693975687026966
3029,30.29,BELOW_TARGET_MINUS_2CM,0.27934134006500244,-0.020658659934997547
3030,30.3,BELOW_TARGET_MINUS_2CM,0.2793760597705841,-0.020623940229415882
3031,30.310000000000002,BELOW_TARGET_MINUS_2CM,0.27941012382507324,-0.020589876174926747
3032,30.32,BELOW_TARGET_MINUS_2CM,0.2794435918331146,-0.020556408166885365
3033,30.330000000000002,BELOW_TARGET_MINUS_2CM,0.2794763445854187,-0.020523655414581288
3034,30.34,BELOW_TARGET_MINUS_2CM,0.27950844168663025,-0.02049155831336974
3035,30.35,BELOW_TARGET_MINUS_2CM,0.2795398235321045,-0.020460176467895497
3036,30.36,BELOW_TARGET_MINUS_2CM,0.2795705199241638,-0.02042948007583617
3037,30.37,BELOW_TARGET_MINUS_2CM,0.27960047125816345,-0.020399528741836537
3038,30.38,BELOW_TARGET_MINUS_2CM,0.2796296775341034,-0.020370322465896595
3039,30.39,BELOW_TARGET_MINUS_2CM,0.27965813875198364,-0.020341861248016346
3040,30.400000000000002,BELOW_TARGET_MINUS_2CM,0.2796858549118042,-0.02031414508819579
3041,30.41,BELOW_TARGET_MINUS_2CM,0.2797127962112427,-0.020287203788757313
3042,30.42,BELOW_TARGET_MINUS_2CM,0.27973899245262146,-0.02026100754737853
3043,30.43,BELOW_TARGET_MINUS_2CM,0.2797643840312958,-0.020235615968704213
3044,30.44,BELOW_TARGET_MINUS_2CM,0.279789000749588,-0.020210999250411976
3045,30.45,BELOW_TARGET_MINUS_2CM,0.27981284260749817,-0.02018715739250182
3046,30.46,BELOW_TARGET_MINUS_2CM,0.27983587980270386,-0.02016412019729613
3047,30.47,BELOW_TARGET_MINUS_2CM,0.27985814213752747,-0.020141857862472523
3048,30.48,BELOW_TARGET_MINUS_2CM,0.2798795998096466,-0.020120400190353382
3049,30.490000000000002,BELOW_TARGET_MINUS_2CM,0.2799002528190613,-0.02009974718093871
3050,30.5,BELOW_TARGET_MINUS_2CM,0.27992013096809387,-0.020079869031906117
3051,30.51,BELOW_TARGET_MINUS_2CM,0.2799392342567444,-0.020060765743255604
3052,30.52,BELOW_TARGET_MINUS_2CM,0.27995753288269043,-0.02004246711730956
3053,30.53,BELOW_TARGET_MINUS_2CM,0.279975026845932,-0.020024973154067982
3054,30.54,BELOW_TARGET_MINUS_2CM,0.2799917459487915,-0.020008254051208485
3055,30.55,BELOW_TARGET_MINUS_1CM,0.28000766038894653,-0.019992339611053456
3056,30.560000000000002,BELOW_TARGET_MINUS_1CM,0.28002282977104187,-0.01997717022895812
3057,30.57,BELOW_TARGET_MINUS_1CM,0.28003719449043274,-0.01996280550956725
3058,30.580000000000002,BELOW_TARGET_MINUS_1CM,0.28005078434944153,-0.01994921565055846
3059,30.59,BELOW_TARGET_MINUS_1CM,0.28006359934806824,-0.01993640065193175
3060,30.6,BELOW_TARGET_MINUS_1CM,0.28007563948631287,-0.019924360513687123
3061,30.61,BELOW_TARGET_MINUS_1CM,0.2800869047641754,-0.019913095235824574
3062,30.62,BELOW_TARGET_MINUS_1CM,0.2800973951816559,-0.019902604818344105
3063,30.63,BELOW_TARGET_MINUS_1CM,0.28010714054107666,-0.01989285945892333
3064,30.64,BELOW_TARGET_MINUS_1CM,0.28011631965637207,-0.01988368034362792
3065,30.650000000000002,BELOW_TARGET_MINUS_1CM,0.2801252603530884,-0.01987473964691161
3066,30.66,BELOW_TARGET_MINUS_1CM,0.2801337242126465,-0.019866275787353505
3067,30.67,BELOW_TARGET_MINUS_1CM,0.2801414132118225,-0.01985858678817748
3068,30.68,BELOW_TARGET_MINUS_1CM,0.28014829754829407,-0.01985170245170592
3069,30.69,BELOW_TARGET_MINUS_1CM,0.28015437722206116,-0.01984562277793883
3070,30.7,BELOW_TARGET_MINUS_1CM,0.28015950322151184,-0.019840496778488148
3071,30.71,BELOW_TARGET_MINUS_1CM,0.28016364574432373,-0.01983635425567626
3072,30.72,BELOW_TARGET_MINUS_1CM,0.2801668047904968,-0.019833195209503163
3073,30.73,BELOW_TARGET_MINUS_1CM,0.28016898036003113,-0.01983101963996886
3074,30.740000000000002,BELOW_TARGET_MINUS_1CM,0.28017014265060425,-0.01982985734939574
3075,30.75,BELOW_TARGET_MINUS_1CM,0.2801703214645386,-0.019829678535461415
3076,30.76,BELOW_TARGET_MINUS_1CM,0.2801694869995117,-0.01983051300048827
3077,30.77,BELOW_TARGET_MINUS_1CM,0.28016766905784607,-0.01983233094215392
3078,30.78,BELOW_TARGET_MINUS_1CM,0.2801648676395416,-0.019835132360458363
3079,30.79,BELOW_TARGET_MINUS_1CM,0.2801611125469208,-0.019838887453079213
3080,30.8,BELOW_TARGET_MINUS_1CM,0.2801564037799835,-0.01984359622001647
3081,30.810000000000002,BELOW_TARGET_MINUS_1CM,0.28015077114105225,-0.019849228858947743
3082,30.82,BELOW_TARGET_MINUS_1CM,0.28014451265335083,-0.01985548734664916
3083,30.830000000000002,BELOW_TARGET_MINUS_1CM,0.2801379859447479,-0.019862014055252064
3084,30.84,BELOW_TARGET_MINUS_1CM,0.2801310122013092,-0.019868987798690785
3085,30.85,BELOW_TARGET_MINUS_1CM,0.2801233232021332,-0.01987667679786681
3086,30.86,BELOW_TARGET_MINUS_1CM,0.2801150381565094,-0.01988496184349059
3087,30.87,BELOW_TARGET_MINUS_1CM,0.2801060974597931,-0.019893902540206898
3088,30.88,BELOW_TARGET_MINUS_1CM,0.2800964117050171,-0.0199035882949829
3089,30.89,BELOW_TARGET_MINUS_1CM,0.280085951089859,-0.01991404891014098
3090,30.900000000000002,BELOW_TARGET_MINUS_1CM,0.28007474541664124,-0.019925254583358754
3091,30.91,BELOW_TARGET_MINUS_1CM,0.2800627052783966,-0.019937294721603382
3092,30.92,BELOW_TARGET_MINUS_1CM,0.28004980087280273,-0.019950199127197255
3093,30.93,BELOW_TARGET_MINUS_1CM,0.2800360918045044,-0.019963908195495594
3094,30.94,BELOW_TARGET_MINUS_1CM,0.2800214886665344,-0.019978511333465565
3095,30.95,BELOW_TARGET_MINUS_1CM,0.2800060212612152,-0.01999397873878478
3096,30.96,BELOW_TARGET_MINUS_2CM,0.279989629983902,-0.02001037001609801
3097,30.970000000000002,BELOW_TARGET_MINUS_2CM,0.2799723744392395,-0.020027625560760487
3098,30.98,BELOW_TARGET_MINUS_2CM,0.279954195022583,-0.02004580497741698
3099,30.990000000000002,BELOW_TARGET_MINUS_2CM,0.2799350619316101,-0.02006493806838988
3100,31.0,BELOW_TARGET_MINUS_2CM,0.2799150347709656,-0.020084965229034413
3101,31.01,BELOW_TARGET_MINUS_2CM,0.27989405393600464,-0.02010594606399535
3102,31.02,BELOW_TARGET_MINUS_2CM,0.2798721194267273,-0.020127880573272694
3103,31.03,BELOW_TARGET_MINUS_2CM,0.27984923124313354,-0.020150768756866444
3104,31.04,BELOW_TARGET_MINUS_2CM,0.2798254191875458,-0.020174580812454213
3105,31.05,BELOW_TARGET_MINUS_2CM,0.2798006236553192,-0.020199376344680775
3106,31.060000000000002,BELOW_TARGET_MINUS_2CM,0.27977490425109863,-0.020225095748901356
3107,31.07,BELOW_TARGET_MINUS_2CM,0.27974820137023926,-0.02025179862976073
3108,31.080000000000002,BELOW_TARGET_MINUS_2CM,0.2797205448150635,-0.020279455184936512
3109,31.09,BELOW_TARGET_MINUS_2CM,0.2796919345855713,-0.0203080654144287
3110,31.1,BELOW_TARGET_MINUS_2CM,0.2796623408794403,-0.02033765912055968
3111,31.11,BELOW_TARGET_MINUS_2CM,0.2796318233013153,-0.02036817669868468
3112,31.12,BELOW_TARGET_MINUS_2CM,0.2796003520488739,-0.020399647951126088
3113,31.13,BELOW_TARGET_MINUS_2CM,0.2795679569244385,-0.020432043075561512
3114,31.14,BELOW_TARGET_MINUS_2CM,0.27953460812568665,-0.020465391874313343
3115,31.150000000000002,BELOW_TARGET_MINUS_2CM,0.2795003354549408,-0.020499664545059193
3116,31.16,BELOW_TARGET_MINUS_2CM,0.2794651687145233,-0.020534831285476673
3117,31.17,BELOW_TARGET_MINUS_2CM,0.2794290781021118,-0.020570921897888172
3118,31.18,BELOW_TARGET_MINUS_2CM,0.2793921232223511,-0.020607876777648915
3119,31.19,BELOW_TARGET_MINUS_2CM,0.2793542742729187,-0.020645725727081288
3120,31.2,BELOW_TARGET_MINUS_2CM,0.2793155908584595,-0.020684409141540516
3121,31.21,BELOW_TARGET_MINUS_2CM,0.279276043176651,-0.020723956823348988
3122,31.220000000000002,BELOW_TARGET_MINUS_2CM,0.27923569083213806,-0.020764309167861927
3123,31.23,BELOW_TARGET_MINUS_2CM,0.27919456362724304,-0.020805436372756947
3124,31.240000000000002,BELOW_TARGET_MINUS_2CM,0.27915263175964355,-0.020847368240356434
3125,31.25,BELOW_TARGET_MINUS_2CM,0.27910998463630676,-0.020890015363693226
3126,31.26,BELOW_TARGET_MINUS_2CM,0.27906662225723267,-0.020933377742767323
3127,31.27,BELOW_TARGET_MINUS_2CM,0.27902254462242126,-0.020977455377578724
3128,31.28,BELOW_TARGET_MINUS_2CM,0.27897781133651733,-0.021022188663482655
3129,31.29,BELOW_TARGET_MINUS_2CM,0.27893248200416565,-0.02106751799583434
3130,31.3,BELOW_TARGET_MINUS_2CM,0.2788865268230438,-0.021113473176956166
3131,31.310000000000002,BELOW_TARGET_MINUS_2CM,0.278840035200119,-0.02115996479988097
3132,31.32,BELOW_TARGET_MINUS_2CM,0.27879300713539124,-0.021206992864608754
3133,31.330000000000002,BELOW_TARGET_MINUS_2CM,0.27874553203582764,-0.021254467964172352
3134,31.34,BELOW_TARGET_MINUS_2CM,0.27869758009910583,-0.021302419900894154
3135,31.35,BELOW_TARGET_MINUS_2CM,0.2786492705345154,-0.021350729465484608
3136,31.36,BELOW_TARGET_MINUS_2CM,0.2786006033420563,-0.021399396657943714
3137,31.37,BELOW_TARGET_MINUS_2CM,0.2785516083240509,-0.021448391675949086
3138,31.38,BELOW_TARGET_MINUS_2CM,0.27850237488746643,-0.021497625112533558
3139,31.39,BELOW_TARGET_MINUS_2CM,0.27845293283462524,-0.021547067165374745
3140,31.400000000000002,BELOW_TARGET_MINUS_2CM,0.27840331196784973,-0.021596688032150257
3141,31.41,BELOW_TARGET_MINUS_2CM,0.27835360169410706,-0.021646398305892933
3142,31.42,BELOW_TARGET_MINUS_2CM,0.2783038318157196,-0.021696168184280384
3143,31.43,BELOW_TARGET_MINUS_2CM,0.27825403213500977,-0.021745967864990223
3144,31.44,BELOW_TARGET_MINUS_2CM,0.2782043218612671,-0.0217956781387329
3145,31.45,BELOW_TARGET_MINUS_2CM,0.2781547009944916,-0.021845299005508412
3146,31.46,BELOW_TARGET_MINUS_2CM,0.278105229139328,-0.021894770860671986
3147,31.470000000000002,BELOW_TARGET_MINUS_2CM,0.27805596590042114,-0.021944034099578846
3148,31.48,BELOW_TARGET_MINUS_2CM,0.27800700068473816,-0.02199299931526183
3149,31.490000000000002,BELOW_TARGET_MINUS_2CM,0.27795836329460144,-0.02204163670539855
3150,31.5,BELOW_TARGET_MINUS_2CM,0.27791011333465576,-0.022089886665344227
3151,31.51,BELOW_TARGET_MINUS_2CM,0.2778622806072235,-0.022137719392776478
3152,31.52,BELOW_TARGET_MINUS_2CM,0.27781498432159424,-0.02218501567840575
3153,31.53,BELOW_TARGET_MINUS_2CM,0.27776825428009033,-0.022231745719909657
3154,31.54,BELOW_TARGET_MINUS_2CM,0.2777221202850342,-0.02227787971496581
3155,31.55,BELOW_TARGET_MINUS_2CM,0.27767667174339294,-0.022323328256607045
3156,31.560000000000002,BELOW_TARGET_MINUS_2CM,0.2776319682598114,-0.022368031740188588
3157,31.57,BELOW_TARGET_MINUS_2CM,0.2775880694389343,-0.022411930561065663
3158,31.580000000000002,BELOW_TARGET_MINUS_2CM,0.2775450050830841,-0.022454994916915882
3159,31.59,BELOW_TARGET_MINUS_2CM,0.2775028347969055,-0.02249716520309447
3160,31.6,BELOW_TARGET_MINUS_2CM,0.2774616479873657,-0.022538352012634266
3161,31.61,BELOW_TARGET_MINUS_2CM,0.2774214744567871,-0.02257852554321288
3162,31.62,BELOW_TARGET_MINUS_2CM,0.27738234400749207,-0.022617655992507923
3163,31.63,BELOW_TARGET_MINUS_2CM,0.27734434604644775,-0.022655653953552235
3164,31.64,BELOW_TARGET_MINUS_2CM,0.27730754017829895,-0.02269245982170104
3165,31.650000000000002,BELOW_TARGET_MINUS_2CM,0.27727192640304565,-0.022728073596954335
3166,31.66,BELOW_TARGET_MINUS_2CM,0.27723756432533264,-0.022762435674667347
3167,31.67,BELOW_TARGET_MINUS_2CM,0.2772045433521271,-0.022795456647872914
3168,31.68,BELOW_TARGET_MINUS_2CM,0.27717286348342896,-0.022827136516571034
3169,31.69,BELOW_TARGET_MINUS_2CM,0.27714258432388306,-0.022857415676116932
3170,31.7,BELOW_TARGET_MINUS_2CM,0.27711373567581177,-0.02288626432418822
3171,31.71,BELOW_TARGET_MINUS_2CM,0.27708637714385986,-0.022913622856140126
3172,31.720000000000002,BELOW_TARGET_MINUS_2CM,0.27706053853034973,-0.022939461469650257
3173,31.73,BELOW_TARGET_MINUS_2CM,0.27703621983528137,-0.022963780164718617
3174,31.740000000000002,BELOW_TARGET_MINUS_2CM,0.27701351046562195,-0.02298648953437804
3175,31.75,BELOW_TARGET_MINUS_2CM,0.2769923806190491,-0.023007619380950917
3176,31.76,BELOW_TARGET_MINUS_2CM,0.2769728899002075,-0.02302711009979247
3177,31.77,BELOW_TARGET_MINUS_2CM,0.2769550681114197,-0.02304493188858031
3178,31.78,BELOW_TARGET_MINUS_2CM,0.27693891525268555,-0.023061084747314442
3179,31.79,BELOW_TARGET_MINUS_2CM,0.2769244909286499,-0.023075509071350087
3180,31.8,BELOW_TARGET_MINUS_2CM,0.27691176533699036,-0.023088234663009632
3181,31.810000000000002,BELOW_TARGET_MINUS_2CM,0.2769007682800293,-0.023099231719970692
3182,31.82,BELOW_TARGET_MINUS_2CM,0.2768914997577667,-0.023108500242233265
3183,31.830000000000002,BELOW_TARGET_MINUS_2CM,0.276883989572525,-0.023116010427474964
3184,31.84,BELOW_TARGET_MINUS_2CM,0.2768782675266266,-0.023121732473373402
3185,31.85,BELOW_TARGET_MINUS_2CM,0.27687427401542664,-0.023125725984573353
3186,31.86,BELOW_TARGET_MINUS_2CM,0.27687203884124756,-0.02312796115875243
3187,31.87,BELOW_TARGET_MINUS_2CM,0.27687159180641174,-0.023128408193588246
3188,31.88,BELOW_TARGET_MINUS_2CM,0.2768728733062744,-0.023127126693725575
3189,31.89,BELOW_TARGET_MINUS_2CM,0.27687591314315796,-0.02312408685684203
3190,31.900000000000002,BELOW_TARGET_MINUS_2CM,0.27688068151474,-0.02311931848526
3191,31.91,BELOW_TARGET_MINUS_2CM,0.2768871486186981,-0.02311285138130187
3192,31.92,BELOW_TARGET_MINUS_2CM,0.27689534425735474,-0.023104655742645253
3193,31.93,BELOW_TARGET_MINUS_2CM,0.27690523862838745,-0.023094761371612538
3194,31.94,BELOW_TARGET_MINUS_2CM,0.2769168019294739,-0.023083198070526112
3195,31.95,BELOW_TARGET_MINUS_2CM,0.27692997455596924,-0.02307002544403075
3196,31.96,BELOW_TARGET_MINUS_2CM,0.2769448161125183,-0.02305518388748168
3197,31.970000000000002,BELOW_TARGET_MINUS_2CM,0.27696120738983154,-0.023038792610168446
3198,31.98,BELOW_TARGET_MINUS_2CM,0.2769791781902313,-0.023020821809768666
3199,31.990000000000002,BELOW_TARGET_MINUS_2CM,0.2769986689090729,-0.023001331090927113
3200,32.0,BELOW_TARGET_MINUS_2CM,0.2770196497440338,-0.022980350255966175
3201,32.01,BELOW_TARGET_MINUS_2CM,0.27704209089279175,-0.02295790910720824
3202,32.02,BELOW_TARGET_MINUS_2CM,0.2770659327507019,-0.022934067249298085
3203,32.03,BELOW_TARGET_MINUS_2CM,0.2770911753177643,-0.022908824682235707
3204,32.04,BELOW_TARGET_MINUS_2CM,0.2771177291870117,-0.02288227081298827
3205,32.05,BELOW_TARGET_MINUS_2CM,0.2771455943584442,-0.022854405641555775
3206,32.06,BELOW_TARGET_MINUS_2CM,0.277174711227417,-0.022825288772582997
3207,32.07,BELOW_TARGET_MINUS_2CM,0.2772049903869629,-0.0227950096130371
3208,32.08,BELOW_TARGET_MINUS_2CM,0.2772364616394043,-0.022763538360595692
3209,32.09,BELOW_TARGET_MINUS_2CM,0.27726900577545166,-0.02273099422454833
3210,32.1,BELOW_TARGET_MINUS_2CM,0.277302622795105,-0.02269737720489501
3211,32.11,BELOW_TARGET_MINUS_2CM,0.2773372232913971,-0.022662776708602894
3212,32.12,BELOW_TARGET_MINUS_2CM,0.2773727774620056,-0.022627222537994374
3213,32.13,BELOW_TARGET_MINUS_2CM,0.27740922570228577,-0.022590774297714222
3214,32.14,BELOW_TARGET_MINUS_2CM,0.2774465084075928,-0.022553491592407215
3215,32.15,BELOW_TARGET_MINUS_2CM,0.27748456597328186,-0.02251543402671813
3216,32.160000000000004,BELOW_TARGET_MINUS_2CM,0.27752336859703064,-0.02247663140296935
3217,32.17,BELOW_TARGET_MINUS_2CM,0.27756285667419434,-0.022437143325805653
3218,32.18,BELOW_TARGET_MINUS_2CM,0.2776029706001282,-0.022397029399871815
3219,32.19,BELOW_TARGET_MINUS_2CM,0.277643620967865,-0.022356379032135
3220,32.2,BELOW_TARGET_MINUS_2CM,0.2776848077774048,-0.022315192222595204
3221,32.21,BELOW_TARGET_MINUS_2CM,0.2777264416217804,-0.022273558378219593
3222,32.22,BELOW_TARGET_MINUS_2CM,0.27776849269866943,-0.022231507301330555
3223,32.230000000000004,BELOW_TARGET_MINUS_2CM,0.2778109014034271,-0.022189098596572865
3224,32.24,BELOW_TARGET_MINUS_2CM,0.2778535783290863,-0.022146421670913685
3225,32.25,BELOW_TARGET_MINUS_2CM,0.2778964936733246,-0.022103506326675404
3226,32.26,BELOW_TARGET_MINUS_2CM,0.2779396176338196,-0.02206038236618041
3227,32.27,BELOW_TARGET_MINUS_2CM,0.2779828906059265,-0.022017109394073475
3228,32.28,BELOW_TARGET_MINUS_2CM,0.2780262231826782,-0.021973776817321766
3229,32.29,BELOW_TARGET_MINUS_2CM,0.2780695855617523,-0.02193041443824767
3230,32.3,BELOW_TARGET_MINUS_2CM,0.2781129777431488,-0.021887022256851185
3231,32.31,BELOW_TARGET_MINUS_2CM,0.2781562805175781,-0.021843719482421864
3232,32.32,BELOW_TARGET_MINUS_2CM,0.2781994640827179,-0.021800535917282093
3233,32.33,BELOW_TARGET_MINUS_2CM,0.2782425284385681,-0.021757471561431874
3234,32.34,BELOW_TARGET_MINUS_2CM,0.2782853841781616,-0.021714615821838368
3235,32.35,BELOW_TARGET_MINUS_2CM,0.278328001499176,-0.021671998500823964
3236,32.36,BELOW_TARGET_MINUS_2CM,0.27837032079696655,-0.021629679203033436
3237,32.37,BELOW_TARGET_MINUS_2CM,0.2784123420715332,-0.021587657928466786
3238,32.38,BELOW_TARGET_MINUS_2CM,0.2784540057182312,-0.021545994281768788
3239,32.39,BELOW_TARGET_MINUS_2CM,0.27849528193473816,-0.02150471806526183
3240,32.4,BELOW_TARGET_MINUS_2CM,0.2785361111164093,-0.021463888883590687
3241,32.410000000000004,BELOW_TARGET_MINUS_2CM,0.27857646346092224,-0.021423536539077748
3242,32.42,BELOW_TARGET_MINUS_2CM,0.278616338968277,-0.02138366103172301
3243,32.43,BELOW_TARGET_MINUS_2CM,0.27865567803382874,-0.021344321966171254
3244,32.44,BELOW_TARGET_MINUS_2CM,0.2786944508552551,-0.021305549144744862
3245,32.45,BELOW_TARGET_MINUS_2CM,0.27873265743255615,-0.021267342567443837
3246,32.46,BELOW_TARGET_MINUS_2CM,0.2787702679634094,-0.021229732036590565
3247,32.47,BELOW_TARGET_MINUS_2CM,0.27880722284317017,-0.021192777156829823
3248,32.480000000000004,BELOW_TARGET_MINUS_2CM,0.2788435220718384,-0.02115647792816161
3249,32.49,BELOW_TARGET_MINUS_2CM,0.2788791358470917,-0.021120864152908314
3250,32.5,BELOW_TARGET_MINUS_2CM,0.27891406416893005,-0.021085935831069935
3251,32.51,BELOW_TARGET_MINUS_2CM,0.27894827723503113,-0.02105172276496886
3252,32.52,BELOW_TARGET_MINUS_2CM,0.2789817452430725,-0.02101825475692748
3253,32.53,BELOW_TARGET_MINUS_2CM,0.2790144681930542,-0.02098553180694579
3254,32.54,BELOW_TARGET_MINUS_2CM,0.2790464460849762,-0.020953553915023793
3255,32.55,BELOW_TARGET_MINUS_2CM,0.2790776193141937,-0.020922380685806263
3256,32.56,BELOW_TARGET_MINUS_2CM,0.27910804748535156,-0.020891952514648426
3257,32.57,BELOW_TARGET_MINUS_2CM,0.27913764119148254,-0.020862358808517445
3258,32.58,BELOW_TARGET_MINUS_2CM,0.27916646003723145,-0.020833539962768544
3259,32.59,BELOW_TARGET_MINUS_2CM,0.2791944742202759,-0.02080552577972411
3260,32.6,BELOW_TARGET_MINUS_2CM,0.27922165393829346,-0.020778346061706532
3261,32.61,BELOW_TARGET_MINUS_2CM,0.27924802899360657,-0.02075197100639342
3262,32.62,BELOW_TARGET_MINUS_2CM,0.2792735695838928,-0.020726430416107167
3263,32.63,BELOW_TARGET_MINUS_2CM,0.2792982757091522,-0.020701724290847767
3264,32.64,BELOW_TARGET_MINUS_2CM,0.27932217717170715,-0.020677822828292836
3265,32.65,BELOW_TARGET_MINUS_2CM,0.27934521436691284,-0.020654785633087147
3266,32.660000000000004,BELOW_TARGET_MINUS_2CM,0.27936744689941406,-0.020632553100585926
3267,32.67,BELOW_TARGET_MINUS_2CM,0.2793888449668884,-0.02061115503311156
3268,32.68,BELOW_TARGET_MINUS_2CM,0.27940940856933594,-0.02059059143066405
3269,32.69,BELOW_TARGET_MINUS_2CM,0.2794291377067566,-0.020570862293243397
3270,32.7,BELOW_TARGET_MINUS_2CM,0.2794480323791504,-0.0205519676208496
3271,32.71,BELOW_TARGET_MINUS_2CM,0.2794661223888397,-0.020533877611160267
3272,32.72,BELOW_TARGET_MINUS_2CM,0.2794833779335022,-0.02051662206649779
3273,32.730000000000004,BELOW_TARGET_MINUS_2CM,0.2794997990131378,-0.02050020098686217
3274,32.74,BELOW_TARGET_MINUS_2CM,0.27951544523239136,-0.02048455476760863
3275,32.75,BELOW_TARGET_MINUS_2CM,0.27953022718429565,-0.020469772815704335
3276,32.76,BELOW_TARGET_MINUS_2CM,0.27954423427581787,-0.020455765724182118
3277,32.77,BELOW_TARGET_MINUS_2CM,0.27955740690231323,-0.020442593097686756
3278,32.78,BELOW_TARGET_MINUS_2CM,0.2795698046684265,-0.020430195331573475
3279,32.79,BELOW_TARGET_MINUS_2CM,0.27958136796951294,-0.02041863203048705
3280,32.8,BELOW_TARGET_MINUS_2CM,0.27959245443344116,-0.020407545566558827
3281,32.81,BELOW_TARGET_MINUS_2CM,0.27960342168807983,-0.020396578311920155
3282,32.82,BELOW_TARGET_MINUS_2CM,0.2796139121055603,-0.020386087894439686
3283,32.83,BELOW_TARGET_MINUS_2CM,0.27962353825569153,-0.02037646174430846
3284,32.84,BELOW_TARGET_MINUS_2CM,0.2796323895454407,-0.020367610454559315
3285,32.85,BELOW_TARGET_MINUS_2CM,0.2796403765678406,-0.020359623432159413
3286,32.86,BELOW_TARGET_MINUS_2CM,0.2796473503112793,-0.020352649688720692
3287,32.87,BELOW_TARGET_MINUS_2CM,0.27965331077575684,-0.020346689224243153
3288,32.88,BELOW_TARGET_MINUS_2CM,0.2796582579612732,-0.020341742038726796
3289,32.89,BELOW_TARGET_MINUS_2CM,0.2796621322631836,-0.020337867736816395
3290,32.9,BELOW_TARGET_MINUS_2CM,0.2796649634838104,-0.020335036516189564
3291,32.910000000000004,BELOW_TARGET_MINUS_2CM,0.2796667516231537,-0.020333248376846302
3292,32.92,BELOW_TARGET_MINUS_2CM,0.279667466878891,-0.020332533121108998
3293,32.93,BELOW_TARGET_MINUS_2CM,0.2796671390533447,-0.020332860946655262
3294,32.94,BELOW_TARGET_MINUS_2CM,0.2796657979488373,-0.02033420205116271
3295,32.95,BELOW_TARGET_MINUS_2CM,0.27966347336769104,-0.02033652663230895
3296,32.96,BELOW_TARGET_MINUS_2CM,0.27966010570526123,-0.02033989429473876
3297,32.97,BELOW_TARGET_MINUS_2CM,0.279655784368515,-0.020344215631484974
3298,32.980000000000004,BELOW_TARGET_MINUS_2CM,0.2796505093574524,-0.020349490642547596
3299,32.99,BELOW_TARGET_MINUS_2CM,0.279644250869751,-0.020355749130249012
3300,33.0,BELOW_TARGET_MINUS_2CM,0.2796371281147003,-0.02036287188529967
3301,33.01,BELOW_TARGET_MINUS_2CM,0.2796294391155243,-0.020370560884475697
3302,33.02,BELOW_TARGET_MINUS_2CM,0.27962157130241394,-0.02037842869758605
3303,33.03,BELOW_TARGET_MINUS_2CM,0.27961328625679016,-0.020386713743209828
3304,33.04,BELOW_TARGET_MINUS_2CM,0.27960431575775146,-0.020395684242248524
3305,33.05,BELOW_TARGET_MINUS_2CM,0.2795947194099426,-0.020405280590057362
3306,33.06,BELOW_TARGET_MINUS_2CM,0.27958449721336365,-0.02041550278663634
3307,33.07,BELOW_TARGET_MINUS_2CM,0.2795734703540802,-0.02042652964591979
3308,33.08,BELOW_TARGET_MINUS_2CM,0.2795616686344147,-0.020438331365585316
3309,33.09,BELOW_TARGET_MINUS_2CM,0.2795490622520447,-0.02045093774795531
3310,33.1,BELOW_TARGET_MINUS_2CM,0.27953559160232544,-0.02046440839767455
3311,33.11,BELOW_TARGET_MINUS_2CM,0.27952122688293457,-0.02047877311706542
3312,33.12,BELOW_TARGET_MINUS_2CM,0.27950599789619446,-0.02049400210380553
3313,33.13,BELOW_TARGET_MINUS_2CM,0.27948981523513794,-0.02051018476486205
3314,33.14,BELOW_TARGET_MINUS_2CM,0.2794727385044098,-0.0205272614955902
3315,33.15,BELOW_TARGET_MINUS_2CM,0.27945467829704285,-0.020545321702957142
3316,33.160000000000004,BELOW_TARGET_MINUS_2CM,0.2794356942176819,-0.020564305782318104
3317,33.17,BELOW_TARGET_MINUS_2CM,0.27941569685935974,-0.020584303140640248
3318,33.18,BELOW_TARGET_MINUS_2CM,0.2793947756290436,-0.02060522437095641
3319,33.19,BELOW_TARGET_MINUS_2CM,0.27937284111976624,-0.020627158880233754
3320,33.2,BELOW_TARGET_MINUS_2CM,0.2793498933315277,-0.02065010666847228
3321,33.21,BELOW_TARGET_MINUS_2CM,0.2793259918689728,-0.02067400813102721
3322,33.22,BELOW_TARGET_MINUS_2CM,0.2793010473251343,-0.02069895267486571
3323,33.230000000000004,BELOW_TARGET_MINUS_2CM,0.279275119304657,-0.020724880695343006
3324,33.24,BELOW_TARGET_MINUS_2CM,0.2792481780052185,-0.020751821994781483
3325,33.25,BELOW_TARGET_MINUS_2CM,0.27922025322914124,-0.020779746770858754
3326,33.26,BELOW_TARGET_MINUS_2CM,0.2791912853717804,-0.020808714628219593
3327,33.27,BELOW_TARGET_MINUS_2CM,0.27916133403778076,-0.020838665962219227
3328,33.28,BELOW_TARGET_MINUS_2CM,0.27913036942481995,-0.020869630575180043
3329,33.29,BELOW_TARGET_MINUS_2CM,0.27909842133522034,-0.020901578664779652
3330,33.3,BELOW_TARGET_MINUS_2CM,0.27906545996665955,-0.020934540033340443
3331,33.31,BELOW_TARGET_MINUS_2CM,0.27903154492378235,-0.02096845507621764
3332,33.32,BELOW_TARGET_MINUS_2CM,0.27899661660194397,-0.02100338339805602
3333,33.33,BELOW_TARGET_MINUS_2CM,0.2789607346057892,-0.021039265394210804
3334,33.34,BELOW_TARGET_MINUS_2CM,0.278923898935318,-0.021076101064681996
3335,33.35,BELOW_TARGET_MINUS_2CM,0.2788861393928528,-0.021113860607147206
3336,33.36,BELOW_TARGET_MINUS_2CM,0.27884742617607117,-0.021152573823928822
3337,33.37,BELOW_TARGET_MINUS_2CM,0.2788078188896179,-0.02119218111038207
3338,33.38,BELOW_TARGET_MINUS_2CM,0.27876731753349304,-0.021232682466506947
3339,33.39,BELOW_TARGET_MINUS_2CM,0.27872592210769653,-0.021274077892303456
3340,33.4,BELOW_TARGET_MINUS_2CM,0.27868369221687317,-0.02131630778312682
3341,33.410000000000004,BELOW_TARGET_MINUS_2CM,0.27864062786102295,-0.02135937213897704
3342,33.42,BELOW_TARGET_MINUS_2CM,0.27859678864479065,-0.02140321135520934
3343,33.43,BELOW_TARGET_MINUS_2CM,0.2785521447658539,-0.021447855234146107
3344,33.44,BELOW_TARGET_MINUS_2CM,0.2785067856311798,-0.02149321436882018
3345,33.45,BELOW_TARGET_MINUS_2CM,0.27846068143844604,-0.021539318561553944
3346,33.46,BELOW_TARGET_MINUS_2CM,0.27841392159461975,-0.021586078405380238
3347,33.47,BELOW_TARGET_MINUS_2CM,0.2783665060997009,-0.02163349390029906
3348,33.480000000000004,BELOW_TARGET_MINUS_2CM,0.27831849455833435,-0.02168150544166564
3349,33.49,BELOW_TARGET_MINUS_2CM,0.27826988697052,-0.02173011302947997
3350,33.5,BELOW_TARGET_MINUS_2CM,0.2782207727432251,-0.02177922725677489
3351,33.51,BELOW_TARGET_MINUS_2CM,0.2781711518764496,-0.021828848123550404
3352,33.52,BELOW_TARGET_MINUS_2CM,0.27812111377716064,-0.021878886222839344
3353,33.53,BELOW_TARGET_MINUS_2CM,0.2780706584453583,-0.021929341554641713
3354,33.54,BELOW_TARGET_MINUS_2CM,0.27801984548568726,-0.021980154514312733
3355,33.55,BELOW_TARGET_MINUS_2CM,0.27796873450279236,-0.02203126549720763
3356,33.56,BELOW_TARGET_MINUS_2CM,0.27791738510131836,-0.02208261489868163
3357,33.57,BELOW_TARGET_MINUS_2CM,0.27786579728126526,-0.02213420271873473
3358,33.58,BELOW_TARGET_MINUS_2CM,0.2778140902519226,-0.02218590974807738
3359,33.59,BELOW_TARGET_MINUS_2CM,0.2777622640132904,-0.022237735986709584
3360,33.6,BELOW_TARGET_MINUS_2CM,0.2777104079723358,-0.022289592027664173
3361,33.61,BELOW_TARGET_MINUS_2CM,0.2776585817337036,-0.022341418266296376
3362,33.62,BELOW_TARGET_MINUS_2CM,0.2776068150997162,-0.022393184900283802
3363,33.63,BELOW_TARGET_MINUS_2CM,0.2775551676750183,-0.02244483232498168
3364,33.64,BELOW_TARGET_MINUS_2CM,0.27750372886657715,-0.02249627113342284
3365,33.65,BELOW_TARGET_MINUS_2CM,0.2774525284767151,-0.0225474715232849
3366,33.660000000000004,BELOW_TARGET_MINUS_2CM,0.2774016559123993,-0.022598344087600697
3367,33.67,BELOW_TARGET_MINUS_2CM,0.27735114097595215,-0.02264885902404784
3368,33.68,BELOW_TARGET_MINUS_2CM,0.27730104327201843,-0.022698956727981556
3369,33.69,BELOW_TARGET_MINUS_2CM,0.2772514522075653,-0.02274854779243468
3370,33.7,BELOW_TARGET_MINUS_2CM,0.27720239758491516,-0.022797602415084828
3371,33.71,BELOW_TARGET_MINUS_2CM,0.27715396881103516,-0.022846031188964833
3372,33.72,BELOW_TARGET_MINUS_2CM,0.27710622549057007,-0.02289377450942992
3373,33.730000000000004,BELOW_TARGET_MINUS_2CM,0.2770591974258423,-0.022940802574157704
3374,33.74,BELOW_TARGET_MINUS_2CM,0.27701297402381897,-0.02298702597618102
3375,33.75,BELOW_TARGET_MINUS_2CM,0.2769676148891449,-0.02303238511085509
3376,33.76,BELOW_TARGET_MINUS_2CM,0.27692317962646484,-0.023076820373535145
3377,33.77,BELOW_TARGET_MINUS_2CM,0.2768796980381012,-0.023120301961898793
3378,33.78,BELOW_TARGET_MINUS_2CM,0.2768372595310211,-0.02316274046897887
3379,33.79,BELOW_TARGET_MINUS_2CM,0.276795893907547,-0.023204106092452992
3380,33.8,BELOW_TARGET_MINUS_2CM,0.276755690574646,-0.023244309425353993
3381,33.81,BELOW_TARGET_MINUS_2CM,0.2767166495323181,-0.023283350467681874
3382,33.82,BELOW_TARGET_MINUS_2CM,0.2766788899898529,-0.023321110010147084
3383,33.83,BELOW_TARGET_MINUS_2CM,0.27664241194725037,-0.023357588052749623
3384,33.84,BELOW_TARGET_MINUS_2CM,0.27660730481147766,-0.023392695188522328
3385,33.85,BELOW_TARGET_MINUS_2CM,0.2765735983848572,-0.02342640161514281
3386,33.86,BELOW_TARGET_MINUS_2CM,0.2765412926673889,-0.023458707332611073
3387,33.87,BELOW_TARGET_MINUS_2CM,0.2765105068683624,-0.023489493131637562
3388,33.88,BELOW_TARGET_MINUS_2CM,0.2764812409877777,-0.02351875901222228
3389,33.89,BELOW_TARGET_MINUS_2CM,0.27645355463027954,-0.023546445369720448
3390,33.9,BELOW_TARGET_MINUS_2CM,0.2764274775981903,-0.02357252240180968
3391,33.910000000000004,BELOW_TARGET_MINUS_2CM,0.27640300989151,-0.02359699010848998
3392,33.92,BELOW_TARGET_MINUS_2CM,0.2763802409172058,-0.02361975908279418
3393,33.93,BELOW_TARGET_MINUS_2CM,0.2763591408729553,-0.023640859127044667
3394,33.94,BELOW_TARGET_MINUS_2CM,0.2763397991657257,-0.02366020083427428
3395,33.95,BELOW_TARGET_MINUS_2CM,0.27632221579551697,-0.02367778420448302
3396,33.96,BELOW_TARGET_MINUS_2CM,0.2763063907623291,-0.023693609237670887
3397,33.97,BELOW_TARGET_MINUS_2CM,0.2762923538684845,-0.023707646131515492
3398,33.980000000000004,BELOW_TARGET_MINUS_2CM,0.27628016471862793,-0.02371983528137206
3399,33.99,BELOW_TARGET_MINUS_2CM,0.2762697637081146,-0.023730236291885365
3400,34.0,BELOW_TARGET_MINUS_2CM,0.27626121044158936,-0.023738789558410633
3401,34.01,BELOW_TARGET_MINUS_2CM,0.2762545049190521,-0.023745495080947865
3402,34.02,BELOW_TARGET_MINUS_2CM,0.27624964714050293,-0.02375035285949706
3403,34.03,BELOW_TARGET_MINUS_2CM,0.2762466371059418,-0.023753362894058216
3404,34.04,BELOW_TARGET_MINUS_2CM,0.27624547481536865,-0.023754525184631337
3405,34.05,BELOW_TARGET_MINUS_2CM,0.27624616026878357,-0.02375383973121642
3406,34.06,BELOW_TARGET_MINUS_2CM,0.2762486934661865,-0.023751306533813465
3407,34.07,BELOW_TARGET_MINUS_2CM,0.2762530446052551,-0.023746955394744862
3408,34.08,BELOW_TARGET_MINUS_2CM,0.2762592136859894,-0.02374078631401061
3409,34.09,BELOW_TARGET_MINUS_2CM,0.2762672007083893,-0.023732799291610707
3410,34.1,BELOW_TARGET_MINUS_2CM,0.27627694606781006,-0.02372305393218993
3411,34.11,BELOW_TARGET_MINUS_2CM,0.2762884795665741,-0.023711520433425892
3412,34.12,BELOW_TARGET_MINUS_2CM,0.2763017416000366,-0.023698258399963368
3413,34.13,BELOW_TARGET_MINUS_2CM,0.27631673216819763,-0.023683267831802357
3414,34.14,BELOW_TARGET_MINUS_2CM,0.27633339166641235,-0.023666608333587635
3415,34.15,BELOW_TARGET_MINUS_2CM,0.2763517200946808,-0.023648279905319203
3416,34.160000000000004,BELOW_TARGET_MINUS_2CM,0.27637165784835815,-0.023628342151641835
3417,34.17,BELOW_TARGET_MINUS_2CM,0.27639320492744446,-0.02360679507255553
3418,34.18,BELOW_TARGET_MINUS_2CM,0.27641627192497253,-0.023583728075027455
3419,34.19,BELOW_TARGET_MINUS_2CM,0.2764408588409424,-0.023559141159057606
3420,34.2,BELOW_TARGET_MINUS_2CM,0.2764669358730316,-0.023533064126968373
3421,34.21,BELOW_TARGET_MINUS_2CM,0.27649441361427307,-0.023505586385726918
3422,34.22,BELOW_TARGET_MINUS_2CM,0.27652329206466675,-0.02347670793533324
3423,34.230000000000004,BELOW_TARGET_MINUS_2CM,0.2765534818172455,-0.023446518182754505
3424,34.24,BELOW_TARGET_MINUS_2CM,0.2765849530696869,-0.0234150469303131
3425,34.25,BELOW_TARGET_MINUS_2CM,0.2766176760196686,-0.02338232398033141
3426,34.26,BELOW_TARGET_MINUS_2CM,0.2766515612602234,-0.0233484387397766
3427,34.27,BELOW_TARGET_MINUS_2CM,0.2766866087913513,-0.02331339120864867
3428,34.28,BELOW_TARGET_MINUS_2CM,0.2767226994037628,-0.02327730059623717
3429,34.29,BELOW_TARGET_MINUS_2CM,0.2767598330974579,-0.023240166902542103
3430,34.300000000000004,BELOW_TARGET_MINUS_2CM,0.27679792046546936,-0.02320207953453063
3431,34.31,BELOW_TARGET_MINUS_2CM,0.27683690190315247,-0.023163098096847523
3432,34.32,BELOW_TARGET_MINUS_2CM,0.2768767476081848,-0.023123252391815174
3433,34.33,BELOW_TARGET_MINUS_2CM,0.27691739797592163,-0.023082602024078358
3434,34.34,BELOW_TARGET_MINUS_2CM,0.27695879340171814,-0.02304120659828185
3435,34.35,BELOW_TARGET_MINUS_2CM,0.2770008444786072,-0.02299915552139281
3436,34.36,BELOW_TARGET_MINUS_2CM,0.27704352140426636,-0.02295647859573363
3437,34.37,BELOW_TARGET_MINUS_2CM,0.2770867943763733,-0.022913205623626698
3438,34.38,BELOW_TARGET_MINUS_2CM,0.2771305441856384,-0.02286945581436156
3439,34.39,BELOW_TARGET_MINUS_2CM,0.2771747410297394,-0.02282525897026061
3440,34.4,BELOW_TARGET_MINUS_2CM,0.27721932530403137,-0.022780674695968617
3441,34.410000000000004,BELOW_TARGET_MINUS_2CM,0.277264267206192,-0.022735732793807972
3442,34.42,BELOW_TARGET_MINUS_2CM,0.27730944752693176,-0.022690552473068226
3443,34.43,BELOW_TARGET_MINUS_2CM,0.277354896068573,-0.02264510393142699
3444,34.44,BELOW_TARGET_MINUS_2CM,0.2774004638195038,-0.022599536180496205
3445,34.45,BELOW_TARGET_MINUS_2CM,0.2774461805820465,-0.02255381941795348
3446,34.46,BELOW_TARGET_MINUS_2CM,0.277491956949234,-0.02250804305076598
3447,34.47,BELOW_TARGET_MINUS_2CM,0.2775377333164215,-0.02246226668357848
3448,34.480000000000004,BELOW_TARGET_MINUS_2CM,0.27758345007896423,-0.022416549921035755
3449,34.49,BELOW_TARGET_MINUS_2CM,0.2776291072368622,-0.022370892763137806
3450,34.5,BELOW_TARGET_MINUS_2CM,0.2776745855808258,-0.022325414419174183
3451,34.51,BELOW_TARGET_MINUS_2CM,0.2777199149131775,-0.0222800850868225
3452,34.52,BELOW_TARGET_MINUS_2CM,0.2777650058269501,-0.022234994173049916
3453,34.53,BELOW_TARGET_MINUS_2CM,0.2778097987174988,-0.02219020128250121
3454,34.54,BELOW_TARGET_MINUS_2CM,0.2778542637825012,-0.022145736217498768
3455,34.550000000000004,BELOW_TARGET_MINUS_2CM,0.2778984010219574,-0.02210159897804259
3456,34.56,BELOW_TARGET_MINUS_2CM,0.27794212102890015,-0.022057878971099842
3457,34.57,BELOW_TARGET_MINUS_2CM,0.2779853940010071,-0.02201460599899291
3458,34.58,BELOW_TARGET_MINUS_2CM,0.2780281901359558,-0.02197180986404418
3459,34.59,BELOW_TARGET_MINUS_2CM,0.27807050943374634,-0.02192949056625365
3460,34.6,BELOW_TARGET_MINUS_2CM,0.2781122624874115,-0.02188773751258849
3461,34.61,BELOW_TARGET_MINUS_2CM,0.2781534194946289,-0.021846580505371083
3462,34.62,BELOW_TARGET_MINUS_2CM,0.27819401025772095,-0.02180598974227904
3463,34.63,BELOW_TARGET_MINUS_2CM,0.27823394536972046,-0.02176605463027953
3464,34.64,BELOW_TARGET_MINUS_2CM,0.27827325463294983,-0.02172674536705016
3465,34.65,BELOW_TARGET_MINUS_2CM,0.2783118486404419,-0.021688151359558094
3466,34.660000000000004,BELOW_TARGET_MINUS_2CM,0.27834975719451904,-0.021650242805480946
3467,34.67,BELOW_TARGET_MINUS_2CM,0.2783869206905365,-0.02161307930946349
3468,34.68,BELOW_TARGET_MINUS_2CM,0.27842336893081665,-0.02157663106918334
3469,34.69,BELOW_TARGET_MINUS_2CM,0.27845901250839233,-0.021540987491607655
3470,34.7,BELOW_TARGET_MINUS_2CM,0.2784939110279083,-0.021506088972091664
3471,34.71,BELOW_TARGET_MINUS_2CM,0.27852800488471985,-0.02147199511528014
3472,34.72,BELOW_TARGET_MINUS_2CM,0.2785612940788269,-0.021438705921173085
3473,34.730000000000004,BELOW_TARGET_MINUS_2CM,0.2785937488079071,-0.021406251192092884
3474,34.74,BELOW_TARGET_MINUS_2CM,0.27862539887428284,-0.021374601125717152
3475,34.75,BELOW_TARGET_MINUS_2CM,0.2786561846733093,-0.021343815326690663
3476,34.76,BELOW_TARGET_MINUS_2CM,0.27868616580963135,-0.02131383419036864
3477,34.77,BELOW_TARGET_MINUS_2CM,0.27871525287628174,-0.02128474712371825
3478,34.78,BELOW_TARGET_MINUS_2CM,0.2787435054779053,-0.021256494522094715
3479,34.79,BELOW_TARGET_MINUS_2CM,0.2787708640098572,-0.02122913599014281
3480,34.800000000000004,BELOW_TARGET_MINUS_2CM,0.2787973880767822,-0.021202611923217762
3481,34.81,BELOW_TARGET_MINUS_2CM,0.27882301807403564,-0.021176981925964344
3482,34.82,BELOW_TARGET_MINUS_2CM,0.2788478136062622,-0.021152186393737782
3483,34.83,BELOW_TARGET_MINUS_2CM,0.27887171506881714,-0.02112828493118285
3484,34.84,BELOW_TARGET_MINUS_2CM,0.2788947522640228,-0.021105247735977162
3485,34.85,BELOW_TARGET_MINUS_2CM,0.2789169251918793,-0.021083074808120716
3486,34.86,BELOW_TARGET_MINUS_2CM,0.2789382040500641,-0.021061795949935902
3487,34.87,BELOW_TARGET_MINUS_2CM,0.27895864844322205,-0.021041351556777943
3488,34.88,BELOW_TARGET_MINUS_2CM,0.27897822856903076,-0.021021771430969227
3489,34.89,BELOW_TARGET_MINUS_2CM,0.27899691462516785,-0.021003085374832142
3490,34.9,BELOW_TARGET_MINUS_2CM,0.2790147662162781,-0.020985233783721913
3491,34.910000000000004,BELOW_TARGET_MINUS_2CM,0.27903178334236145,-0.02096821665763854
3492,34.92,BELOW_TARGET_MINUS_2CM,0.2790479362010956,-0.020952063798904408
3493,34.93,BELOW_TARGET_MINUS_2CM,0.27906322479248047,-0.02093677520751952
3494,34.94,BELOW_TARGET_MINUS_2CM,0.2790776789188385,-0.020922321081161488
3495,34.95,BELOW_TARGET_MINUS_2CM,0.2790912985801697,-0.02090870141983031
3496,34.96,BELOW_TARGET_MINUS_2CM,0.2791043519973755,-0.0208956480026245
3497,34.97,BELOW_TARGET_MINUS_2CM,0.27911731600761414,-0.020882683992385853
3498,34.980000000000004,BELOW_TARGET_MINUS_2CM,0.27912989258766174,-0.020870107412338246
3499,34.99,BELOW_TARGET_MINUS_2CM,0.27914169430732727,-0.02085830569267272
3500,35.0,BELOW_TARGET_MINUS_2CM,0.27915266156196594,-0.020847338438034047
3501,35.01,BELOW_TARGET_MINUS_2CM,0.27916276454925537,-0.020837235450744618
3502,35.02,BELOW_TARGET_MINUS_2CM,0.2791718542575836,-0.02082814574241637
3503,35.03,BELOW_TARGET_MINUS_2CM,0.2791798710823059,-0.02082012891769408
3504,35.04,BELOW_TARGET_MINUS_2CM,0.27918684482574463,-0.02081315517425536
3505,35.050000000000004,BELOW_TARGET_MINUS_2CM,0.279192715883255,-0.020807284116744984
3506,35.06,BELOW_TARGET_MINUS_2CM,0.27919748425483704,-0.020802515745162953
3507,35.07,BELOW_TARGET_MINUS_2CM,0.27920112013816833,-0.020798879861831654
3508,35.08,BELOW_TARGET_MINUS_2CM,0.2792036831378937,-0.020796316862106312
3509,35.09,BELOW_TARGET_MINUS_2CM,0.2792051434516907,-0.020794856548309315
3510,35.1,BELOW_TARGET_MINUS_2CM,0.2792055308818817,-0.020794469118118275
3511,35.11,BELOW_TARGET_MINUS_2CM,0.2792048752307892,-0.020795124769210804
3512,35.12,BELOW_TARGET_MINUS_2CM,0.2792031466960907,-0.02079685330390929
3513,35.13,BELOW_TARGET_MINUS_2CM,0.27920037508010864,-0.020799624919891346
3514,35.14,BELOW_TARGET_MINUS_2CM,0.2791966199874878,-0.020803380012512196
3515,35.15,BELOW_TARGET_MINUS_2CM,0.27919185161590576,-0.020808148384094227
3516,35.160000000000004,BELOW_TARGET_MINUS_2CM,0.27918609976768494,-0.020813900232315052
3517,35.17,BELOW_TARGET_MINUS_2CM,0.2791793942451477,-0.020820605754852284
3518,35.18,BELOW_TARGET_MINUS_2CM,0.27917173504829407,-0.02082826495170592
3519,35.19,BELOW_TARGET_MINUS_2CM,0.2791632115840912,-0.020836788415908802
3520,35.2,BELOW_TARGET_MINUS_2CM,0.2791542410850525,-0.0208457589149475
3521,35.21,BELOW_TARGET_MINUS_2CM,0.27914515137672424,-0.020854848623275746
3522,35.22,BELOW_TARGET_MINUS_2CM,0.27913564443588257,-0.02086435556411742
3523,35.230000000000004,BELOW_TARGET_MINUS_2CM,0.279125452041626,-0.020874547958374012
3524,35.24,BELOW_TARGET_MINUS_2CM,0.27911466360092163,-0.020885336399078358
3525,35.25,BELOW_TARGET_MINUS_2CM,0.27910321950912476,-0.020896780490875233
3526,35.26,BELOW_TARGET_MINUS_2CM,0.279090940952301,-0.020909059047698964
3527,35.27,BELOW_TARGET_MINUS_2CM,0.2790778577327728,-0.020922142267227162
3528,35.28,BELOW_TARGET_MINUS_2CM,0.2790639102458954,-0.020936089754104603
3529,35.29,BELOW_TARGET_MINUS_2CM,0.2790490984916687,-0.020950901508331288
3530,35.300000000000004,BELOW_TARGET_MINUS_2CM,0.2790333330631256,-0.02096666693687438
3531,35.31,BELOW_TARGET_MINUS_2CM,0.2790166139602661,-0.020983386039733876
3532,35.32,BELOW_TARGET_MINUS_2CM,0.2789989411830902,-0.02100105881690978
3533,35.33,BELOW_TARGET_MINUS_2CM,0.2789802849292755,-0.021019715070724476
3534,35.34,BELOW_TARGET_MINUS_2CM,0.278960645198822,-0.021039354801177967
3535,35.35,BELOW_TARGET_MINUS_2CM,0.27893999218940735,-0.02106000781059264
3536,35.36,BELOW_TARGET_MINUS_2CM,0.2789182960987091,-0.021081703901290882
3537,35.37,BELOW_TARGET_MINUS_2CM,0.2788955867290497,-0.021104413270950306
3538,35.38,BELOW_TARGET_MINUS_2CM,0.2788718044757843,-0.021128195524215687
3539,35.39,BELOW_TARGET_MINUS_2CM,0.27884700894355774,-0.02115299105644225
3540,35.4,BELOW_TARGET_MINUS_2CM,0.2788211703300476,-0.02117882966995238
3541,35.410000000000004,BELOW_TARGET_MINUS_2CM,0.2787942588329315,-0.02120574116706847
3542,35.42,BELOW_TARGET_MINUS_2CM,0.27876630425453186,-0.02123369574546813
3543,35.43,BELOW_TARGET_MINUS_2CM,0.27873730659484863,-0.021262693405151356
3544,35.44,BELOW_TARGET_MINUS_2CM,0.27870723605155945,-0.02129276394844054
3545,35.45,BELOW_TARGET_MINUS_2CM,0.2786760926246643,-0.021323907375335682
3546,35.46,BELOW_TARGET_MINUS_2CM,0.278643935918808,-0.021356064081192005
3547,35.47,BELOW_TARGET_MINUS_2CM,0.2786107361316681,-0.021389263868331898
3548,35.480000000000004,BELOW_TARGET_MINUS_2CM,0.27857646346092224,-0.021423536539077748
3549,35.49,BELOW_TARGET_MINUS_2CM,0.2785411775112152,-0.02145882248878478
3550,35.5,BELOW_TARGET_MINUS_2CM,0.278504878282547,-0.021495121717452992
3551,35.51,BELOW_TARGET_MINUS_2CM,0.2784675657749176,-0.021532434225082386
3552,35.52,BELOW_TARGET_MINUS_2CM,0.2784292697906494,-0.021570730209350575
3553,35.53,BELOW_TARGET_MINUS_2CM,0.27838996052742004,-0.021610039472579945
3554,35.54,BELOW_TARGET_MINUS_2CM,0.27834969758987427,-0.02165030241012572
3555,35.550000000000004,BELOW_TARGET_MINUS_2CM,0.2783084809780121,-0.021691519021987904
3556,35.56,BELOW_TARGET_MINUS_2CM,0.2782663404941559,-0.021733659505844105
3557,35.57,BELOW_TARGET_MINUS_2CM,0.27822327613830566,-0.021776723861694325
3558,35.58,BELOW_TARGET_MINUS_2CM,0.2781793475151062,-0.021820652484893788
3559,35.59,BELOW_TARGET_MINUS_2CM,0.2781345248222351,-0.02186547517776488
3560,35.6,BELOW_TARGET_MINUS_2CM,0.27808889746665955,-0.021911102533340443
3561,35.61,BELOW_TARGET_MINUS_2CM,0.27804243564605713,-0.02195756435394286
3562,35.62,BELOW_TARGET_MINUS_2CM,0.277995228767395,-0.02200477123260497
3563,35.63,BELOW_TARGET_MINUS_2CM,0.2779472768306732,-0.02205272316932677
3564,35.64,BELOW_TARGET_MINUS_2CM,0.2778986096382141,-0.022101390361785878
3565,35.65,BELOW_TARGET_MINUS_2CM,0.2778492867946625,-0.022150713205337513
3566,35.660000000000004,BELOW_TARGET_MINUS_2CM,0.2777993083000183,-0.02220069169998168
3567,35.67,BELOW_TARGET_MINUS_2CM,0.2777487635612488,-0.02225123643875121
3568,35.68,BELOW_TARGET_MINUS_2CM,0.2776976525783539,-0.022302347421646107
3569,35.69,BELOW_TARGET_MINUS_2CM,0.2776460349559784,-0.022353965044021595
3570,35.7,BELOW_TARGET_MINUS_2CM,0.2775939702987671,-0.0224060297012329
3571,35.71,BELOW_TARGET_MINUS_2CM,0.27754148840904236,-0.02245851159095763
3572,35.72,BELOW_TARGET_MINUS_2CM,0.27748867869377136,-0.022511321306228627
3573,35.730000000000004,BELOW_TARGET_MINUS_2CM,0.2774355113506317,-0.022564488649368275
3574,35.74,BELOW_TARGET_MINUS_2CM,0.27738210558891296,-0.022617894411087025
3575,35.75,BELOW_TARGET_MINUS_2CM,0.2773285210132599,-0.0226714789867401
3576,35.76,BELOW_TARGET_MINUS_2CM,0.2772747576236725,-0.022725242376327504
3577,35.77,BELOW_TARGET_MINUS_2CM,0.2772209048271179,-0.02277909517288207
3578,35.78,BELOW_TARGET_MINUS_2CM,0.27716705203056335,-0.022832947969436634
3579,35.79,BELOW_TARGET_MINUS_2CM,0.2771131992340088,-0.0228868007659912
3580,35.800000000000004,BELOW_TARGET_MINUS_2CM,0.2770594358444214,-0.022940564155578602
3581,35.81,BELOW_TARGET_MINUS_2CM,0.2770058214664459,-0.022994178533554066
3582,35.82,BELOW_TARGET_MINUS_2CM,0.2769524157047272,-0.023047584295272816
3583,35.83,BELOW_TARGET_MINUS_2CM,0.2768992781639099,-0.023100721836090077
3584,35.84,BELOW_TARGET_MINUS_2CM,0.2768464982509613,-0.023153501749038685
3585,35.85,BELOW_TARGET_MINUS_2CM,0.27679410576820374,-0.023205894231796254
3586,35.86,BELOW_TARGET_MINUS_2CM,0.276742160320282,-0.023257839679718006
3587,35.87,BELOW_TARGET_MINUS_2CM,0.2766907513141632,-0.02330924868583678
3588,35.88,BELOW_TARGET_MINUS_2CM,0.2766399383544922,-0.0233600616455078
3589,35.89,BELOW_TARGET_MINUS_2CM,0.2765897810459137,-0.023410218954086293
3590,35.9,BELOW_TARGET_MINUS_2CM,0.2765403389930725,-0.02345966100692748
3591,35.910000000000004,BELOW_TARGET_MINUS_2CM,0.2764916718006134,-0.023508328199386586
3592,35.92,BELOW_TARGET_MINUS_2CM,0.27644386887550354,-0.02355613112449645
3593,35.93,BELOW_TARGET_MINUS_2CM,0.2763969898223877,-0.023603010177612294
3594,35.94,BELOW_TARGET_MINUS_2CM,0.27635103464126587,-0.02364896535873412
3595,35.95,BELOW_TARGET_MINUS_2CM,0.27630615234375,-0.02369384765624999
3596,35.96,BELOW_TARGET_MINUS_2CM,0.2762623429298401,-0.0237376570701599
3597,35.97,BELOW_TARGET_MINUS_2CM,0.2762196958065033,-0.023780304193496693
3598,35.980000000000004,BELOW_TARGET_MINUS_2CM,0.276178240776062,-0.023821759223937977
3599,35.99,BELOW_TARGET_MINUS_2CM,0.2761380672454834,-0.02386193275451659
3600,36.0,BELOW_TARGET_MINUS_2CM,0.27609920501708984,-0.023900794982910145
3601,36.01,BELOW_TARGET_MINUS_2CM,0.2760617136955261,-0.023938286304473866
3602,36.02,BELOW_TARGET_MINUS_2CM,0.276025652885437,-0.023974347114562977
3603,36.03,BELOW_TARGET_MINUS_2CM,0.2759910523891449,-0.02400894761085509
3604,36.04,BELOW_TARGET_MINUS_2CM,0.27595800161361694,-0.024041998386383046
3605,36.050000000000004,BELOW_TARGET_MINUS_2CM,0.27592650055885315,-0.02407349944114684
3606,36.06,BELOW_TARGET_MINUS_2CM,0.2758966088294983,-0.024103391170501698
3607,36.07,BELOW_TARGET_MINUS_2CM,0.27586835622787476,-0.024131643772125233
3608,36.08,BELOW_TARGET_MINUS_2CM,0.2758418321609497,-0.024158167839050282
3609,36.09,BELOW_TARGET_MINUS_2CM,0.27581700682640076,-0.024182993173599232
3610,36.1,BELOW_TARGET_MINUS_2CM,0.2757939398288727,-0.024206060171127308
3611,36.11,BELOW_TARGET_MINUS_2CM,0.27577266097068787,-0.024227339029312123
3612,36.12,BELOW_TARGET_MINUS_2CM,0.2757532000541687,-0.024246799945831288
3613,36.13,BELOW_TARGET_MINUS_2CM,0.2757355868816376,-0.024264413118362416
3614,36.14,BELOW_TARGET_MINUS_2CM,0.27571985125541687,-0.02428014874458312
3615,36.15,BELOW_TARGET_MINUS_2CM,0.2757059633731842,-0.024294036626815785
3616,36.160000000000004,BELOW_TARGET_MINUS_2CM,0.27569401264190674,-0.02430598735809325
3617,36.17,BELOW_TARGET_MINUS_2CM,0.2756839692592621,-0.024316030740737904
3618,36.18,BELOW_TARGET_MINUS_2CM,0.27567583322525024,-0.024324166774749745
3619,36.19,BELOW_TARGET_MINUS_2CM,0.2756696343421936,-0.024330365657806385
3620,36.2,BELOW_TARGET_MINUS_2CM,0.27566540241241455,-0.024334597587585438
3621,36.21,BELOW_TARGET_MINUS_2CM,0.2756630778312683,-0.02433692216873168
3622,36.22,BELOW_TARGET_MINUS_2CM,0.27566269040107727,-0.02433730959892272
3623,36.230000000000004,BELOW_TARGET_MINUS_2CM,0.27566424012184143,-0.024335759878158558
3624,36.24,BELOW_TARGET_MINUS_2CM,0.2756677269935608,-0.024332273006439198
3625,36.25,BELOW_TARGET_MINUS_2CM,0.27567312121391296,-0.024326878786087025
3626,36.26,BELOW_TARGET_MINUS_2CM,0.27568042278289795,-0.02431957721710204
3627,36.27,BELOW_TARGET_MINUS_2CM,0.27568957209587097,-0.024310427904129017
3628,36.28,BELOW_TARGET_MINUS_2CM,0.2757006287574768,-0.024299371242523182
3629,36.29,BELOW_TARGET_MINUS_2CM,0.2757135033607483,-0.024286496639251698
3630,36.300000000000004,BELOW_TARGET_MINUS_2CM,0.27572816610336304,-0.024271833896636952
3631,36.31,BELOW_TARGET_MINUS_2CM,0.27574464678764343,-0.024255353212356556
3632,36.32,BELOW_TARGET_MINUS_2CM,0.2757628858089447,-0.024237114191055287
3633,36.33,BELOW_TARGET_MINUS_2CM,0.27578285336494446,-0.02421714663505553
3634,36.34,BELOW_TARGET_MINUS_2CM,0.2758044898509979,-0.024195510149002064
3635,36.35,BELOW_TARGET_MINUS_2CM,0.2758277952671051,-0.024172204732894886
3636,36.36,BELOW_TARGET_MINUS_2CM,0.2758527100086212,-0.024147289991378773
3637,36.37,BELOW_TARGET_MINUS_2CM,0.2758791744709015,-0.0241208255290985
3638,36.38,BELOW_TARGET_MINUS_2CM,0.27590715885162354,-0.024092841148376454
3639,36.39,BELOW_TARGET_MINUS_2CM,0.27593663334846497,-0.024063366651535023
3640,36.4,BELOW_TARGET_MINUS_2CM,0.275967538356781,-0.024032461643218983
3641,36.410000000000004,BELOW_TARGET_MINUS_2CM,0.2759998142719269,-0.02400018572807311
3642,36.42,BELOW_TARGET_MINUS_2CM,0.2760334312915802,-0.02396656870841979
3643,36.43,BELOW_TARGET_MINUS_2CM,0.2760683298110962,-0.023931670188903797
3644,36.44,BELOW_TARGET_MINUS_2CM,0.2761044204235077,-0.0238955795764923
3645,36.45,BELOW_TARGET_MINUS_2CM,0.2761416733264923,-0.02385832667350768
3646,36.46,BELOW_TARGET_MINUS_2CM,0.27618005871772766,-0.023819941282272328
3647,36.47,BELOW_TARGET_MINUS_2CM,0.2762194871902466,-0.023780512809753407
3648,36.480000000000004,BELOW_TARGET_MINUS_2CM,0.2762598991394043,-0.023740100860595692
3649,36.49,BELOW_TARGET_MINUS_2CM,0.27630123496055603,-0.02369876503944396
3650,36.5,BELOW_TARGET_MINUS_2CM,0.2763434648513794,-0.023656535148620594
3651,36.51,BELOW_TARGET_MINUS_2CM,0.27638646960258484,-0.02361353039741515
3652,36.52,BELOW_TARGET_MINUS_2CM,0.27643024921417236,-0.023569750785827626
3653,36.53,BELOW_TARGET_MINUS_2CM,0.2764747142791748,-0.023525285720825184
3654,36.54,BELOW_TARGET_MINUS_2CM,0.2765198051929474,-0.0234801948070526
3655,36.550000000000004,BELOW_TARGET_MINUS_2CM,0.27656546235084534,-0.023434537649154652
3656,36.56,BELOW_TARGET_MINUS_2CM,0.2766116261482239,-0.023388373851776112
3657,36.57,BELOW_TARGET_MINUS_2CM,0.27665823698043823,-0.023341763019561756
3658,36.58,BELOW_TARGET_MINUS_2CM,0.27670523524284363,-0.02329476475715636
3659,36.59,BELOW_TARGET_MINUS_2CM,0.2767525613307953,-0.0232474386692047
3660,36.6,BELOW_TARGET_MINUS_2CM,0.27680015563964844,-0.02319984436035155
3661,36.61,BELOW_TARGET_MINUS_2CM,0.2768479585647583,-0.023152041435241688
3662,36.62,BELOW_TARGET_MINUS_2CM,0.2768959403038025,-0.0231040596961975
3663,36.63,BELOW_TARGET_MINUS_2CM,0.27694398164749146,-0.023056018352508534
3664,36.64,BELOW_TARGET_MINUS_2CM,0.2769920825958252,-0.023007917404174794
3665,36.65,BELOW_TARGET_MINUS_2CM,0.27704015374183655,-0.02295984625816344
3666,36.660000000000004,BELOW_TARGET_MINUS_2CM,0.2770881652832031,-0.022911834716796864
3667,36.67,BELOW_TARGET_MINUS_2CM,0.27713605761528015,-0.022863942384719838
3668,36.68,BELOW_TARGET_MINUS_2CM,0.27718380093574524,-0.02281619906425475
3669,36.69,BELOW_TARGET_MINUS_2CM,0.2772313058376312,-0.022768694162368763
3670,36.7,BELOW_TARGET_MINUS_2CM,0.2772785723209381,-0.02272142767906188
3671,36.71,BELOW_TARGET_MINUS_2CM,0.27732551097869873,-0.02267448902130126
3672,36.72,BELOW_TARGET_MINUS_2CM,0.2773720920085907,-0.02262790799140929
3673,36.730000000000004,BELOW_TARGET_MINUS_2CM,0.2774182856082916,-0.022581714391708363
3674,36.74,BELOW_TARGET_MINUS_2CM,0.27746403217315674,-0.02253596782684325
3675,36.75,BELOW_TARGET_MINUS_2CM,0.27750930190086365,-0.02249069809913634
3676,36.76,BELOW_TARGET_MINUS_2CM,0.27755406498908997,-0.022445935010910023
3677,36.77,BELOW_TARGET_MINUS_2CM,0.2775982916355133,-0.022401708364486683
3678,36.78,BELOW_TARGET_MINUS_2CM,0.2776419222354889,-0.022358077764511097
3679,36.79,BELOW_TARGET_MINUS_2CM,0.27768492698669434,-0.022315073013305653
3680,36.800000000000004,BELOW_TARGET_MINUS_2CM,0.27772730588912964,-0.02227269411087035
3681,36.81,BELOW_TARGET_MINUS_2CM,0.27776899933815,-0.022231000661849964
3682,36.82,BELOW_TARGET_MINUS_2CM,0.2778100073337555,-0.022189992666244496
3683,36.83,BELOW_TARGET_MINUS_2CM,0.27785027027130127,-0.02214972972869872
3684,36.84,BELOW_TARGET_MINUS_2CM,0.27788981795310974,-0.022110182046890248
3685,36.85,BELOW_TARGET_MINUS_2CM,0.27792856097221375,-0.022071439027786244
3686,36.86,BELOW_TARGET_MINUS_2CM,0.27796652913093567,-0.02203347086906432
3687,36.87,BELOW_TARGET_MINUS_2CM,0.2780036926269531,-0.021996307373046864
3688,36.88,BELOW_TARGET_MINUS_2CM,0.2780400514602661,-0.021959948539733876
3689,36.89,BELOW_TARGET_MINUS_2CM,0.27807554602622986,-0.02192445397377013
3690,36.9,BELOW_TARGET_MINUS_2CM,0.27811020612716675,-0.02188979387283324
3691,36.910000000000004,BELOW_TARGET_MINUS_2CM,0.2781440019607544,-0.021855998039245594
3692,36.92,BELOW_TARGET_MINUS_2CM,0.2781769037246704,-0.02182309627532958
3693,36.93,BELOW_TARGET_MINUS_2CM,0.2782089412212372,-0.021791058778762806
3694,36.94,BELOW_TARGET_MINUS_2CM,0.2782400846481323,-0.021759915351867665
3695,36.95,BELOW_TARGET_MINUS_2CM,0.2782703638076782,-0.021729636192321766
3696,36.96,BELOW_TARGET_MINUS_2CM,0.2782997190952301,-0.021700280904769886
3697,36.97,BELOW_TARGET_MINUS_2CM,0.27832818031311035,-0.021671819686889637
3698,36.980000000000004,BELOW_TARGET_MINUS_2CM,0.2783557176589966,-0.021644282341003407
3699,36.99,BELOW_TARGET_MINUS_2CM,0.2783823609352112,-0.021617639064788807
3700,37.0,BELOW_TARGET_MINUS_2CM,0.27840811014175415,-0.02159188985824584
3701,37.01,BELOW_TARGET_MINUS_2CM,0.2784329354763031,-0.02156706452369689
3702,37.02,BELOW_TARGET_MINUS_2CM,0.27845683693885803,-0.021543163061141957
3703,37.03,BELOW_TARGET_MINUS_2CM,0.2784798741340637,-0.021520125865936268
3704,37.04,BELOW_TARGET_MINUS_2CM,0.2785019874572754,-0.0214980125427246
3705,37.050000000000004,BELOW_TARGET_MINUS_2CM,0.27852317690849304,-0.021476823091506947
3706,37.06,BELOW_TARGET_MINUS_2CM,0.27854350209236145,-0.02145649790763854
3707,37.07,BELOW_TARGET_MINUS_2CM,0.2785629332065582,-0.02143706679344176
3708,37.08,BELOW_TARGET_MINUS_2CM,0.278581440448761,-0.021418559551239003
3709,37.09,BELOW_TARGET_MINUS_2CM,0.2785990834236145,-0.021400916576385487
3710,37.1,BELOW_TARGET_MINUS_2CM,0.2786158621311188,-0.021384137868881214
3711,37.11,BELOW_TARGET_MINUS_2CM,0.2786317467689514,-0.021368253231048573
3712,37.12,BELOW_TARGET_MINUS_2CM,0.2786468267440796,-0.0213531732559204
3713,37.13,BELOW_TARGET_MINUS_2CM,0.2786615788936615,-0.02133842110633849
3714,37.14,BELOW_TARGET_MINUS_2CM,0.27867627143859863,-0.021323728561401356
3715,37.15,BELOW_TARGET_MINUS_2CM,0.2786904275417328,-0.0213095724582672
3716,37.160000000000004,BELOW_TARGET_MINUS_2CM,0.2787036895751953,-0.021296310424804676
3717,37.17,BELOW_TARGET_MINUS_2CM,0.278716117143631,-0.021283882856369007
3718,37.18,BELOW_TARGET_MINUS_2CM,0.27872759103775024,-0.021272408962249745
3719,37.19,BELOW_TARGET_MINUS_2CM,0.27873799204826355,-0.02126200795173644
3720,37.2,BELOW_TARGET_MINUS_2CM,0.2787472903728485,-0.021252709627151478
3721,37.21,BELOW_TARGET_MINUS_2CM,0.27875545620918274,-0.02124454379081725
3722,37.22,BELOW_TARGET_MINUS_2CM,0.27876245975494385,-0.02123754024505614
3723,37.230000000000004,BELOW_TARGET_MINUS_2CM,0.2787683308124542,-0.021231669187545765
3724,37.24,BELOW_TARGET_MINUS_2CM,0.2787730395793915,-0.02122696042060851
3725,37.25,BELOW_TARGET_MINUS_2CM,0.278776615858078,-0.021223384141921986
3726,37.26,BELOW_TARGET_MINUS_2CM,0.2787790596485138,-0.021220940351486195
3727,37.27,BELOW_TARGET_MINUS_2CM,0.27878037095069885,-0.021219629049301136
3728,37.28,BELOW_TARGET_MINUS_2CM,0.27878060936927795,-0.021219390630722035
3729,37.29,BELOW_TARGET_MINUS_2CM,0.2787797451019287,-0.021220254898071278
3730,37.300000000000004,BELOW_TARGET_MINUS_2CM,0.2787778079509735,-0.021222192049026478
3731,37.31,BELOW_TARGET_MINUS_2CM,0.27877482771873474,-0.021225172281265248
3732,37.32,BELOW_TARGET_MINUS_2CM,0.2787708044052124,-0.021229195594787587
3733,37.33,BELOW_TARGET_MINUS_2CM,0.27876579761505127,-0.02123420238494872
3734,37.34,BELOW_TARGET_MINUS_2CM,0.27875974774360657,-0.02124025225639342
3735,37.35,BELOW_TARGET_MINUS_2CM,0.27875274419784546,-0.02124725580215453
3736,37.36,BELOW_TARGET_MINUS_2CM,0.27874475717544556,-0.021255242824554432
3737,37.37,BELOW_TARGET_MINUS_2CM,0.27873581647872925,-0.02126418352127074
3738,37.38,BELOW_TARGET_MINUS_2CM,0.27872607111930847,-0.021273928880691517
3739,37.39,BELOW_TARGET_MINUS_2CM,0.27871599793434143,-0.021284002065658558
3740,37.4,BELOW_TARGET_MINUS_2CM,0.27870580554008484,-0.02129419445991515
3741,37.410000000000004,BELOW_TARGET_MINUS_2CM,0.2786951959133148,-0.02130480408668517
3742,37.42,BELOW_TARGET_MINUS_2CM,0.27868393063545227,-0.02131606936454772
3743,37.43,BELOW_TARGET_MINUS_2CM,0.2786720395088196,-0.02132796049118041
3744,37.44,BELOW_TARGET_MINUS_2CM,0.278659462928772,-0.021340537071228016
3745,37.45,BELOW_TARGET_MINUS_2CM,0.2786460220813751,-0.021353977918624867
3746,37.46,BELOW_TARGET_MINUS_2CM,0.2786317467689514,-0.021368253231048573
3747,37.47,BELOW_TARGET_MINUS_2CM,0.27861660718917847,-0.021383392810821522
3748,37.480000000000004,BELOW_TARGET_MINUS_2CM,0.2786004841327667,-0.021399515867233265
3749,37.49,BELOW_TARGET_MINUS_2CM,0.27858343720436096,-0.021416562795639027
3750,37.5,BELOW_TARGET_MINUS_2CM,0.278565376996994,-0.02143462300300597
3751,37.51,BELOW_TARGET_MINUS_2CM,0.2785462737083435,-0.021453726291656483
3752,37.52,BELOW_TARGET_MINUS_2CM,0.2785261571407318,-0.021473842859268177
3753,37.53,BELOW_TARGET_MINUS_2CM,0.27850499749183655,-0.02149500250816344
3754,37.54,BELOW_TARGET_MINUS_2CM,0.2784827947616577,-0.021517205238342274
3755,37.550000000000004,BELOW_TARGET_MINUS_2CM,0.27845948934555054,-0.021540510654449452
3756,37.56,BELOW_TARGET_MINUS_2CM,0.2784351110458374,-0.021564888954162587
3757,37.57,BELOW_TARGET_MINUS_2CM,0.2784096300601959,-0.021590369939804066
3758,37.58,BELOW_TARGET_MINUS_2CM,0.2783830761909485,-0.021616923809051503
3759,37.59,BELOW_TARGET_MINUS_2CM,0.2783554196357727,-0.021644580364227284
3760,37.6,BELOW_TARGET_MINUS_2CM,0.2783266603946686,-0.02167333960533141
3761,37.61,BELOW_TARGET_MINUS_2CM,0.2782967984676361,-0.02170320153236388
3762,37.62,BELOW_TARGET_MINUS_2CM,0.2782658338546753,-0.021734166145324696
3763,37.63,BELOW_TARGET_MINUS_2CM,0.27823376655578613,-0.021766233444213856
3764,37.64,BELOW_TARGET_MINUS_2CM,0.278200626373291,-0.021799373626708973
3765,37.65,BELOW_TARGET_MINUS_2CM,0.27816638350486755,-0.021833616495132435
3766,37.660000000000004,BELOW_TARGET_MINUS_2CM,0.27813106775283813,-0.021868932247161854
3767,37.67,BELOW_TARGET_MINUS_2CM,0.27809464931488037,-0.021905350685119618
3768,37.68,BELOW_TARGET_MINUS_2CM,0.27805718779563904,-0.02194281220436095
3769,37.69,BELOW_TARGET_MINUS_2CM,0.27801865339279175,-0.02198134660720824
3770,37.7,BELOW_TARGET_MINUS_2CM,0.2779791057109833,-0.022020894289016713
3771,37.71,BELOW_TARGET_MINUS_2CM,0.27793851494789124,-0.022061485052108754
3772,37.72,BELOW_TARGET_MINUS_2CM,0.277896910905838,-0.022103089094161976
3773,37.730000000000004,BELOW_TARGET_MINUS_2CM,0.2778542935848236,-0.02214570641517638
3774,37.74,BELOW_TARGET_MINUS_2CM,0.2778107523918152,-0.022189247608184803
3775,37.75,BELOW_TARGET_MINUS_2CM,0.27776622772216797,-0.02223377227783202
3776,37.76,BELOW_TARGET_MINUS_2CM,0.27772077918052673,-0.022279220819473255
3777,37.77,BELOW_TARGET_MINUS_2CM,0.27767443656921387,-0.02232556343078612
3778,37.78,BELOW_TARGET_MINUS_2CM,0.27762722969055176,-0.02237277030944823
3779,37.79,BELOW_TARGET_MINUS_2CM,0.2775791883468628,-0.022420811653137196
3780,37.800000000000004,BELOW_TARGET_MINUS_2CM,0.27753034234046936,-0.02246965765953063
3781,37.81,BELOW_TARGET_MINUS_2CM,0.27748069167137146,-0.02251930832862853
3782,37.82,BELOW_TARGET_MINUS_2CM,0.27743032574653625,-0.022569674253463734
3783,37.83,BELOW_TARGET_MINUS_2CM,0.27737927436828613,-0.022620725631713856
3784,37.84,BELOW_TARGET_MINUS_2CM,0.2773275375366211,-0.022672462463378895
3785,37.85,BELOW_TARGET_MINUS_2CM,0.2772752046585083,-0.022724795341491688
3786,37.86,BELOW_TARGET_MINUS_2CM,0.27722227573394775,-0.022777724266052235
3787,37.87,BELOW_TARGET_MINUS_2CM,0.2771688401699066,-0.022831159830093373
3788,37.88,BELOW_TARGET_MINUS_2CM,0.2771149277687073,-0.022885072231292714
3789,37.89,BELOW_TARGET_MINUS_2CM,0.2770605981349945,-0.022939401865005482
3790,37.9,BELOW_TARGET_MINUS_2CM,0.2770058810710907,-0.02299411892890929
3791,37.910000000000004,BELOW_TARGET_MINUS_2CM,0.2769508361816406,-0.023049163818359364
3792,37.92,BELOW_TARGET_MINUS_2CM,0.27689552307128906,-0.023104476928710926
3793,37.93,BELOW_TARGET_MINUS_2CM,0.2768400013446808,-0.023159998655319203
3794,37.94,BELOW_TARGET_MINUS_2CM,0.2767843008041382,-0.023215699195861805
3795,37.95,BELOW_TARGET_MINUS_2CM,0.2767285406589508,-0.023271459341049183
3796,37.96,BELOW_TARGET_MINUS_2CM,0.27667275071144104,-0.02332724928855895
3797,37.97,BELOW_TARGET_MINUS_2CM,0.2766169607639313,-0.023383039236068714
3798,37.980000000000004,BELOW_TARGET_MINUS_2CM,0.27656126022338867,-0.023438739776611317
3799,37.99,BELOW_TARGET_MINUS_2CM,0.2765057384967804,-0.023494261503219593
3800,38.0,BELOW_TARGET_MINUS_2CM,0.27645042538642883,-0.023549574613571156
3801,38.01,BELOW_TARGET_MINUS_2CM,0.27639538049697876,-0.02360461950302123
3802,38.02,BELOW_TARGET_MINUS_2CM,0.2763407230377197,-0.023659276962280262
3803,38.03,BELOW_TARGET_MINUS_2CM,0.27628645300865173,-0.023713546991348255
3804,38.04,BELOW_TARGET_MINUS_2CM,0.27623265981674194,-0.023767340183258046
3805,38.050000000000004,BELOW_TARGET_MINUS_2CM,0.2761794328689575,-0.02382056713104247
3806,38.06,BELOW_TARGET_MINUS_2CM,0.27612683176994324,-0.02387316823005675
3807,38.07,BELOW_TARGET_MINUS_2CM,0.27607491612434387,-0.023925083875656117
3808,38.08,BELOW_TARGET_MINUS_2CM,0.2760237157344818,-0.023976284265518177
3809,38.09,BELOW_TARGET_MINUS_2CM,0.275973379611969,-0.024026620388030995
3810,38.1,BELOW_TARGET_MINUS_2CM,0.2759239077568054,-0.02407609224319457
3811,38.11,BELOW_TARGET_MINUS_2CM,0.27587538957595825,-0.024124610424041737
3812,38.12,BELOW_TARGET_MINUS_2CM,0.2758278548717499,-0.02417214512825011
3813,38.13,BELOW_TARGET_MINUS_2CM,0.27578142285346985,-0.02421857714653014
3814,38.14,BELOW_TARGET_MINUS_2CM,0.27573615312576294,-0.02426384687423705
3815,38.15,BELOW_TARGET_MINUS_2CM,0.27569207549095154,-0.02430792450904845
3816,38.160000000000004,BELOW_TARGET_MINUS_2CM,0.2756492495536804,-0.02435075044631957
3817,38.17,BELOW_TARGET_MINUS_2CM,0.27560773491859436,-0.02439226508140563
3818,38.18,BELOW_TARGET_MINUS_2CM,0.2755676209926605,-0.024432379007339466
3819,38.19,BELOW_TARGET_MINUS_2CM,0.2755289375782013,-0.024471062421798695
3820,38.2,BELOW_TARGET_MINUS_2CM,0.27549174427986145,-0.02450825572013854
3821,38.21,BELOW_TARGET_MINUS_2CM,0.2754560708999634,-0.02454392910003661
3822,38.22,BELOW_TARGET_MINUS_2CM,0.27542200684547424,-0.024577993154525746
3823,38.230000000000004,BELOW_TARGET_MINUS_2CM,0.27538958191871643,-0.024610418081283558
3824,38.24,BELOW_TARGET_MINUS_2CM,0.27535882592201233,-0.02464117407798766
3825,38.25,BELOW_TARGET_MINUS_2CM,0.2753297984600067,-0.024670201539993275
3826,38.26,BELOW_TARGET_MINUS_2CM,0.275302529335022,-0.024697470664978016
3827,38.27,BELOW_TARGET_MINUS_2CM,0.2752770781517029,-0.024722921848297108
3828,38.28,BELOW_TARGET_MINUS_2CM,0.27525344491004944,-0.02474655508995055
3829,38.29,BELOW_TARGET_MINUS_2CM,0.2752316892147064,-0.024768310785293568
3830,38.300000000000004,BELOW_TARGET_MINUS_2CM,0.2752118408679962,-0.024788159132003773
3831,38.31,BELOW_TARGET_MINUS_2CM,0.2751938998699188,-0.024806100130081166
3832,38.32,BELOW_TARGET_MINUS_2CM,0.275177925825119,-0.02482207417488097
3833,38.33,BELOW_TARGET_MINUS_2CM,0.2751639187335968,-0.024836081266403187
3834,38.34,BELOW_TARGET_MINUS_2CM,0.2751518785953522,-0.024848121404647816
3835,38.35,BELOW_TARGET_MINUS_2CM,0.2751418352127075,-0.02485816478729247
3836,38.36,BELOW_TARGET_MINUS_2CM,0.27513381838798523,-0.02486618161201476
3837,38.37,BELOW_TARGET_MINUS_2CM,0.2751277983188629,-0.024872201681137074
3838,38.38,BELOW_TARGET_MINUS_2CM,0.27512383460998535,-0.024876165390014637
3839,38.39,BELOW_TARGET_MINUS_2CM,0.27512186765670776,-0.024878132343292225
3840,38.4,BELOW_TARGET_MINUS_2CM,0.27512192726135254,-0.02487807273864745
3841,38.410000000000004,BELOW_TARGET_MINUS_2CM,0.2751239836215973,-0.0248760163784027
3842,38.42,BELOW_TARGET_MINUS_2CM,0.2751280665397644,-0.024871933460235585
3843,38.43,BELOW_TARGET_MINUS_2CM,0.2751341164112091,-0.024865883588790882
3844,38.44,BELOW_TARGET_MINUS_2CM,0.27514219284057617,-0.024857807159423817
3845,38.45,BELOW_TARGET_MINUS_2CM,0.27515217661857605,-0.02484782338142394
3846,38.46,BELOW_TARGET_MINUS_2CM,0.2751641571521759,-0.024835842847824086
3847,38.47,BELOW_TARGET_MINUS_2CM,0.2751780152320862,-0.024821984767913807
3848,38.480000000000004,BELOW_TARGET_MINUS_2CM,0.2751937806606293,-0.024806219339370716
3849,38.49,BELOW_TARGET_MINUS_2CM,0.2752113938331604,-0.02478860616683959
3850,38.5,BELOW_TARGET_MINUS_2CM,0.27523085474967957,-0.024769145250320423
3851,38.51,BELOW_TARGET_MINUS_2CM,0.275252103805542,-0.024747896194457997
3852,38.52,BELOW_TARGET_MINUS_2CM,0.2752750813961029,-0.024724918603897084
3853,38.53,BELOW_TARGET_MINUS_2CM,0.2752998173236847,-0.024700182676315297
3854,38.54,BELOW_TARGET_MINUS_2CM,0.2753261923789978,-0.024673807621002186
3855,38.550000000000004,BELOW_TARGET_MINUS_2CM,0.2753542363643646,-0.024645763635635365
3856,38.56,BELOW_TARGET_MINUS_2CM,0.2753838300704956,-0.024616169929504383
3857,38.57,BELOW_TARGET_MINUS_2CM,0.27541497349739075,-0.024585026502609242
3858,38.58,BELOW_TARGET_MINUS_2CM,0.2754476070404053,-0.024552392959594715
3859,38.59,BELOW_TARGET_MINUS_2CM,0.275481641292572,-0.024518358707427967
3860,38.6,BELOW_TARGET_MINUS_2CM,0.275517076253891,-0.024482923746108998
3861,38.61,BELOW_TARGET_MINUS_2CM,0.275553822517395,-0.02444617748260497
3862,38.62,BELOW_TARGET_MINUS_2CM,0.2755918502807617,-0.02440814971923827
3863,38.63,BELOW_TARGET_MINUS_2CM,0.27563104033470154,-0.02436895966529845
3864,38.64,BELOW_TARGET_MINUS_2CM,0.27567142248153687,-0.024328577518463124
3865,38.65,BELOW_TARGET_MINUS_2CM,0.27571287751197815,-0.02428712248802184
3866,38.660000000000004,BELOW_TARGET_MINUS_2CM,0.2757553458213806,-0.024244654178619374
3867,38.67,BELOW_TARGET_MINUS_2CM,0.2757987678050995,-0.0242012321949005
3868,38.68,BELOW_TARGET_MINUS_2CM,0.2758431136608124,-0.02415688633918761
3869,38.69,BELOW_TARGET_MINUS_2CM,0.27588826417922974,-0.024111735820770253
3870,38.7,BELOW_TARGET_MINUS_2CM,0.2759341895580292,-0.024065810441970814
3871,38.71,BELOW_TARGET_MINUS_2CM,0.2759808599948883,-0.024019140005111683
3872,38.72,BELOW_TARGET_MINUS_2CM,0.2760281264781952,-0.0239718735218048
3873,38.730000000000004,BELOW_TARGET_MINUS_2CM,0.2760760188102722,-0.023923981189727772
3874,38.74,BELOW_TARGET_MINUS_2CM,0.27612438797950745,-0.023875612020492543
3875,38.75,BELOW_TARGET_MINUS_2CM,0.2761732339859009,-0.02382676601409911
3876,38.76,BELOW_TARGET_MINUS_2CM,0.27622246742248535,-0.023777532577514637
3877,38.77,BELOW_TARGET_MINUS_2CM,0.2762720286846161,-0.0237279713153839
3878,38.78,BELOW_TARGET_MINUS_2CM,0.2763218581676483,-0.023678141832351673
3879,38.79,BELOW_TARGET_MINUS_2CM,0.27637189626693726,-0.023628103733062733
3880,38.800000000000004,BELOW_TARGET_MINUS_2CM,0.27642208337783813,-0.023577916622161854
3881,38.81,BELOW_TARGET_MINUS_2CM,0.2764723300933838,-0.0235276699066162
3882,38.82,BELOW_TARGET_MINUS_2CM,0.2765226364135742,-0.02347736358642577
3883,38.83,BELOW_TARGET_MINUS_2CM,0.27657291293144226,-0.023427087068557728
3884,38.84,BELOW_TARGET_MINUS_2CM,0.2766231298446655,-0.02337687015533446
3885,38.85,BELOW_TARGET_MINUS_2CM,0.27667316794395447,-0.02332683205604552
3886,38.86,BELOW_TARGET_MINUS_2CM,0.27672305703163147,-0.02327694296836852
3887,38.87,BELOW_TARGET_MINUS_2CM,0.27677270770072937,-0.02322729229927062
3888,38.88,BELOW_TARGET_MINUS_2CM,0.2768220603466034,-0.023177939653396595
3889,38.89,BELOW_TARGET_MINUS_2CM,0.27687105536460876,-0.023128944635391224
3890,38.9,BELOW_TARGET_MINUS_2CM,0.27691972255706787,-0.023080277442932118
3891,38.910000000000004,BELOW_TARGET_MINUS_2CM,0.27696794271469116,-0.023032057285308827
3892,38.92,BELOW_TARGET_MINUS_2CM,0.27701568603515625,-0.02298431396484374
3893,38.93,BELOW_TARGET_MINUS_2CM,0.27706292271614075,-0.022937077283859242
3894,38.94,BELOW_TARGET_MINUS_2CM,0.27710962295532227,-0.022890377044677723
3895,38.95,BELOW_TARGET_MINUS_2CM,0.2771557569503784,-0.02284424304962157
3896,38.96,BELOW_TARGET_MINUS_2CM,0.27720126509666443,-0.02279873490333556
3897,38.97,BELOW_TARGET_MINUS_2CM,0.2772461175918579,-0.02275388240814208
3898,38.980000000000004,BELOW_TARGET_MINUS_2CM,0.2772902846336365,-0.022709715366363514
3899,38.99,BELOW_TARGET_MINUS_2CM,0.27733373641967773,-0.022666263580322255
3900,39.0,BELOW_TARGET_MINUS_2CM,0.2773764729499817,-0.0226235270500183
3901,39.01,BELOW_TARGET_MINUS_2CM,0.27741843461990356,-0.022581565380096424
3902,39.02,BELOW_TARGET_MINUS_2CM,0.27745962142944336,-0.02254037857055663
3903,39.03,BELOW_TARGET_MINUS_2CM,0.2775000035762787,-0.022499996423721302
3904,39.04,BELOW_TARGET_MINUS_2CM,0.27753955125808716,-0.02246044874191283
3905,39.050000000000004,BELOW_TARGET_MINUS_2CM,0.2775782644748688,-0.022421735525131214
3906,39.06,BELOW_TARGET_MINUS_2CM,0.27761611342430115,-0.02238388657569884
3907,39.07,BELOW_TARGET_MINUS_2CM,0.2776530683040619,-0.0223469316959381
3908,39.08,BELOW_TARGET_MINUS_2CM,0.2776891589164734,-0.0223108410835266
3909,39.09,BELOW_TARGET_MINUS_2CM,0.27772432565689087,-0.02227567434310912
3910,39.1,BELOW_TARGET_MINUS_2CM,0.2777585983276367,-0.02224140167236327
3911,39.11,BELOW_TARGET_MINUS_2CM,0.27779194712638855,-0.02220805287361144
3912,39.12,BELOW_TARGET_MINUS_2CM,0.27782437205314636,-0.022175627946853627
3913,39.13,BELOW_TARGET_MINUS_2CM,0.27785584330558777,-0.02214415669441222
3914,39.14,BELOW_TARGET_MINUS_2CM,0.27788639068603516,-0.022113609313964833
3915,39.15,BELOW_TARGET_MINUS_2CM,0.2779160141944885,-0.022083985805511464
3916,39.160000000000004,BELOW_TARGET_MINUS_2CM,0.2779446840286255,-0.0220553159713745
3917,39.17,BELOW_TARGET_MINUS_2CM,0.27797240018844604,-0.022027599811553944
3918,39.18,BELOW_TARGET_MINUS_2CM,0.2779991924762726,-0.022000807523727406
3919,39.19,BELOW_TARGET_MINUS_2CM,0.2780250310897827,-0.021974968910217274
3920,39.2,BELOW_TARGET_MINUS_2CM,0.27804994583129883,-0.02195005416870116
3921,39.21,BELOW_TARGET_MINUS_2CM,0.27807387709617615,-0.02192612290382384
3922,39.22,BELOW_TARGET_MINUS_2CM,0.27809691429138184,-0.021903085708618153
3923,39.230000000000004,BELOW_TARGET_MINUS_2CM,0.2781189978122711,-0.02188100218772887
3924,39.24,BELOW_TARGET_MINUS_2CM,0.2781401574611664,-0.021859842538833607
3925,39.25,BELOW_TARGET_MINUS_2CM,0.2781603932380676,-0.021839606761932362
3926,39.26,BELOW_TARGET_MINUS_2CM,0.27817970514297485,-0.021820294857025135
3927,39.27,BELOW_TARGET_MINUS_2CM,0.27819809317588806,-0.021801906824111927
3928,39.28,BELOW_TARGET_MINUS_2CM,0.27821555733680725,-0.021784442663192738
3929,39.29,BELOW_TARGET_MINUS_2CM,0.27823224663734436,-0.02176775336265563
3930,39.300000000000004,BELOW_TARGET_MINUS_2CM,0.2782486379146576,-0.021751362085342396
3931,39.31,BELOW_TARGET_MINUS_2CM,0.27826499938964844,-0.02173500061035155
3932,39.32,BELOW_TARGET_MINUS_2CM,0.2782807946205139,-0.021719205379486073
3933,39.33,BELOW_TARGET_MINUS_2CM,0.27829569578170776,-0.021704304218292225
3934,39.34,BELOW_TARGET_MINUS_2CM,0.27830973267555237,-0.02169026732444762
3935,39.35,BELOW_TARGET_MINUS_2CM,0.2783227860927582,-0.02167721390724181
3936,39.36,BELOW_TARGET_MINUS_2CM,0.27833470702171326,-0.021665292978286732
3937,39.37,BELOW_TARGET_MINUS_2CM,0.2783454954624176,-0.021654504537582386
3938,39.38,BELOW_TARGET_MINUS_2CM,0.27835512161254883,-0.02164487838745116
3939,39.39,BELOW_TARGET_MINUS_2CM,0.27836352586746216,-0.02163647413253783
3940,39.4,BELOW_TARGET_MINUS_2CM,0.27837076783180237,-0.02162923216819762
3941,39.410000000000004,BELOW_TARGET_MINUS_2CM,0.2783767879009247,-0.021623212099075306
3942,39.42,BELOW_TARGET_MINUS_2CM,0.2783816456794739,-0.021618354320526112
3943,39.43,BELOW_TARGET_MINUS_2CM,0.27838534116744995,-0.021614658832550038
3944,39.44,BELOW_TARGET_MINUS_2CM,0.2783878445625305,-0.02161215543746947
3945,39.45,BELOW_TARGET_MINUS_2CM,0.27838921546936035,-0.021610784530639637
3946,39.46,BELOW_TARGET_MINUS_2CM,0.27838948369026184,-0.021610516309738148
3947,39.47,BELOW_TARGET_MINUS_2CM,0.2783886194229126,-0.02161138057708739
3948,39.480000000000004,BELOW_TARGET_MINUS_2CM,0.2783866822719574,-0.02161331772804259
3949,39.49,BELOW_TARGET_MINUS_2CM,0.27838370203971863,-0.02161629796028136
3950,39.5,BELOW_TARGET_MINUS_2CM,0.2783796191215515,-0.021620380878448475
3951,39.51,BELOW_TARGET_MINUS_2CM,0.2783745229244232,-0.02162547707557677
3952,39.52,BELOW_TARGET_MINUS_2CM,0.27836841344833374,-0.02163158655166625
3953,39.53,BELOW_TARGET_MINUS_2CM,0.2783612906932831,-0.021638709306716908
3954,39.54,BELOW_TARGET_MINUS_2CM,0.27835318446159363,-0.02164681553840636
3955,39.550000000000004,BELOW_TARGET_MINUS_2CM,0.2783440947532654,-0.021655905246734608
3956,39.56,BELOW_TARGET_MINUS_2CM,0.2783340513706207,-0.02166594862937926
3957,39.57,BELOW_TARGET_MINUS_2CM,0.278323233127594,-0.021676766872405995
3958,39.58,BELOW_TARGET_MINUS_2CM,0.27831220626831055,-0.021687793731689442
3959,39.59,BELOW_TARGET_MINUS_2CM,0.27830109000205994,-0.021698909997940052
3960,39.6,BELOW_TARGET_MINUS_2CM,0.2782894968986511,-0.021710503101348866
3961,39.61,BELOW_TARGET_MINUS_2CM,0.2782772481441498,-0.02172275185585021
3962,39.62,BELOW_TARGET_MINUS_2CM,0.2782644033432007,-0.021735596656799305
3963,39.63,BELOW_TARGET_MINUS_2CM,0.2782507836818695,-0.021749216318130482
3964,39.64,BELOW_TARGET_MINUS_2CM,0.2782363295555115,-0.021763670444488514
3965,39.65,BELOW_TARGET_MINUS_2CM,0.2782209813594818,-0.021779018640518177
3966,39.660000000000004,BELOW_TARGET_MINUS_2CM,0.27820470929145813,-0.02179529070854186
3967,39.67,BELOW_TARGET_MINUS_2CM,0.27818745374679565,-0.021812546253204335
3968,39.68,BELOW_TARGET_MINUS_2CM,0.278169184923172,-0.021830815076827992
3969,39.69,BELOW_TARGET_MINUS_2CM,0.27814990282058716,-0.02185009717941283
3970,39.7,BELOW_TARGET_MINUS_2CM,0.278129518032074,-0.021870481967926014
3971,39.71,BELOW_TARGET_MINUS_2CM,0.27810806035995483,-0.021891939640045155
3972,39.72,BELOW_TARGET_MINUS_2CM,0.27808552980422974,-0.021914470195770253
3973,39.730000000000004,BELOW_TARGET_MINUS_2CM,0.2780618667602539,-0.021938133239746083
3974,39.74,BELOW_TARGET_MINUS_2CM,0.27803710103034973,-0.021962898969650257
3975,39.75,BELOW_TARGET_MINUS_2CM,0.2780112028121948,-0.021988797187805165
3976,39.76,BELOW_TARGET_MINUS_2CM,0.2779841721057892,-0.022015827894210804
3977,39.77,BELOW_TARGET_MINUS_2CM,0.2779559791088104,-0.022044020891189564
3978,39.78,BELOW_TARGET_MINUS_2CM,0.27792665362358093,-0.022073346376419056
3979,39.79,BELOW_TARGET_MINUS_2CM,0.2778961956501007,-0.02210380434989928
3980,39.800000000000004,BELOW_TARGET_MINUS_2CM,0.27786460518836975,-0.022135394811630238
3981,39.81,BELOW_TARGET_MINUS_2CM,0.2778318524360657,-0.022168147563934315
3982,39.82,BELOW_TARGET_MINUS_2CM,0.27779796719551086,-0.022202032804489125
3983,39.83,BELOW_TARGET_MINUS_2CM,0.27776291966438293,-0.022237080335617054
3984,39.84,BELOW_TARGET_MINUS_2CM,0.27772679924964905,-0.02227320075035094
3985,39.85,BELOW_TARGET_MINUS_2CM,0.27768951654434204,-0.022310483455657948
3986,39.86,BELOW_TARGET_MINUS_2CM,0.2776511311531067,-0.0223488688468933
3987,39.87,BELOW_TARGET_MINUS_2CM,0.2776116728782654,-0.022388327121734608
3988,39.88,BELOW_TARGET_MINUS_2CM,0.27757108211517334,-0.02242891788482665
3989,39.89,BELOW_TARGET_MINUS_2CM,0.2775294780731201,-0.02247052192687987
3990,39.9,BELOW_TARGET_MINUS_2CM,0.27748677134513855,-0.02251322865486144
3991,39.910000000000004,BELOW_TARGET_MINUS_2CM,0.2774430513381958,-0.022556948661804188
3992,39.92,BELOW_TARGET_MINUS_2CM,0.27739831805229187,-0.02260168194770812
3993,39.93,BELOW_TARGET_MINUS_2CM,0.27735260128974915,-0.022647398710250843
3994,39.94,BELOW_TARGET_MINUS_2CM,0.2773059010505676,-0.022694098949432362
3995,39.95,BELOW_TARGET_MINUS_2CM,0.2772582769393921,-0.0227417230606079
3996,39.96,BELOW_TARGET_MINUS_2CM,0.2772097587585449,-0.022790241241455067
3997,39.97,BELOW_TARGET_MINUS_2CM,0.27716031670570374,-0.022839683294296254
3998,39.980000000000004,BELOW_TARGET_MINUS_2CM,0.2771100699901581,-0.022889930009841908
3999,39.99,BELOW_TARGET_MINUS_2CM,0.27705898880958557,-0.022941011190414418
4000,40.0,BELOW_TARGET_MINUS_2CM,0.27700716257095337,-0.02299283742904662
4001,40.01,BELOW_TARGET_MINUS_2CM,0.2769545614719391,-0.023045438528060902
4002,40.02,BELOW_TARGET_MINUS_2CM,0.2769013047218323,-0.023098695278167714
4003,40.03,BELOW_TARGET_MINUS_2CM,0.27684739232063293,-0.023152607679367054
4004,40.04,BELOW_TARGET_MINUS_2CM,0.27679285407066345,-0.023207145929336537
4005,40.050000000000004,BELOW_TARGET_MINUS_2CM,0.276737779378891,-0.023262220621108998
4006,40.06,BELOW_TARGET_MINUS_2CM,0.27668219804763794,-0.02331780195236205
4007,40.07,BELOW_TARGET_MINUS_2CM,0.2766261696815491,-0.023373830318450917
4008,40.08,BELOW_TARGET_MINUS_2CM,0.2765697240829468,-0.02343027591705321
4009,40.09,BELOW_TARGET_MINUS_2CM,0.2765129506587982,-0.02348704934120177
4010,40.1,BELOW_TARGET_MINUS_2CM,0.2764558792114258,-0.023544120788574208
4011,40.11,BELOW_TARGET_MINUS_2CM,0.27639856934547424,-0.023601430654525746
4012,40.12,BELOW_TARGET_MINUS_2CM,0.27634111046791077,-0.023658889532089222
4013,40.13,BELOW_TARGET_MINUS_2CM,0.27628353238105774,-0.02371646761894225
4014,40.14,BELOW_TARGET_MINUS_2CM,0.27622589468955994,-0.023774105310440052
4015,40.15,BELOW_TARGET_MINUS_2CM,0.2761682868003845,-0.023831713199615467
4016,40.160000000000004,BELOW_TARGET_MINUS_2CM,0.2761107385158539,-0.023889261484146107
4017,40.17,BELOW_TARGET_MINUS_2CM,0.27605336904525757,-0.02394663095474242
4018,40.18,BELOW_TARGET_MINUS_2CM,0.27599620819091797,-0.02400379180908202
4019,40.19,BELOW_TARGET_MINUS_2CM,0.27593934535980225,-0.024060654640197743
4020,40.2,BELOW_TARGET_MINUS_2CM,0.2758828103542328,-0.0241171896457672
4021,40.21,BELOW_TARGET_MINUS_2CM,0.27582669258117676,-0.02417330741882323
4022,40.22,BELOW_TARGET_MINUS_2CM,0.2757710814476013,-0.02422891855239867
4023,40.230000000000004,BELOW_TARGET_MINUS_2CM,0.27571603655815125,-0.024283963441848744
4024,40.24,BELOW_TARGET_MINUS_2CM,0.2756616175174713,-0.024338382482528675
4025,40.25,BELOW_TARGET_MINUS_2CM,0.2756078839302063,-0.02439211606979369
4026,40.26,BELOW_TARGET_MINUS_2CM,0.27555495500564575,-0.024445044994354237
4027,40.27,BELOW_TARGET_MINUS_2CM,0.2755028307437897,-0.024497169256210316
4028,40.28,BELOW_TARGET_MINUS_2CM,0.2754516303539276,-0.024548369646072377
4029,40.29,BELOW_TARGET_MINUS_2CM,0.27540138363838196,-0.02459861636161803
4030,40.300000000000004,BELOW_TARGET_MINUS_2CM,0.27535220980644226,-0.024647790193557728
4031,40.31,BELOW_TARGET_MINUS_2CM,0.2753041386604309,-0.02469586133956908
4032,40.32,BELOW_TARGET_MINUS_2CM,0.2752572298049927,-0.024742770195007313
4033,40.33,BELOW_TARGET_MINUS_2CM,0.2752116024494171,-0.024788397550582875
4034,40.34,BELOW_TARGET_MINUS_2CM,0.27516722679138184,-0.024832773208618153
4035,40.35,BELOW_TARGET_MINUS_2CM,0.2751242518424988,-0.02487574815750121
4036,40.36,BELOW_TARGET_MINUS_2CM,0.27508267760276794,-0.024917322397232045
4037,40.37,BELOW_TARGET_MINUS_2CM,0.2750425934791565,-0.024957406520843495
4038,40.38,BELOW_TARGET_MINUS_2CM,0.2750040590763092,-0.024995940923690785
4039,40.39,BELOW_TARGET_MINUS_2CM,0.27496710419654846,-0.025032895803451527
4040,40.4,BELOW_TARGET_MINUS_2CM,0.27493181824684143,-0.025068181753158558
4041,40.410000000000004,BELOW_TARGET_MINUS_2CM,0.2748982012271881,-0.02510179877281188
4042,40.42,BELOW_TARGET_MINUS_2CM,0.27486634254455566,-0.025133657455444325
4043,40.43,BELOW_TARGET_MINUS_2CM,0.2748362421989441,-0.025163757801055897
4044,40.44,BELOW_TARGET_MINUS_2CM,0.27480798959732056,-0.025192010402679432
4045,40.45,BELOW_TARGET_MINUS_2CM,0.27478161454200745,-0.025218385457992543
4046,40.46,BELOW_TARGET_MINUS_2CM,0.27475714683532715,-0.02524285316467284
4047,40.47,BELOW_TARGET_MINUS_2CM,0.27473458647727966,-0.025265413522720326
4048,40.480000000000004,BELOW_TARGET_MINUS_2CM,0.27471402287483215,-0.025285977125167836
4049,40.49,BELOW_TARGET_MINUS_2CM,0.2746954560279846,-0.02530454397201537
4050,40.5,BELOW_TARGET_MINUS_2CM,0.27467888593673706,-0.02532111406326293
4051,40.51,BELOW_TARGET_MINUS_2CM,0.27466437220573425,-0.025335627794265736
4052,40.52,BELOW_TARGET_MINUS_2CM,0.2746519446372986,-0.025348055362701405
4053,40.53,BELOW_TARGET_MINUS_2CM,0.27464157342910767,-0.025358426570892323
4054,40.54,BELOW_TARGET_MINUS_2CM,0.2746332585811615,-0.02536674141883849
4055,40.550000000000004,BELOW_TARGET_MINUS_2CM,0.27462708950042725,-0.025372910499572743
4056,40.56,BELOW_TARGET_MINUS_2CM,0.27462297677993774,-0.025377023220062245
4057,40.57,BELOW_TARGET_MINUS_2CM,0.27462098002433777,-0.02537901997566222
4058,40.58,BELOW_TARGET_MINUS_2CM,0.2746210992336273,-0.02537890076637267
4059,40.59,BELOW_TARGET_MINUS_2CM,0.274623304605484,-0.02537669539451598
4060,40.6,BELOW_TARGET_MINUS_2CM,0.27462759613990784,-0.025372403860092152
4061,40.61,BELOW_TARGET_MINUS_2CM,0.2746339440345764,-0.025366055965423573
4062,40.62,BELOW_TARGET_MINUS_2CM,0.27464234828948975,-0.025357651710510243
4063,40.63,BELOW_TARGET_MINUS_2CM,0.2746528089046478,-0.025347191095352162
4064,40.64,BELOW_TARGET_MINUS_2CM,0.27466529607772827,-0.025334703922271717
4065,40.65,BELOW_TARGET_MINUS_2CM,0.2746797800064087,-0.025320219993591297
4066,40.660000000000004,BELOW_TARGET_MINUS_2CM,0.2746962010860443,-0.025303798913955677
4067,40.67,BELOW_TARGET_MINUS_2CM,0.2747145891189575,-0.02528541088104247
4068,40.68,BELOW_TARGET_MINUS_2CM,0.27473485469818115,-0.025265145301818837
4069,40.69,BELOW_TARGET_MINUS_2CM,0.2747569978237152,-0.02524300217628478
4070,40.7,BELOW_TARGET_MINUS_2CM,0.2747809886932373,-0.025219011306762684
4071,40.71,BELOW_TARGET_MINUS_2CM,0.2748067378997803,-0.025193262100219715
4072,40.72,BELOW_TARGET_MINUS_2CM,0.2748342454433441,-0.025165754556655873
4073,40.730000000000004,BELOW_TARGET_MINUS_2CM,0.27486345171928406,-0.02513654828071593
4074,40.74,BELOW_TARGET_MINUS_2CM,0.2748942971229553,-0.025105702877044667
4075,40.75,BELOW_TARGET_MINUS_2CM,0.27492672204971313,-0.025073277950286854
4076,40.76,BELOW_TARGET_MINUS_2CM,0.2749606966972351,-0.02503930330276488
4077,40.77,BELOW_TARGET_MINUS_2CM,0.27499619126319885,-0.025003808736801136
4078,40.78,BELOW_TARGET_MINUS_2CM,0.2750330865383148,-0.02496691346168517
4079,40.79,BELOW_TARGET_MINUS_2CM,0.275071382522583,-0.02492861747741698
4080,40.800000000000004,BELOW_TARGET_MINUS_2CM,0.27511096000671387,-0.02488903999328612
4081,40.81,BELOW_TARGET_MINUS_2CM,0.2751518189907074,-0.02484818100929259
4082,40.82,BELOW_TARGET_MINUS_2CM,0.27519387006759644,-0.024806129932403553
4083,40.83,BELOW_TARGET_MINUS_2CM,0.2752370238304138,-0.02476297616958617
4084,40.84,BELOW_TARGET_MINUS_2CM,0.27528128027915955,-0.024718719720840443
4085,40.85,BELOW_TARGET_MINUS_2CM,0.2753264904022217,-0.02467350959777831
4086,40.86,BELOW_TARGET_MINUS_2CM,0.2753726840019226,-0.02462731599807738
4087,40.87,BELOW_TARGET_MINUS_2CM,0.2754197120666504,-0.0245802879333496
4088,40.88,BELOW_TARGET_MINUS_2CM,0.27546757459640503,-0.02453242540359496
4089,40.89,BELOW_TARGET_MINUS_2CM,0.275516152381897,-0.024483847618103016
4090,40.9,BELOW_TARGET_MINUS_2CM,0.27556538581848145,-0.024434614181518544
4091,40.910000000000004,BELOW_TARGET_MINUS_2CM,0.27561524510383606,-0.02438475489616393
4092,40.92,BELOW_TARGET_MINUS_2CM,0.27566564083099365,-0.024334359169006337
4093,40.93,BELOW_TARGET_MINUS_2CM,0.27571651339530945,-0.02428348660469054
4094,40.94,BELOW_TARGET_MINUS_2CM,0.2757677733898163,-0.024232226610183705
4095,40.95,BELOW_TARGET_MINUS_2CM,0.2758193910121918,-0.024180608987808216
4096,40.96,BELOW_TARGET_MINUS_2CM,0.27587127685546875,-0.02412872314453124
4097,40.97,BELOW_TARGET_MINUS_2CM,0.27592337131500244,-0.024076628684997547
4098,40.980000000000004,BELOW_TARGET_MINUS_2CM,0.27597564458847046,-0.02402435541152953
4099,40.99,BELOW_TARGET_MINUS_2CM,0.27602797746658325,-0.023972022533416737
4100,41.0,BELOW_TARGET_MINUS_2CM,0.2760803699493408,-0.02391963005065917
4101,41.01,BELOW_TARGET_MINUS_2CM,0.2761327028274536,-0.023867297172546376
4102,41.02,BELOW_TARGET_MINUS_2CM,0.27618497610092163,-0.023815023899078358
4103,41.03,BELOW_TARGET_MINUS_2CM,0.2762371003627777,-0.02376289963722228
4104,41.04,BELOW_TARGET_MINUS_2CM,0.27628904581069946,-0.023710954189300526
4105,41.050000000000004,BELOW_TARGET_MINUS_2CM,0.2763407230377197,-0.023659276962280262
4106,41.06,BELOW_TARGET_MINUS_2CM,0.2763921022415161,-0.023607897758483876
4107,41.07,BELOW_TARGET_MINUS_2CM,0.27644315361976624,-0.023556846380233754
4108,41.08,BELOW_TARGET_MINUS_2CM,0.27649378776550293,-0.02350621223449706
4109,41.09,BELOW_TARGET_MINUS_2CM,0.2765440046787262,-0.023455995321273793
4110,41.1,BELOW_TARGET_MINUS_2CM,0.27659371495246887,-0.023406285047531117
4111,41.11,BELOW_TARGET_MINUS_2CM,0.27664288878440857,-0.02335711121559142
4112,41.12,BELOW_TARGET_MINUS_2CM,0.2766915261745453,-0.0233084738254547
4113,41.13,BELOW_TARGET_MINUS_2CM,0.27673953771591187,-0.023260462284088124
4114,41.14,BELOW_TARGET_MINUS_2CM,0.2767869234085083,-0.023213076591491688
4115,41.15,BELOW_TARGET_MINUS_2CM,0.2768336236476898,-0.02316637635231017
4116,41.160000000000004,BELOW_TARGET_MINUS_2CM,0.27687960863113403,-0.023120391368865956
4117,41.17,BELOW_TARGET_MINUS_2CM,0.27692484855651855,-0.023075151443481434
4118,41.18,BELOW_TARGET_MINUS_2CM,0.2769693434238434,-0.023030656576156605
4119,41.19,BELOW_TARGET_MINUS_2CM,0.27701303362846375,-0.022986966371536244
4120,41.2,BELOW_TARGET_MINUS_2CM,0.27705591917037964,-0.02294408082962035
4121,41.21,BELOW_TARGET_MINUS_2CM,0.2770979404449463,-0.0229020595550537
4122,41.22,BELOW_TARGET_MINUS_2CM,0.2771391272544861,-0.022860872745513905
4123,41.230000000000004,BELOW_TARGET_MINUS_2CM,0.27717941999435425,-0.02282058000564574
4124,41.24,BELOW_TARGET_MINUS_2CM,0.2772188186645508,-0.022781181335449208
4125,41.25,BELOW_TARGET_MINUS_2CM,0.2772573232650757,-0.022742676734924305
4126,41.26,BELOW_TARGET_MINUS_2CM,0.27729490399360657,-0.02270509600639342
4127,41.27,BELOW_TARGET_MINUS_2CM,0.27733153104782104,-0.022668468952178944
4128,41.28,BELOW_TARGET_MINUS_2CM,0.2773672342300415,-0.022632765769958485
4129,41.29,BELOW_TARGET_MINUS_2CM,0.27740195393562317,-0.02259804606437682
4130,41.300000000000004,BELOW_TARGET_MINUS_2CM,0.2774357199668884,-0.02256428003311156
4131,41.31,BELOW_TARGET_MINUS_2CM,0.2774685323238373,-0.02253146767616271
4132,41.32,BELOW_TARGET_MINUS_2CM,0.27750036120414734,-0.02249963879585265
4133,41.33,BELOW_TARGET_MINUS_2CM,0.277531236410141,-0.022468763589858998
4134,41.34,BELOW_TARGET_MINUS_2CM,0.27756112813949585,-0.02243887186050414
4135,41.35,BELOW_TARGET_MINUS_2CM,0.2775900363922119,-0.022409963607788075
4136,41.36,BELOW_TARGET_MINUS_2CM,0.2776179611682892,-0.022382038831710804
4137,41.37,BELOW_TARGET_MINUS_2CM,0.27764490246772766,-0.022355097532272328
4138,41.38,BELOW_TARGET_MINUS_2CM,0.27767089009284973,-0.022329109907150257
4139,41.39,BELOW_TARGET_MINUS_2CM,0.277695894241333,-0.02230410575866698
4140,41.4,BELOW_TARGET_MINUS_2CM,0.2777199149131775,-0.0222800850868225
4141,41.410000000000004,BELOW_TARGET_MINUS_2CM,0.27774298191070557,-0.022257018089294422
4142,41.42,BELOW_TARGET_MINUS_2CM,0.27776509523391724,-0.022234904766082753
4143,41.43,BELOW_TARGET_MINUS_2CM,0.2777862548828125,-0.02221374511718749
4144,41.44,BELOW_TARGET_MINUS_2CM,0.27780646085739136,-0.02219353914260863
4145,41.45,BELOW_TARGET_MINUS_2CM,0.2778257131576538,-0.02217428684234618
4146,41.46,BELOW_TARGET_MINUS_2CM,0.27784401178359985,-0.022155988216400135
4147,41.47,BELOW_TARGET_MINUS_2CM,0.2778618335723877,-0.022138166427612294
4148,41.480000000000004,BELOW_TARGET_MINUS_2CM,0.27787983417510986,-0.022120165824890126
4149,41.49,BELOW_TARGET_MINUS_2CM,0.2778974175453186,-0.022102582454681385
4150,41.5,BELOW_TARGET_MINUS_2CM,0.2779140770435333,-0.022085922956466664
4151,41.51,BELOW_TARGET_MINUS_2CM,0.2779299020767212,-0.022070097923278797
4152,41.52,BELOW_TARGET_MINUS_2CM,0.27794474363327026,-0.022055256366729725
4153,41.53,BELOW_TARGET_MINUS_2CM,0.2779584527015686,-0.022041547298431385
4154,41.54,BELOW_TARGET_MINUS_2CM,0.27797096967697144,-0.022029030323028553
4155,41.550000000000004,BELOW_TARGET_MINUS_2CM,0.27798232436180115,-0.02201767563819884
4156,41.56,BELOW_TARGET_MINUS_2CM,0.2779924273490906,-0.022007572650909413
4157,41.57,BELOW_TARGET_MINUS_2CM,0.2780013084411621,-0.02199869155883788
4158,41.58,BELOW_TARGET_MINUS_2CM,0.27800893783569336,-0.02199106216430663
4159,41.59,BELOW_TARGET_MINUS_2CM,0.2780153453350067,-0.021984654664993275
4160,41.6,BELOW_TARGET_MINUS_2CM,0.27802056074142456,-0.02197943925857543
4161,41.61,BELOW_TARGET_MINUS_2CM,0.2780245244503021,-0.021975475549697865
4162,41.62,BELOW_TARGET_MINUS_2CM,0.27802735567092896,-0.021972644329071034
4163,41.63,BELOW_TARGET_MINUS_2CM,0.2780289947986603,-0.02197100520133971
4164,41.64,BELOW_TARGET_MINUS_2CM,0.2780294716358185,-0.021970528364181507
4165,41.65,BELOW_TARGET_MINUS_2CM,0.27802884578704834,-0.02197115421295165
4166,41.660000000000004,BELOW_TARGET_MINUS_2CM,0.27802711725234985,-0.021972882747650135
4167,41.67,BELOW_TARGET_MINUS_2CM,0.27802425622940063,-0.021975743770599354
4168,41.68,BELOW_TARGET_MINUS_2CM,0.27802035212516785,-0.021979647874832142
4169,41.69,BELOW_TARGET_MINUS_2CM,0.2780154049396515,-0.0219845950603485
4170,41.7,BELOW_TARGET_MINUS_2CM,0.2780093848705292,-0.021990615129470814
4171,41.71,BELOW_TARGET_MINUS_2CM,0.27800238132476807,-0.021997618675231922
4172,41.72,BELOW_TARGET_MINUS_2CM,0.2779943346977234,-0.0220056653022766
4173,41.730000000000004,BELOW_TARGET_MINUS_2CM,0.27798527479171753,-0.02201472520828246
4174,41.74,BELOW_TARGET_MINUS_2CM,0.27797526121139526,-0.022024738788604725
4175,41.75,BELOW_TARGET_MINUS_2CM,0.2779642641544342,-0.022035735845565785
4176,41.76,BELOW_TARGET_MINUS_2CM,0.27795255184173584,-0.02204744815826415
4177,41.77,BELOW_TARGET_MINUS_2CM,0.27794066071510315,-0.02205933928489684
4178,41.78,BELOW_TARGET_MINUS_2CM,0.2779287099838257,-0.022071290016174305
4179,41.79,BELOW_TARGET_MINUS_2CM,0.27791628241539,-0.022083717584609974
4180,41.800000000000004,BELOW_TARGET_MINUS_2CM,0.2779031991958618,-0.022096800804138172
4181,41.81,BELOW_TARGET_MINUS_2CM,0.2778894901275635,-0.022110509872436512
4182,41.82,BELOW_TARGET_MINUS_2CM,0.27787500619888306,-0.022124993801116932
4183,41.83,BELOW_TARGET_MINUS_2CM,0.277859628200531,-0.022140371799468983
4184,41.84,BELOW_TARGET_MINUS_2CM,0.27784332633018494,-0.022156673669815052
4185,41.85,BELOW_TARGET_MINUS_2CM,0.27782607078552246,-0.022173929214477528
4186,41.86,BELOW_TARGET_MINUS_2CM,0.2778077721595764,-0.022192227840423573
4187,41.87,BELOW_TARGET_MINUS_2CM,0.2777884602546692,-0.0222115397453308
4188,41.88,BELOW_TARGET_MINUS_2CM,0.2777680456638336,-0.02223195433616637
4189,41.89,BELOW_TARGET_MINUS_2CM,0.2777465283870697,-0.022253471612930287
4190,41.9,BELOW_TARGET_MINUS_2CM,0.27772387862205505,-0.022276121377944935
4191,41.910000000000004,BELOW_TARGET_MINUS_2CM,0.2777000963687897,-0.022299903631210316
4192,41.92,BELOW_TARGET_MINUS_2CM,0.27767515182495117,-0.022324848175048817
4193,41.93,BELOW_TARGET_MINUS_2CM,0.27764907479286194,-0.02235092520713805
4194,41.94,BELOW_TARGET_MINUS_2CM,0.2776218056678772,-0.02237819433212279
4195,41.95,BELOW_TARGET_MINUS_2CM,0.27759334444999695,-0.02240665555000304
4196,41.96,BELOW_TARGET_MINUS_2CM,0.2775637209415436,-0.02243627905845641
4197,41.97,BELOW_TARGET_MINUS_2CM,0.2775329053401947,-0.022467094659805287
4198,41.980000000000004,BELOW_TARGET_MINUS_2CM,0.2775008976459503,-0.02249910235404967
4199,41.99,BELOW_TARGET_MINUS_2CM,0.2774677276611328,-0.022532272338867176
4200,42.0,BELOW_TARGET_MINUS_2CM,0.2774333655834198,-0.02256663441658019
4201,42.01,BELOW_TARGET_MINUS_2CM,0.2773978114128113,-0.02260218858718871
4202,42.02,BELOW_TARGET_MINUS_2CM,0.27736109495162964,-0.02263890504837035
4203,42.03,BELOW_TARGET_MINUS_2CM,0.27732324600219727,-0.022676753997802723
4204,42.04,BELOW_TARGET_MINUS_2CM,0.2772842049598694,-0.022715795040130604
4205,42.050000000000004,BELOW_TARGET_MINUS_2CM,0.27724403142929077,-0.022755968570709217
4206,42.06,BELOW_TARGET_MINUS_2CM,0.2772027552127838,-0.022797244787216175
4207,42.07,BELOW_TARGET_MINUS_2CM,0.2771603465080261,-0.022839653491973866
4208,42.08,BELOW_TARGET_MINUS_2CM,0.2771168351173401,-0.0228831648826599
4209,42.09,BELOW_TARGET_MINUS_2CM,0.2770722508430481,-0.022927749156951893
4210,42.1,BELOW_TARGET_MINUS_2CM,0.27702662348747253,-0.022973376512527455
4211,42.11,BELOW_TARGET_MINUS_2CM,0.2769799530506134,-0.023020046949386586
4212,42.12,BELOW_TARGET_MINUS_2CM,0.2769322693347931,-0.023067730665206898
4213,42.13,BELOW_TARGET_MINUS_2CM,0.276883602142334,-0.023116397857666005
4214,42.14,BELOW_TARGET_MINUS_2CM,0.27683398127555847,-0.023166018724441517
4215,42.15,BELOW_TARGET_MINUS_2CM,0.27678346633911133,-0.02321653366088866
4216,42.160000000000004,BELOW_TARGET_MINUS_2CM,0.27673202753067017,-0.023267972469329823
4217,42.17,BELOW_TARGET_MINUS_2CM,0.27667978405952454,-0.023320215940475453
4218,42.18,BELOW_TARGET_MINUS_2CM,0.27662667632102966,-0.023373323678970326
4219,42.19,BELOW_TARGET_MINUS_2CM,0.2765728235244751,-0.02342717647552489
4220,42.2,BELOW_TARGET_MINUS_2CM,0.27651822566986084,-0.02348177433013915
4221,42.21,BELOW_TARGET_MINUS_2CM,0.27646297216415405,-0.023537027835845936
4222,42.22,BELOW_TARGET_MINUS_2CM,0.27640703320503235,-0.02359296679496764
4223,42.230000000000004,BELOW_TARGET_MINUS_2CM,0.2763505280017853,-0.02364947199821471
4224,42.24,BELOW_TARGET_MINUS_2CM,0.27629348635673523,-0.02370651364326476
4225,42.25,BELOW_TARGET_MINUS_2CM,0.2762359380722046,-0.0237640619277954
4226,42.26,BELOW_TARGET_MINUS_2CM,0.2761779725551605,-0.023822027444839466
4227,42.27,BELOW_TARGET_MINUS_2CM,0.2761196196079254,-0.023880380392074574
4228,42.28,BELOW_TARGET_MINUS_2CM,0.27606096863746643,-0.023939031362533558
4229,42.29,BELOW_TARGET_MINUS_2CM,0.27600201964378357,-0.02399798035621642
4230,42.300000000000004,BELOW_TARGET_MINUS_2CM,0.27594292163848877,-0.02405707836151122
4231,42.31,BELOW_TARGET_MINUS_2CM,0.27588364481925964,-0.024116355180740345
4232,42.32,BELOW_TARGET_MINUS_2CM,0.27582433819770813,-0.02417566180229186
4233,42.33,BELOW_TARGET_MINUS_2CM,0.27576500177383423,-0.02423499822616576
4234,42.34,BELOW_TARGET_MINUS_2CM,0.2757057249546051,-0.024294275045394886
4235,42.35,BELOW_TARGET_MINUS_2CM,0.2756465971469879,-0.024353402853012074
4236,42.36,BELOW_TARGET_MINUS_2CM,0.27558764815330505,-0.024412351846694935
4237,42.37,BELOW_TARGET_MINUS_2CM,0.27552899718284607,-0.02447100281715392
4238,42.38,BELOW_TARGET_MINUS_2CM,0.27547067403793335,-0.02452932596206664
4239,42.39,BELOW_TARGET_MINUS_2CM,0.27541276812553406,-0.02458723187446593
4240,42.4,BELOW_TARGET_MINUS_2CM,0.27535533905029297,-0.02464466094970702
4241,42.410000000000004,BELOW_TARGET_MINUS_2CM,0.27529844641685486,-0.02470155358314513
4242,42.42,BELOW_TARGET_MINUS_2CM,0.2752422094345093,-0.02475779056549071
4243,42.43,BELOW_TARGET_MINUS_2CM,0.275186687707901,-0.024813312292098988
4244,42.44,BELOW_TARGET_MINUS_2CM,0.2751319110393524,-0.024868088960647572
4245,42.45,BELOW_TARGET_MINUS_2CM,0.2750779986381531,-0.024922001361846913
4246,42.46,BELOW_TARGET_MINUS_2CM,0.27502501010894775,-0.024974989891052235
4247,42.47,BELOW_TARGET_MINUS_2CM,0.27497297525405884,-0.02502702474594115
4248,42.480000000000004,BELOW_TARGET_MINUS_2CM,0.27492204308509827,-0.025077956914901722
4249,42.49,BELOW_TARGET_MINUS_2CM,0.27487221360206604,-0.02512778639793395
4250,42.5,BELOW_TARGET_MINUS_2CM,0.2748235762119293,-0.025176423788070668
4251,42.51,BELOW_TARGET_MINUS_2CM,0.2747762203216553,-0.025223779678344715
4252,42.52,BELOW_TARGET_MINUS_2CM,0.2747301757335663,-0.025269824266433705
4253,42.53,BELOW_TARGET_MINUS_2CM,0.2746855616569519,-0.025314438343048085
4254,42.54,BELOW_TARGET_MINUS_2CM,0.27464237809181213,-0.025357621908187855
4255,42.550000000000004,BELOW_TARGET_MINUS_2CM,0.27460071444511414,-0.025399285554885853
4256,42.56,BELOW_TARGET_MINUS_2CM,0.2745606005191803,-0.02543939948081969
4257,42.57,BELOW_TARGET_MINUS_2CM,0.27452215552330017,-0.025477844476699818
4258,42.58,BELOW_TARGET_MINUS_2CM,0.27448537945747375,-0.025514620542526234
4259,42.59,BELOW_TARGET_MINUS_2CM,0.2744503617286682,-0.025549638271331776
4260,42.6,BELOW_TARGET_MINUS_2CM,0.27441710233688354,-0.025582897663116444
4261,42.61,BELOW_TARGET_MINUS_2CM,0.2743856906890869,-0.025614309310913075
4262,42.62,BELOW_TARGET_MINUS_2CM,0.2743561863899231,-0.025643813610076893
4263,42.63,BELOW_TARGET_MINUS_2CM,0.2743285894393921,-0.0256714105606079
4264,42.64,BELOW_TARGET_MINUS_2CM,0.2743029296398163,-0.025697070360183705
4265,42.65,BELOW_TARGET_MINUS_2CM,0.27427929639816284,-0.025720703601837147
4266,42.660000000000004,BELOW_TARGET_MINUS_2CM,0.27425768971443176,-0.025742310285568226
4267,42.67,BELOW_TARGET_MINUS_2CM,0.27423813939094543,-0.025761860609054554
4268,42.68,BELOW_TARGET_MINUS_2CM,0.27422067523002625,-0.025779324769973744
4269,42.69,BELOW_TARGET_MINUS_2CM,0.2742052972316742,-0.025794702768325795
4270,42.7,BELOW_TARGET_MINUS_2CM,0.27419206500053406,-0.02580793499946593
4271,42.71,BELOW_TARGET_MINUS_2CM,0.27418097853660583,-0.025819021463394154
4272,42.72,BELOW_TARGET_MINUS_2CM,0.2741720676422119,-0.025827932357788075
4273,42.730000000000004,BELOW_TARGET_MINUS_2CM,0.2741653025150299,-0.02583469748497008
4274,42.74,BELOW_TARGET_MINUS_2CM,0.2741607129573822,-0.025839287042617787
4275,42.75,BELOW_TARGET_MINUS_2CM,0.2741582989692688,-0.02584170103073119
4276,42.76,BELOW_TARGET_MINUS_2CM,0.2741580605506897,-0.02584193944931029
4277,42.77,BELOW_TARGET_MINUS_2CM,0.2741599977016449,-0.02584000229835509
4278,42.78,BELOW_TARGET_MINUS_2CM,0.274164080619812,-0.025835919380187977
4279,42.79,BELOW_TARGET_MINUS_2CM,0.2741703391075134,-0.02582966089248656
4280,42.800000000000004,BELOW_TARGET_MINUS_2CM,0.27417871356010437,-0.02582128643989562
4281,42.81,BELOW_TARGET_MINUS_2CM,0.27418920397758484,-0.02581079602241515
4282,42.82,BELOW_TARGET_MINUS_2CM,0.27420181035995483,-0.025798189640045155
4283,42.83,BELOW_TARGET_MINUS_2CM,0.2742164731025696,-0.02578352689743041
4284,42.84,BELOW_TARGET_MINUS_2CM,0.2742331624031067,-0.0257668375968933
4285,42.85,BELOW_TARGET_MINUS_2CM,0.27425190806388855,-0.02574809193611144
4286,42.86,BELOW_TARGET_MINUS_2CM,0.2742725908756256,-0.02572740912437438
4287,42.87,BELOW_TARGET_MINUS_2CM,0.27429524064064026,-0.02570475935935973
4288,42.88,BELOW_TARGET_MINUS_2CM,0.2743197977542877,-0.02568020224571227
4289,42.89,BELOW_TARGET_MINUS_2CM,0.2743462026119232,-0.02565379738807677
4290,42.9,BELOW_TARGET_MINUS_2CM,0.274374395608902,-0.02562560439109801
4291,42.910000000000004,BELOW_TARGET_MINUS_2CM,0.2744044065475464,-0.025595593452453602
4292,42.92,BELOW_TARGET_MINUS_2CM,0.2744360864162445,-0.025563913583755482
4293,42.93,BELOW_TARGET_MINUS_2CM,0.2744694650173187,-0.025530534982681263
4294,42.94,BELOW_TARGET_MINUS_2CM,0.2745044529438019,-0.02549554705619811
4295,42.95,BELOW_TARGET_MINUS_2CM,0.2745409905910492,-0.025459009408950795
4296,42.96,BELOW_TARGET_MINUS_2CM,0.2745790183544159,-0.025420981645584095
4297,42.97,BELOW_TARGET_MINUS_2CM,0.2746184766292572,-0.025381523370742787
4298,42.980000000000004,BELOW_TARGET_MINUS_2CM,0.27465930581092834,-0.025340694189071644
4299,42.99,BELOW_TARGET_MINUS_2CM,0.27470147609710693,-0.025298523902893055
4300,43.0,BELOW_TARGET_MINUS_2CM,0.2747448682785034,-0.02525513172149657
4301,43.01,BELOW_TARGET_MINUS_2CM,0.2747894525527954,-0.02521054744720458
4302,43.02,BELOW_TARGET_MINUS_2CM,0.27483513951301575,-0.025164860486984242
4303,43.03,BELOW_TARGET_MINUS_2CM,0.27488189935684204,-0.025118100643157948
4304,43.04,BELOW_TARGET_MINUS_2CM,0.27492961287498474,-0.025070387125015248
4305,43.050000000000004,BELOW_TARGET_MINUS_2CM,0.27497825026512146,-0.02502174973487853
4306,43.06,BELOW_TARGET_MINUS_2CM,0.2750277519226074,-0.024972248077392567
4307,43.07,BELOW_TARGET_MINUS_2CM,0.2750779986381531,-0.024922001361846913
4308,43.08,BELOW_TARGET_MINUS_2CM,0.27512896060943604,-0.024871039390563954
4309,43.09,BELOW_TARGET_MINUS_2CM,0.2751805782318115,-0.024819421768188465
4310,43.1,BELOW_TARGET_MINUS_2CM,0.27523273229599,-0.02476726770401
4311,43.11,BELOW_TARGET_MINUS_2CM,0.27528542280197144,-0.024714577198028553
4312,43.12,BELOW_TARGET_MINUS_2CM,0.2753385305404663,-0.02466146945953368
4313,43.13,BELOW_TARGET_MINUS_2CM,0.27539199590682983,-0.024608004093170155
4314,43.14,BELOW_TARGET_MINUS_2CM,0.27544575929641724,-0.024554240703582753
4315,43.15,BELOW_TARGET_MINUS_2CM,0.27549976110458374,-0.02450023889541625
4316,43.160000000000004,BELOW_TARGET_MINUS_2CM,0.27555394172668457,-0.02444605827331542
4317,43.17,BELOW_TARGET_MINUS_2CM,0.27560824155807495,-0.024391758441925038
4318,43.18,BELOW_TARGET_MINUS_2CM,0.27566254138946533,-0.024337458610534657
4319,43.19,BELOW_TARGET_MINUS_2CM,0.2757168412208557,-0.024283158779144276
4320,43.2,BELOW_TARGET_MINUS_2CM,0.2757710814476013,-0.02422891855239867
4321,43.21,BELOW_TARGET_MINUS_2CM,0.275825172662735,-0.024174827337265004
4322,43.22,BELOW_TARGET_MINUS_2CM,0.27587905526161194,-0.02412094473838805
4323,43.230000000000004,BELOW_TARGET_MINUS_2CM,0.2759327292442322,-0.02406727075576781
4324,43.24,BELOW_TARGET_MINUS_2CM,0.27598607540130615,-0.024013924598693837
4325,43.25,BELOW_TARGET_MINUS_2CM,0.2760390639305115,-0.023960936069488514
4326,43.26,BELOW_TARGET_MINUS_2CM,0.27609166502952576,-0.023908334970474232
4327,43.27,BELOW_TARGET_MINUS_2CM,0.27614378929138184,-0.023856210708618153
4328,43.28,BELOW_TARGET_MINUS_2CM,0.2761954367160797,-0.023804563283920277
4329,43.29,BELOW_TARGET_MINUS_2CM,0.2762465476989746,-0.02375345230102538
4330,43.300000000000004,BELOW_TARGET_MINUS_2CM,0.27629709243774414,-0.02370290756225585
4331,43.31,BELOW_TARGET_MINUS_2CM,0.27634698152542114,-0.023653018474578846
4332,43.32,BELOW_TARGET_MINUS_2CM,0.276396244764328,-0.023603755235671986
4333,43.33,BELOW_TARGET_MINUS_2CM,0.27644479274749756,-0.02355520725250243
4334,43.34,BELOW_TARGET_MINUS_2CM,0.2764925956726074,-0.023507404327392567
4335,43.35,BELOW_TARGET_MINUS_2CM,0.2765396535396576,-0.023460346460342396
4336,43.36,BELOW_TARGET_MINUS_2CM,0.2765859365463257,-0.023414063453674305
4337,43.37,BELOW_TARGET_MINUS_2CM,0.2766313850879669,-0.02336861491203307
4338,43.38,BELOW_TARGET_MINUS_2CM,0.2766759991645813,-0.02332400083541869
4339,43.39,BELOW_TARGET_MINUS_2CM,0.27671974897384644,-0.023280251026153553
4340,43.4,BELOW_TARGET_MINUS_2CM,0.27676263451576233,-0.02323736548423766
4341,43.410000000000004,BELOW_TARGET_MINUS_2CM,0.2768045663833618,-0.023195433616638172
4342,43.42,BELOW_TARGET_MINUS_2CM,0.2768456041812897,-0.023154395818710316
4343,43.43,BELOW_TARGET_MINUS_2CM,0.2768856883049011,-0.023114311695098866
4344,43.44,BELOW_TARGET_MINUS_2CM,0.27692484855651855,-0.023075151443481434
4345,43.45,BELOW_TARGET_MINUS_2CM,0.2769629955291748,-0.023037004470825184
4346,43.46,BELOW_TARGET_MINUS_2CM,0.27700018882751465,-0.02299981117248534
4347,43.47,BELOW_TARGET_MINUS_2CM,0.2770363986492157,-0.02296360135078429
4348,43.480000000000004,BELOW_TARGET_MINUS_2CM,0.27707162499427795,-0.022928375005722035
4349,43.49,BELOW_TARGET_MINUS_2CM,0.27710583806037903,-0.02289416193962096
4350,43.5,BELOW_TARGET_MINUS_2CM,0.2771390676498413,-0.02286093235015868
4351,43.51,BELOW_TARGET_MINUS_2CM,0.27717125415802,-0.02282874584197997
4352,43.52,BELOW_TARGET_MINUS_2CM,0.27720245718955994,-0.022797542810440052
4353,43.53,BELOW_TARGET_MINUS_2CM,0.27723264694213867,-0.022767353057861317
4354,43.54,BELOW_TARGET_MINUS_2CM,0.2772618234157562,-0.022738176584243763
4355,43.550000000000004,BELOW_TARGET_MINUS_2CM,0.2772899866104126,-0.02271001338958739
4356,43.56,BELOW_TARGET_MINUS_2CM,0.2773171663284302,-0.022682833671569813
4357,43.57,BELOW_TARGET_MINUS_2CM,0.2773433327674866,-0.022656667232513417
4358,43.58,BELOW_TARGET_MINUS_2CM,0.2773684859275818,-0.022631514072418202
4359,43.59,BELOW_TARGET_MINUS_2CM,0.2773926556110382,-0.02260734438896178
4360,43.6,BELOW_TARGET_MINUS_2CM,0.27741581201553345,-0.02258418798446654
4361,43.61,BELOW_TARGET_MINUS_2CM,0.2774380147457123,-0.02256198525428771
4362,43.62,BELOW_TARGET_MINUS_2CM,0.27745920419692993,-0.022540795803070057
4363,43.63,BELOW_TARGET_MINUS_2CM,0.2774794399738312,-0.022520560026168812
4364,43.64,BELOW_TARGET_MINUS_2CM,0.27749887108802795,-0.022501128911972035
4365,43.65,BELOW_TARGET_MINUS_2CM,0.2775181531906128,-0.022481846809387196
4366,43.660000000000004,BELOW_TARGET_MINUS_2CM,0.27753737568855286,-0.022462624311447132
4367,43.67,BELOW_TARGET_MINUS_2CM,0.2775559723377228,-0.02244402766227721
4368,43.68,BELOW_TARGET_MINUS_2CM,0.27757367491722107,-0.02242632508277892
4369,43.69,BELOW_TARGET_MINUS_2CM,0.27759042382240295,-0.022409576177597035
4370,43.7,BELOW_TARGET_MINUS_2CM,0.27760612964630127,-0.02239387035369872
4371,43.71,BELOW_TARGET_MINUS_2CM,0.2776206433773041,-0.022379356622695912
4372,43.72,BELOW_TARGET_MINUS_2CM,0.277633935213089,-0.022366064786911
4373,43.730000000000004,BELOW_TARGET_MINUS_2CM,0.277646005153656,-0.022353994846343983
4374,43.74,BELOW_TARGET_MINUS_2CM,0.27765679359436035,-0.022343206405639637
4375,43.75,BELOW_TARGET_MINUS_2CM,0.277666300535202,-0.022333699464797963
4376,43.76,BELOW_TARGET_MINUS_2CM,0.2776745557785034,-0.02232544422149657
4377,43.77,BELOW_TARGET_MINUS_2CM,0.27768152952194214,-0.02231847047805785
4378,43.78,BELOW_TARGET_MINUS_2CM,0.27768728137016296,-0.022312718629837025
4379,43.79,BELOW_TARGET_MINUS_2CM,0.2776917815208435,-0.022308218479156483
4380,43.800000000000004,BELOW_TARGET_MINUS_2CM,0.27769508957862854,-0.02230491042137145
4381,43.81,BELOW_TARGET_MINUS_2CM,0.2776971757411957,-0.02230282425880431
4382,43.82,BELOW_TARGET_MINUS_2CM,0.2776981294155121,-0.022301870584487904
4383,43.83,BELOW_TARGET_MINUS_2CM,0.27769792079925537,-0.022302079200744618
4384,43.84,BELOW_TARGET_MINUS_2CM,0.2776965796947479,-0.022303420305252064
4385,43.85,BELOW_TARGET_MINUS_2CM,0.27769410610198975,-0.022305893898010243
4386,43.86,BELOW_TARGET_MINUS_2CM,0.2776905596256256,-0.02230944037437438
4387,43.87,BELOW_TARGET_MINUS_2CM,0.27768591046333313,-0.02231408953666686
4388,43.88,BELOW_TARGET_MINUS_2CM,0.2776802182197571,-0.02231978178024291
4389,43.89,BELOW_TARGET_MINUS_2CM,0.27767348289489746,-0.022326517105102528
4390,43.9,BELOW_TARGET_MINUS_2CM,0.2776657044887543,-0.022334295511245716
4391,43.910000000000004,BELOW_TARGET_MINUS_2CM,0.2776568830013275,-0.022343116998672474
4392,43.92,BELOW_TARGET_MINUS_2CM,0.27764707803726196,-0.022352921962738026
4393,43.93,BELOW_TARGET_MINUS_2CM,0.27763625979423523,-0.02236374020576476
4394,43.94,BELOW_TARGET_MINUS_2CM,0.2776244878768921,-0.0223755121231079
4395,43.95,BELOW_TARGET_MINUS_2CM,0.27761197090148926,-0.02238802909851073
4396,43.96,BELOW_TARGET_MINUS_2CM,0.27759936451911926,-0.022400635480880726
4397,43.97,BELOW_TARGET_MINUS_2CM,0.2775866985321045,-0.022413301467895497
4398,43.980000000000004,BELOW_TARGET_MINUS_2CM,0.2775735557079315,-0.02242644429206847
4399,43.99,BELOW_TARGET_MINUS_2CM,0.27755972743034363,-0.02244027256965636
4400,44.0,BELOW_TARGET_MINUS_2CM,0.2775452733039856,-0.022454726696014393
4401,44.01,BELOW_TARGET_MINUS_2CM,0.2775300145149231,-0.022469985485076893
4402,44.02,BELOW_TARGET_MINUS_2CM,0.27751386165618896,-0.022486138343811024
4403,44.03,BELOW_TARGET_MINUS_2CM,0.27749672532081604,-0.02250327467918395
4404,44.04,BELOW_TARGET_MINUS_2CM,0.2774786353111267,-0.02252136468887328
4405,44.050000000000004,BELOW_TARGET_MINUS_2CM,0.2774594724178314,-0.022540527582168568
4406,44.06,BELOW_TARGET_MINUS_2CM,0.2774392068386078,-0.0225607931613922
4407,44.07,BELOW_TARGET_MINUS_2CM,0.2774178087711334,-0.022582191228866566
4408,44.08,BELOW_TARGET_MINUS_2CM,0.2773953080177307,-0.022604691982269276
4409,44.09,BELOW_TARGET_MINUS_2CM,0.2773716151714325,-0.022628384828567494
4410,44.1,BELOW_TARGET_MINUS_2CM,0.27734676003456116,-0.02265323996543883
4411,44.11,BELOW_TARGET_MINUS_2CM,0.2773206830024719,-0.022679316997528065
4412,44.12,BELOW_TARGET_MINUS_2CM,0.27729344367980957,-0.02270655632019042
4413,44.13,BELOW_TARGET_MINUS_2CM,0.27726495265960693,-0.022735047340393055
4414,44.14,BELOW_TARGET_MINUS_2CM,0.2772352695465088,-0.0227647304534912
4415,44.15,BELOW_TARGET_MINUS_2CM,0.27720436453819275,-0.02279563546180724
4416,44.160000000000004,BELOW_TARGET_MINUS_2CM,0.2771722078323364,-0.022827792167663563
4417,44.17,BELOW_TARGET_MINUS_2CM,0.2771388590335846,-0.022861140966415394
4418,44.18,BELOW_TARGET_MINUS_2CM,0.27710428833961487,-0.02289571166038512
4419,44.19,BELOW_TARGET_MINUS_2CM,0.27706849575042725,-0.022931504249572743
4420,44.2,BELOW_TARGET_MINUS_2CM,0.2770315110683441,-0.022968488931655873
4421,44.21,BELOW_TARGET_MINUS_2CM,0.2769933044910431,-0.023006695508956898
4422,44.22,BELOW_TARGET_MINUS_2CM,0.27695390582084656,-0.02304609417915343
4423,44.230000000000004,BELOW_TARGET_MINUS_2CM,0.2769133150577545,-0.023086684942245472
4424,44.24,BELOW_TARGET_MINUS_2CM,0.27687156200408936,-0.023128437995910633
4425,44.25,BELOW_TARGET_MINUS_2CM,0.2768286466598511,-0.023171353340148915
4426,44.26,BELOW_TARGET_MINUS_2CM,0.27678459882736206,-0.02321540117263793
4427,44.27,BELOW_TARGET_MINUS_2CM,0.2767394185066223,-0.023260581493377674
4428,44.28,BELOW_TARGET_MINUS_2CM,0.2766931653022766,-0.023306834697723378
4429,44.29,BELOW_TARGET_MINUS_2CM,0.27664580941200256,-0.023354190587997425
4430,44.300000000000004,BELOW_TARGET_MINUS_2CM,0.27659741044044495,-0.023402589559555043
4431,44.31,BELOW_TARGET_MINUS_2CM,0.27654796838760376,-0.02345203161239623
4432,44.32,BELOW_TARGET_MINUS_2CM,0.2764975428581238,-0.02350245714187621
4433,44.33,BELOW_TARGET_MINUS_2CM,0.2764461636543274,-0.023553836345672596
4434,44.34,BELOW_TARGET_MINUS_2CM,0.2763938307762146,-0.02360616922378539
4435,44.35,BELOW_TARGET_MINUS_2CM,0.2763406038284302,-0.023659396171569813
4436,44.36,BELOW_TARGET_MINUS_2CM,0.2762865126132965,-0.02371348738670348
4437,44.37,BELOW_TARGET_MINUS_2CM,0.2762316167354584,-0.023768383264541615
4438,44.38,BELOW_TARGET_MINUS_2CM,0.27617594599723816,-0.02382405400276183
4439,44.39,BELOW_TARGET_MINUS_2CM,0.27611956000328064,-0.02388043999671935
4440,44.4,BELOW_TARGET_MINUS_2CM,0.2760624587535858,-0.023937541246414173
4441,44.410000000000004,BELOW_TARGET_MINUS_2CM,0.27600473165512085,-0.02399526834487914
4442,44.42,BELOW_TARGET_MINUS_2CM,0.2759464383125305,-0.02405356168746947
4443,44.43,BELOW_TARGET_MINUS_2CM,0.2758875787258148,-0.02411242127418517
4444,44.44,BELOW_TARGET_MINUS_2CM,0.2758282721042633,-0.024171727895736683
4445,44.45,BELOW_TARGET_MINUS_2CM,0.27576854825019836,-0.024231451749801625
4446,44.46,BELOW_TARGET_MINUS_2CM,0.27570846676826477,-0.02429153323173522
4447,44.47,BELOW_TARGET_MINUS_2CM,0.2756480872631073,-0.02435191273689269
4448,44.480000000000004,BELOW_TARGET_MINUS_2CM,0.2755874693393707,-0.02441253066062926
4449,44.49,BELOW_TARGET_MINUS_2CM,0.27552667260169983,-0.02447332739830016
4450,44.5,BELOW_TARGET_MINUS_2CM,0.27546578645706177,-0.02453421354293822
4451,44.51,BELOW_TARGET_MINUS_2CM,0.27540484070777893,-0.024595159292221058
4452,44.52,BELOW_TARGET_MINUS_2CM,0.27534395456314087,-0.02465604543685912
4453,44.53,BELOW_TARGET_MINUS_2CM,0.27528315782546997,-0.024716842174530018
4454,44.54,BELOW_TARGET_MINUS_2CM,0.2752225399017334,-0.02477746009826659
4455,44.550000000000004,BELOW_TARGET_MINUS_2CM,0.2751621603965759,-0.02483783960342406
4456,44.56,BELOW_TARGET_MINUS_2CM,0.2751021087169647,-0.024897891283035267
4457,44.57,BELOW_TARGET_MINUS_2CM,0.27504241466522217,-0.02495758533477782
4458,44.58,BELOW_TARGET_MINUS_2CM,0.2749832272529602,-0.025016772747039784
4459,44.59,BELOW_TARGET_MINUS_2CM,0.27492454648017883,-0.025075453519821156
4460,44.6,BELOW_TARGET_MINUS_2CM,0.2748664915561676,-0.025133508443832386
4461,44.61,BELOW_TARGET_MINUS_2CM,0.2748091518878937,-0.025190848112106312
4462,44.62,BELOW_TARGET_MINUS_2CM,0.27475252747535706,-0.025247472524642933
4463,44.63,BELOW_TARGET_MINUS_2CM,0.2746967673301697,-0.02530323266983031
4464,44.64,BELOW_TARGET_MINUS_2CM,0.2746419310569763,-0.02535806894302367
4465,44.65,BELOW_TARGET_MINUS_2CM,0.27458807826042175,-0.025411921739578236
4466,44.660000000000004,BELOW_TARGET_MINUS_2CM,0.27453526854515076,-0.025464731454849232
4467,44.67,BELOW_TARGET_MINUS_2CM,0.2744835913181305,-0.025516408681869496
4468,44.68,BELOW_TARGET_MINUS_2CM,0.2744331359863281,-0.025566864013671864
4469,44.69,BELOW_TARGET_MINUS_2CM,0.27438393235206604,-0.02561606764793395
4470,44.7,BELOW_TARGET_MINUS_2CM,0.2743360698223114,-0.025663930177688588
4471,44.71,BELOW_TARGET_MINUS_2CM,0.27428963780403137,-0.025710362195968617
4472,44.72,BELOW_TARGET_MINUS_2CM,0.27424463629722595,-0.025755363702774037
4473,44.730000000000004,BELOW_TARGET_MINUS_2CM,0.2742012143135071,-0.02579878568649291
4474,44.74,BELOW_TARGET_MINUS_2CM,0.27415937185287476,-0.025840628147125233
4475,44.75,BELOW_TARGET_MINUS_2CM,0.27411919832229614,-0.025880801677703846
4476,44.76,BELOW_TARGET_MINUS_2CM,0.27408072352409363,-0.02591927647590636
4477,44.77,BELOW_TARGET_MINUS_2CM,0.2740440368652344,-0.025955963134765614
4478,44.78,BELOW_TARGET_MINUS_2CM,0.27400916814804077,-0.025990831851959217
4479,44.79,BELOW_TARGET_MINUS_2CM,0.2739761769771576,-0.026023823022842396
4480,44.800000000000004,BELOW_TARGET_MINUS_2CM,0.2739450931549072,-0.026054906845092762
4481,44.81,BELOW_TARGET_MINUS_2CM,0.27391597628593445,-0.02608402371406554
4482,44.82,BELOW_TARGET_MINUS_2CM,0.27388888597488403,-0.026111114025115956
4483,44.83,BELOW_TARGET_MINUS_2CM,0.273863822221756,-0.026136177778244007
4484,44.84,BELOW_TARGET_MINUS_2CM,0.27384084463119507,-0.02615915536880492
4485,44.85,BELOW_TARGET_MINUS_2CM,0.2738199830055237,-0.026180016994476307
4486,44.86,BELOW_TARGET_MINUS_2CM,0.2738012671470642,-0.02619873285293578
4487,44.87,BELOW_TARGET_MINUS_2CM,0.27378469705581665,-0.02621530294418334
4488,44.88,BELOW_TARGET_MINUS_2CM,0.2737703323364258,-0.026229667663574208
4489,44.89,BELOW_TARGET_MINUS_2CM,0.2737581729888916,-0.026241827011108387
4490,44.9,BELOW_TARGET_MINUS_2CM,0.2737482190132141,-0.026251780986785878
4491,44.910000000000004,BELOW_TARGET_MINUS_2CM,0.2737405002117157,-0.02625949978828429
4492,44.92,BELOW_TARGET_MINUS_2CM,0.27373504638671875,-0.02626495361328124
4493,44.93,BELOW_TARGET_MINUS_2CM,0.2737317979335785,-0.026268202066421498
4494,44.94,BELOW_TARGET_MINUS_2CM,0.2737308144569397,-0.02626918554306029
4495,44.95,BELOW_TARGET_MINUS_2CM,0.27373209595680237,-0.02626790404319762
4496,44.96,BELOW_TARGET_MINUS_2CM,0.27373558282852173,-0.02626441717147826
4497,44.97,BELOW_TARGET_MINUS_2CM,0.27374130487442017,-0.026258695125579823
4498,44.980000000000004,BELOW_TARGET_MINUS_2CM,0.2737492322921753,-0.026250767707824696
4499,44.99,BELOW_TARGET_MINUS_2CM,0.2737593352794647,-0.026240664720535267
4500,45.0,BELOW_TARGET_MINUS_2CM,0.27377164363861084,-0.02622835636138915
4501,45.01,BELOW_TARGET_MINUS_2CM,0.2737860679626465,-0.026213932037353505
4502,45.02,BELOW_TARGET_MINUS_2CM,0.27380263805389404,-0.026197361946105946
4503,45.03,BELOW_TARGET_MINUS_2CM,0.27382129430770874,-0.02617870569229125
4504,45.04,BELOW_TARGET_MINUS_2CM,0.2738420069217682,-0.0261579930782318
4505,45.050000000000004,BELOW_TARGET_MINUS_2CM,0.27386474609375,-0.02613525390624999
4506,45.06,BELOW_TARGET_MINUS_2CM,0.2738894522190094,-0.02611054778099059
4507,45.07,BELOW_TARGET_MINUS_2CM,0.273916095495224,-0.02608390450477599
4508,45.08,BELOW_TARGET_MINUS_2CM,0.273944616317749,-0.026055383682250965
4509,45.09,BELOW_TARGET_MINUS_2CM,0.2739750146865845,-0.026024985313415516
4510,45.1,BELOW_TARGET_MINUS_2CM,0.2740071713924408,-0.025992828607559193
4511,45.11,BELOW_TARGET_MINUS_2CM,0.274041086435318,-0.025958913564681996
4512,45.12,BELOW_TARGET_MINUS_2CM,0.2740766704082489,-0.025923329591751088
4513,45.13,BELOW_TARGET_MINUS_2CM,0.27411389350891113,-0.025886106491088856
4514,45.14,BELOW_TARGET_MINUS_2CM,0.2741526663303375,-0.025847333669662464
4515,45.15,BELOW_TARGET_MINUS_2CM,0.2741929590702057,-0.0258070409297943
4516,45.160000000000004,BELOW_TARGET_MINUS_2CM,0.27423468232154846,-0.025765317678451527
4517,45.17,BELOW_TARGET_MINUS_2CM,0.27427780628204346,-0.025722193717956532
4518,45.18,BELOW_TARGET_MINUS_2CM,0.2743222117424011,-0.025677788257598866
4519,45.19,BELOW_TARGET_MINUS_2CM,0.27436789870262146,-0.02563210129737853
4520,45.2,BELOW_TARGET_MINUS_2CM,0.27441471815109253,-0.02558528184890746
4521,45.21,BELOW_TARGET_MINUS_2CM,0.27446267008781433,-0.025537329912185658
4522,45.22,BELOW_TARGET_MINUS_2CM,0.2745116651058197,-0.025488334894180287
4523,45.230000000000004,BELOW_TARGET_MINUS_2CM,0.2745616137981415,-0.02543838620185851
4524,45.24,BELOW_TARGET_MINUS_2CM,0.2746124863624573,-0.025387513637542714
4525,45.25,BELOW_TARGET_MINUS_2CM,0.27466416358947754,-0.02533583641052245
4526,45.26,BELOW_TARGET_MINUS_2CM,0.2747165858745575,-0.025283414125442494
4527,45.27,BELOW_TARGET_MINUS_2CM,0.27476969361305237,-0.02523030638694762
4528,45.28,BELOW_TARGET_MINUS_2CM,0.2748234272003174,-0.025176572799682606
4529,45.29,BELOW_TARGET_MINUS_2CM,0.2748776972293854,-0.025122302770614613
4530,45.300000000000004,BELOW_TARGET_MINUS_2CM,0.2749324440956116,-0.025067555904388417
4531,45.31,BELOW_TARGET_MINUS_2CM,0.2749875783920288,-0.02501242160797118
4532,45.32,BELOW_TARGET_MINUS_2CM,0.2750430405139923,-0.02495695948600768
4533,45.33,BELOW_TARGET_MINUS_2CM,0.2750987708568573,-0.02490122914314269
4534,45.34,BELOW_TARGET_MINUS_2CM,0.275154709815979,-0.024845290184020985
4535,45.35,BELOW_TARGET_MINUS_2CM,0.27521076798439026,-0.02478923201560973
4536,45.36,BELOW_TARGET_MINUS_2CM,0.2752668857574463,-0.0247331142425537
4537,45.37,BELOW_TARGET_MINUS_2CM,0.2753230333328247,-0.024676966667175282
4538,45.38,BELOW_TARGET_MINUS_2CM,0.27537909150123596,-0.024620908498764027
4539,45.39,BELOW_TARGET_MINUS_2CM,0.27543503046035767,-0.024564969539642323
4540,45.4,BELOW_TARGET_MINUS_2CM,0.27549079060554504,-0.024509209394454945
4541,45.410000000000004,BELOW_TARGET_MINUS_2CM,0.2755463421344757,-0.02445365786552428
4542,45.42,BELOW_TARGET_MINUS_2CM,0.2756015658378601,-0.02439843416213988
4543,45.43,BELOW_TARGET_MINUS_2CM,0.27565646171569824,-0.024343538284301747
4544,45.44,BELOW_TARGET_MINUS_2CM,0.27571094036102295,-0.02428905963897704
4545,45.45,BELOW_TARGET_MINUS_2CM,0.27576497197151184,-0.024235028028488148
4546,45.46,BELOW_TARGET_MINUS_2CM,0.27581852674484253,-0.02418147325515746
4547,45.47,BELOW_TARGET_MINUS_2CM,0.27587151527404785,-0.024128484725952137
4548,45.480000000000004,BELOW_TARGET_MINUS_2CM,0.2759239375591278,-0.02407606244087218
4549,45.49,BELOW_TARGET_MINUS_2CM,0.2759757339954376,-0.024024266004562367
4550,45.5,BELOW_TARGET_MINUS_2CM,0.2760268449783325,-0.02397315502166747
4551,45.51,BELOW_TARGET_MINUS_2CM,0.2760772407054901,-0.023922759294509877
4552,45.52,BELOW_TARGET_MINUS_2CM,0.2761269211769104,-0.02387307882308959
4553,45.53,BELOW_TARGET_MINUS_2CM,0.2761758267879486,-0.02382417321205138
4554,45.54,BELOW_TARGET_MINUS_2CM,0.27622389793395996,-0.023776102066040028
4555,45.550000000000004,BELOW_TARGET_MINUS_2CM,0.27627116441726685,-0.023728835582733143
4556,45.56,BELOW_TARGET_MINUS_2CM,0.2763175368309021,-0.02368246316909789
4557,45.57,BELOW_TARGET_MINUS_2CM,0.2763630747795105,-0.02363692522048949
4558,45.58,BELOW_TARGET_MINUS_2CM,0.2764076590538025,-0.0235923409461975
4559,45.59,BELOW_TARGET_MINUS_2CM,0.27645131945610046,-0.023548680543899525
4560,45.6,BELOW_TARGET_MINUS_2CM,0.2764940559864044,-0.02350594401359557
4561,45.61,BELOW_TARGET_MINUS_2CM,0.2765358090400696,-0.02346419095993041
4562,45.62,BELOW_TARGET_MINUS_2CM,0.27657657861709595,-0.02342342138290404
4563,45.63,BELOW_TARGET_MINUS_2CM,0.2766163647174835,-0.02338363528251647
4564,45.64,BELOW_TARGET_MINUS_2CM,0.2766551673412323,-0.02334483265876769
4565,45.65,BELOW_TARGET_MINUS_2CM,0.2766929268836975,-0.02330707311630248
4566,45.660000000000004,BELOW_TARGET_MINUS_2CM,0.27672967314720154,-0.02327032685279845
4567,45.67,BELOW_TARGET_MINUS_2CM,0.2767654061317444,-0.023234593868255604
4568,45.68,BELOW_TARGET_MINUS_2CM,0.27680009603500366,-0.023199903964996327
4569,45.69,BELOW_TARGET_MINUS_2CM,0.27683374285697937,-0.02316625714302062
4570,45.7,BELOW_TARGET_MINUS_2CM,0.2768663465976715,-0.02313365340232848
4571,45.71,BELOW_TARGET_MINUS_2CM,0.27689793705940247,-0.023102062940597523
4572,45.72,BELOW_TARGET_MINUS_2CM,0.27692845463752747,-0.023071545362472523
4573,45.730000000000004,BELOW_TARGET_MINUS_2CM,0.2769579589366913,-0.023042041063308705
4574,45.74,BELOW_TARGET_MINUS_2CM,0.27698642015457153,-0.023013579845428456
4575,45.75,BELOW_TARGET_MINUS_2CM,0.2770138382911682,-0.022986161708831776
4576,45.76,BELOW_TARGET_MINUS_2CM,0.2770402431488037,-0.022959756851196278
4577,45.77,BELOW_TARGET_MINUS_2CM,0.27706560492515564,-0.02293439507484435
4578,45.78,BELOW_TARGET_MINUS_2CM,0.2770899534225464,-0.022910046577453602
4579,45.79,BELOW_TARGET_MINUS_2CM,0.27711328864097595,-0.022886711359024037
4580,45.800000000000004,BELOW_TARGET_MINUS_2CM,0.27713561058044434,-0.022864389419555653
4581,45.81,BELOW_TARGET_MINUS_2CM,0.2771569490432739,-0.022843050956726063
4582,45.82,BELOW_TARGET_MINUS_2CM,0.2771775424480438,-0.022822457551956166
4583,45.83,BELOW_TARGET_MINUS_2CM,0.27719810605049133,-0.022801893949508656
4584,45.84,BELOW_TARGET_MINUS_2CM,0.2772185206413269,-0.022781479358673085
4585,45.85,BELOW_TARGET_MINUS_2CM,0.27723824977874756,-0.02276175022125243
4586,45.86,BELOW_TARGET_MINUS_2CM,0.2772570252418518,-0.022742974758148182
4587,45.87,BELOW_TARGET_MINUS_2CM,0.27727484703063965,-0.02272515296936034
4588,45.88,BELOW_TARGET_MINUS_2CM,0.27729159593582153,-0.022708404064178456
4589,45.89,BELOW_TARGET_MINUS_2CM,0.27730706334114075,-0.022692936658859242
4590,45.9,BELOW_TARGET_MINUS_2CM,0.27732130885124207,-0.022678691148757923
4591,45.910000000000004,BELOW_TARGET_MINUS_2CM,0.2773343026638031,-0.02266569733619689
4592,45.92,BELOW_TARGET_MINUS_2CM,0.2773459553718567,-0.0226540446281433
4593,45.93,BELOW_TARGET_MINUS_2CM,0.2773562967777252,-0.02264370322227477
4594,45.94,BELOW_TARGET_MINUS_2CM,0.2773653566837311,-0.02263464331626891
4595,45.95,BELOW_TARGET_MINUS_2CM,0.27737313508987427,-0.02262686491012572
4596,45.96,BELOW_TARGET_MINUS_2CM,0.2773796021938324,-0.02262039780616759
4597,45.97,BELOW_TARGET_MINUS_2CM,0.27738484740257263,-0.022615152597427357
4598,45.980000000000004,BELOW_TARGET_MINUS_2CM,0.2773888409137726,-0.022611159086227406
4599,45.99,BELOW_TARGET_MINUS_2CM,0.27739161252975464,-0.02260838747024535
4600,46.0,BELOW_TARGET_MINUS_2CM,0.2773931622505188,-0.02260683774948119
4601,46.01,BELOW_TARGET_MINUS_2CM,0.2773935794830322,-0.022606420516967762
4602,46.02,BELOW_TARGET_MINUS_2CM,0.27739280462265015,-0.022607195377349842
4603,46.03,BELOW_TARGET_MINUS_2CM,0.27739089727401733,-0.022609102725982655
4604,46.04,BELOW_TARGET_MINUS_2CM,0.2773878872394562,-0.022612112760543812
4605,46.050000000000004,BELOW_TARGET_MINUS_2CM,0.2773837745189667,-0.022616225481033314
4606,46.06,BELOW_TARGET_MINUS_2CM,0.27737855911254883,-0.02262144088745116
4607,46.07,BELOW_TARGET_MINUS_2CM,0.277372270822525,-0.022627729177474964
4608,46.08,BELOW_TARGET_MINUS_2CM,0.27736493945121765,-0.022635060548782338
4609,46.09,BELOW_TARGET_MINUS_2CM,0.2773565351963043,-0.022643464803695668
4610,46.1,BELOW_TARGET_MINUS_2CM,0.2773471474647522,-0.02265285253524779
4611,46.11,BELOW_TARGET_MINUS_2CM,0.2773366868495941,-0.022663313150405873
4612,46.12,BELOW_TARGET_MINUS_2CM,0.27732524275779724,-0.022674757242202748
4613,46.13,BELOW_TARGET_MINUS_2CM,0.2773128151893616,-0.022687184810638417
4614,46.14,BELOW_TARGET_MINUS_2CM,0.2772996425628662,-0.022700357437133778
4615,46.15,BELOW_TARGET_MINUS_2CM,0.2772863805294037,-0.022713619470596302
4616,46.160000000000004,BELOW_TARGET_MINUS_2CM,0.2772730886936188,-0.022726911306381214
4617,46.17,BELOW_TARGET_MINUS_2CM,0.27725932002067566,-0.02274067997932433
4618,46.18,BELOW_TARGET_MINUS_2CM,0.27724489569664,-0.022755104303359974
4619,46.19,BELOW_TARGET_MINUS_2CM,0.27722978591918945,-0.022770214080810536
4620,46.2,BELOW_TARGET_MINUS_2CM,0.2772139012813568,-0.022786098718643177
4621,46.21,BELOW_TARGET_MINUS_2CM,0.27719706296920776,-0.022802937030792225
4622,46.22,BELOW_TARGET_MINUS_2CM,0.2771792411804199,-0.022820758819580067
4623,46.230000000000004,BELOW_TARGET_MINUS_2CM,0.2771604359149933,-0.022839564085006703
4624,46.24,BELOW_TARGET_MINUS_2CM,0.2771404981613159,-0.02285950183868407
4625,46.25,BELOW_TARGET_MINUS_2CM,0.2771194577217102,-0.022880542278289784
4626,46.26,BELOW_TARGET_MINUS_2CM,0.27709725499153137,-0.022902745008468617
4627,46.27,BELOW_TARGET_MINUS_2CM,0.2770738899707794,-0.02292611002922057
4628,46.28,BELOW_TARGET_MINUS_2CM,0.27704930305480957,-0.02295069694519042
4629,46.29,BELOW_TARGET_MINUS_2CM,0.2770235240459442,-0.022976475954055775
4630,46.300000000000004,BELOW_TARGET_MINUS_2CM,0.2769964933395386,-0.023003506660461415
4631,46.31,BELOW_TARGET_MINUS_2CM,0.27696824073791504,-0.02303175926208495
4632,46.32,BELOW_TARGET_MINUS_2CM,0.27693870663642883,-0.023061293363571156
4633,46.33,BELOW_TARGET_MINUS_2CM,0.27690795063972473,-0.023092049360275257
4634,46.34,BELOW_TARGET_MINUS_2CM,0.27687594294548035,-0.023124057054519642
4635,46.35,BELOW_TARGET_MINUS_2CM,0.2768426537513733,-0.023157346248626698
4636,46.36,BELOW_TARGET_MINUS_2CM,0.27680814266204834,-0.02319185733795165
4637,46.37,BELOW_TARGET_MINUS_2CM,0.2767723500728607,-0.02322764992713927
4638,46.38,BELOW_TARGET_MINUS_2CM,0.2767353057861328,-0.023264694213867176
4639,46.39,BELOW_TARGET_MINUS_2CM,0.276697039604187,-0.023302960395812977
4640,46.4,BELOW_TARGET_MINUS_2CM,0.2766575217247009,-0.02334247827529906
4641,46.410000000000004,BELOW_TARGET_MINUS_2CM,0.27661678194999695,-0.02338321805000304
4642,46.42,BELOW_TARGET_MINUS_2CM,0.27657485008239746,-0.023425149917602528
4643,46.43,BELOW_TARGET_MINUS_2CM,0.2765316963195801,-0.02346830368041991
4644,46.44,BELOW_TARGET_MINUS_2CM,0.2764873504638672,-0.0235126495361328
4645,46.45,BELOW_TARGET_MINUS_2CM,0.27644187211990356,-0.023558127880096424
4646,46.46,BELOW_TARGET_MINUS_2CM,0.2763952314853668,-0.023604768514633168
4647,46.47,BELOW_TARGET_MINUS_2CM,0.27634745836257935,-0.023652541637420643
4648,46.480000000000004,BELOW_TARGET_MINUS_2CM,0.2762985825538635,-0.023701417446136464
4649,46.49,BELOW_TARGET_MINUS_2CM,0.27624866366386414,-0.023751336336135853
4650,46.5,BELOW_TARGET_MINUS_2CM,0.2761976718902588,-0.0238023281097412
4651,46.51,BELOW_TARGET_MINUS_2CM,0.27614566683769226,-0.023854333162307728
4652,46.52,BELOW_TARGET_MINUS_2CM,0.2760927081108093,-0.023907291889190663
4653,46.53,BELOW_TARGET_MINUS_2CM,0.27603879570961,-0.023961204290390004
4654,46.54,BELOW_TARGET_MINUS_2CM,0.2759839594364166,-0.024016040563583363
4655,46.550000000000004,BELOW_TARGET_MINUS_2CM,0.275928258895874,-0.024071741104125965
4656,46.56,BELOW_TARGET_MINUS_2CM,0.27587175369262695,-0.024128246307373036
4657,46.57,BELOW_TARGET_MINUS_2CM,0.2758144438266754,-0.024185556173324574
4658,46.58,BELOW_TARGET_MINUS_2CM,0.2757564187049866,-0.024243581295013417
4659,46.59,BELOW_TARGET_MINUS_2CM,0.2756977081298828,-0.024302291870117176
4660,46.6,BELOW_TARGET_MINUS_2CM,0.2756383419036865,-0.024361658096313465
4661,46.61,BELOW_TARGET_MINUS_2CM,0.27557840943336487,-0.02442159056663512
4662,46.62,BELOW_TARGET_MINUS_2CM,0.2755179703235626,-0.024482029676437367
4663,46.63,BELOW_TARGET_MINUS_2CM,0.2754570543766022,-0.024542945623397816
4664,46.64,BELOW_TARGET_MINUS_2CM,0.2753957211971283,-0.024604278802871693
4665,46.65,BELOW_TARGET_MINUS_2CM,0.27533406019210815,-0.024665939807891835
4666,46.660000000000004,BELOW_TARGET_MINUS_2CM,0.27527210116386414,-0.024727898836135853
4667,46.67,BELOW_TARGET_MINUS_2CM,0.2752099335193634,-0.024790066480636586
4668,46.68,BELOW_TARGET_MINUS_2CM,0.27514761686325073,-0.024852383136749256
4669,46.69,BELOW_TARGET_MINUS_2CM,0.2750852406024933,-0.024914759397506703
4670,46.7,BELOW_TARGET_MINUS_2CM,0.27502283453941345,-0.024977165460586537
4671,46.71,BELOW_TARGET_MINUS_2CM,0.2749604880809784,-0.025039511919021595
4672,46.72,BELOW_TARGET_MINUS_2CM,0.2748982608318329,-0.025101739168167103
4673,46.730000000000004,BELOW_TARGET_MINUS_2CM,0.2748362720012665,-0.02516372799873351
4674,46.74,BELOW_TARGET_MINUS_2CM,0.27477455139160156,-0.025225448608398426
4675,46.75,BELOW_TARGET_MINUS_2CM,0.2747131586074829,-0.02528684139251708
4676,46.76,BELOW_TARGET_MINUS_2CM,0.27465224266052246,-0.025347757339477528
4677,46.77,BELOW_TARGET_MINUS_2CM,0.2745918035507202,-0.025408196449279774
4678,46.78,BELOW_TARGET_MINUS_2CM,0.2745319604873657,-0.025468039512634266
4679,46.79,BELOW_TARGET_MINUS_2CM,0.27447277307510376,-0.02552722692489623
4680,46.800000000000004,BELOW_TARGET_MINUS_2CM,0.2744143307209015,-0.0255856692790985
4681,46.81,BELOW_TARGET_MINUS_2CM,0.2743567228317261,-0.025643277168273915
4682,46.82,BELOW_TARGET_MINUS_2CM,0.2742999792098999,-0.025700020790100087
4683,46.83,BELOW_TARGET_MINUS_2CM,0.2742442190647125,-0.025755780935287464
4684,46.84,BELOW_TARGET_MINUS_2CM,0.2741895020008087,-0.025810497999191273
4685,46.85,BELOW_TARGET_MINUS_2CM,0.27413591742515564,-0.02586408257484435
4686,46.86,BELOW_TARGET_MINUS_2CM,0.2740834951400757,-0.025916504859924305
4687,46.87,BELOW_TARGET_MINUS_2CM,0.2740323543548584,-0.02596764564514159
4688,46.88,BELOW_TARGET_MINUS_2CM,0.27398255467414856,-0.02601744532585143
4689,46.89,BELOW_TARGET_MINUS_2CM,0.27393415570259094,-0.026065844297409047
4690,46.9,BELOW_TARGET_MINUS_2CM,0.2738872468471527,-0.02611275315284728
4691,46.910000000000004,BELOW_TARGET_MINUS_2CM,0.27384185791015625,-0.02615814208984374
4692,46.92,BELOW_TARGET_MINUS_2CM,0.2737981081008911,-0.026201891899108876
4693,46.93,BELOW_TARGET_MINUS_2CM,0.2737559974193573,-0.02624400258064269
4694,46.94,BELOW_TARGET_MINUS_2CM,0.27371564507484436,-0.02628435492515563
4695,46.95,BELOW_TARGET_MINUS_2CM,0.2736770510673523,-0.026322948932647694
4696,46.96,BELOW_TARGET_MINUS_2CM,0.27364033460617065,-0.026359665393829335
4697,46.97,BELOW_TARGET_MINUS_2CM,0.27360549569129944,-0.02639450430870055
4698,46.980000000000004,BELOW_TARGET_MINUS_2CM,0.2735725939273834,-0.026427406072616566
4699,46.99,BELOW_TARGET_MINUS_2CM,0.27354171872138977,-0.02645828127861022
4700,47.0,BELOW_TARGET_MINUS_2CM,0.2735128700733185,-0.026487129926681507
4701,47.01,BELOW_TARGET_MINUS_2CM,0.27348607778549194,-0.026513922214508046
4702,47.02,BELOW_TARGET_MINUS_2CM,0.2734614312648773,-0.02653856873512267
4703,47.03,BELOW_TARGET_MINUS_2CM,0.273438960313797,-0.026561039686202992
4704,47.04,BELOW_TARGET_MINUS_2CM,0.2734186351299286,-0.0265813648700714
4705,47.050000000000004,BELOW_TARGET_MINUS_2CM,0.27340054512023926,-0.02659945487976073
4706,47.06,BELOW_TARGET_MINUS_2CM,0.273384690284729,-0.026615309715270985
4707,47.07,BELOW_TARGET_MINUS_2CM,0.2733711004257202,-0.026628899574279774
4708,47.08,BELOW_TARGET_MINUS_2CM,0.2733597755432129,-0.0266402244567871
4709,47.09,BELOW_TARGET_MINUS_2CM,0.2733507454395294,-0.02664925456047057
4710,47.1,BELOW_TARGET_MINUS_2CM,0.2733440101146698,-0.02665598988533019
4711,47.11,BELOW_TARGET_MINUS_2CM,0.2733395993709564,-0.026660400629043568
4712,47.12,BELOW_TARGET_MINUS_2CM,0.2733374834060669,-0.026662516593933094
4713,47.13,BELOW_TARGET_MINUS_2CM,0.2733376622200012,-0.026662337779998768
4714,47.14,BELOW_TARGET_MINUS_2CM,0.2733401656150818,-0.026659834384918202
4715,47.15,BELOW_TARGET_MINUS_2CM,0.2733449637889862,-0.026655036211013783
4716,47.160000000000004,BELOW_TARGET_MINUS_2CM,0.2733520269393921,-0.0266479730606079
4717,47.17,BELOW_TARGET_MINUS_2CM,0.2733613848686218,-0.026638615131378163
4718,47.18,BELOW_TARGET_MINUS_2CM,0.27337297797203064,-0.02662702202796935
4719,47.19,BELOW_TARGET_MINUS_2CM,0.27338677644729614,-0.026613223552703846
4720,47.2,BELOW_TARGET_MINUS_2CM,0.27340278029441833,-0.026597219705581654
4721,47.21,BELOW_TARGET_MINUS_2CM,0.27342095971107483,-0.02657904028892516
4722,47.22,BELOW_TARGET_MINUS_2CM,0.27344128489494324,-0.02655871510505675
4723,47.230000000000004,BELOW_TARGET_MINUS_2CM,0.2734636962413788,-0.026536303758621205
4724,47.24,BELOW_TARGET_MINUS_2CM,0.2734881639480591,-0.026511836051940907
4725,47.25,BELOW_TARGET_MINUS_2CM,0.27351462841033936,-0.026485371589660633
4726,47.26,BELOW_TARGET_MINUS_2CM,0.2735430896282196,-0.026456910371780384
4727,47.27,BELOW_TARGET_MINUS_2CM,0.27357345819473267,-0.026426541805267323
4728,47.28,BELOW_TARGET_MINUS_2CM,0.27360570430755615,-0.026394295692443837
4729,47.29,BELOW_TARGET_MINUS_2CM,0.2736397683620453,-0.0263602316379547
4730,47.300000000000004,BELOW_TARGET_MINUS_2CM,0.2736756205558777,-0.026324379444122303
4731,47.31,BELOW_TARGET_MINUS_2CM,0.2737131416797638,-0.026286858320236195
4732,47.32,BELOW_TARGET_MINUS_2CM,0.2737523019313812,-0.026247698068618763
4733,47.33,BELOW_TARGET_MINUS_2CM,0.2737930715084076,-0.026206928491592396
4734,47.34,BELOW_TARGET_MINUS_2CM,0.27383533120155334,-0.026164668798446644
4735,47.35,BELOW_TARGET_MINUS_2CM,0.2738790810108185,-0.026120918989181507
4736,47.36,BELOW_TARGET_MINUS_2CM,0.27392417192459106,-0.026075828075408924
4737,47.37,BELOW_TARGET_MINUS_2CM,0.2739706039428711,-0.026029396057128895
4738,47.38,BELOW_TARGET_MINUS_2CM,0.2740182876586914,-0.025981712341308583
4739,47.39,BELOW_TARGET_MINUS_2CM,0.27406713366508484,-0.02593286633491515
4740,47.4,BELOW_TARGET_MINUS_2CM,0.2741170823574066,-0.025882917642593373
4741,47.410000000000004,BELOW_TARGET_MINUS_2CM,0.2741680443286896,-0.025831955671310414
4742,47.42,BELOW_TARGET_MINUS_2CM,0.27421998977661133,-0.02578001022338866
4743,47.43,BELOW_TARGET_MINUS_2CM,0.2742728292942047,-0.025727170705795277
4744,47.44,BELOW_TARGET_MINUS_2CM,0.27432647347450256,-0.025673526525497425
4745,47.45,BELOW_TARGET_MINUS_2CM,0.2743808329105377,-0.02561916708946227
4746,47.46,BELOW_TARGET_MINUS_2CM,0.2744358777999878,-0.025564122200012196
4747,47.47,BELOW_TARGET_MINUS_2CM,0.2744915187358856,-0.02550848126411437
4748,47.480000000000004,BELOW_TARGET_MINUS_2CM,0.2745476961135864,-0.025452303886413563
4749,47.49,BELOW_TARGET_MINUS_2CM,0.27460429072380066,-0.02539570927619933
4750,47.5,BELOW_TARGET_MINUS_2CM,0.27466127276420593,-0.025338727235794056
4751,47.51,BELOW_TARGET_MINUS_2CM,0.2747185528278351,-0.025281447172164906
4752,47.52,BELOW_TARGET_MINUS_2CM,0.27477607131004333,-0.025223928689956654
4753,47.53,BELOW_TARGET_MINUS_2CM,0.2748337686061859,-0.025166231393814076
4754,47.54,BELOW_TARGET_MINUS_2CM,0.27489155530929565,-0.025108444690704335
4755,47.550000000000004,BELOW_TARGET_MINUS_2CM,0.2749493718147278,-0.025050628185272206
4756,47.56,BELOW_TARGET_MINUS_2CM,0.2750071585178375,-0.024992841482162464
4757,47.57,BELOW_TARGET_MINUS_2CM,0.2750648558139801,-0.024935144186019886
4758,47.58,BELOW_TARGET_MINUS_2CM,0.27512237429618835,-0.024877625703811634
4759,47.59,BELOW_TARGET_MINUS_2CM,0.2751797139644623,-0.02482028603553771
4760,47.6,BELOW_TARGET_MINUS_2CM,0.27523675560951233,-0.02476324439048766
4761,47.61,BELOW_TARGET_MINUS_2CM,0.2752934694290161,-0.024706530570983876
4762,47.62,BELOW_TARGET_MINUS_2CM,0.27534979581832886,-0.02465020418167113
4763,47.63,BELOW_TARGET_MINUS_2CM,0.2754056751728058,-0.024594324827194203
4764,47.64,BELOW_TARGET_MINUS_2CM,0.2754610776901245,-0.024538922309875477
4765,47.65,BELOW_TARGET_MINUS_2CM,0.27551594376564026,-0.02448405623435973
4766,47.660000000000004,BELOW_TARGET_MINUS_2CM,0.27557021379470825,-0.024429786205291737
4767,47.67,BELOW_TARGET_MINUS_2CM,0.2756238579750061,-0.024376142024993885
4768,47.68,BELOW_TARGET_MINUS_2CM,0.2756768465042114,-0.024323153495788563
4769,47.69,BELOW_TARGET_MINUS_2CM,0.27572911977767944,-0.024270880222320546
4770,47.7,BELOW_TARGET_MINUS_2CM,0.27578064799308777,-0.02421935200691222
4771,47.71,BELOW_TARGET_MINUS_2CM,0.275831401348114,-0.024168598651885975
4772,47.72,BELOW_TARGET_MINUS_2CM,0.2758813202381134,-0.024118679761886586
4773,47.730000000000004,BELOW_TARGET_MINUS_2CM,0.27593040466308594,-0.02406959533691405
4774,47.74,BELOW_TARGET_MINUS_2CM,0.27597862482070923,-0.02402137517929076
4775,47.75,BELOW_TARGET_MINUS_2CM,0.2760259509086609,-0.0239740490913391
4776,47.76,BELOW_TARGET_MINUS_2CM,0.27607232332229614,-0.023927676677703846
4777,47.77,BELOW_TARGET_MINUS_2CM,0.2761177718639374,-0.02388222813606261
4778,47.78,BELOW_TARGET_MINUS_2CM,0.2761622667312622,-0.023837733268737782
4779,47.79,BELOW_TARGET_MINUS_2CM,0.27620574831962585,-0.023794251680374134
4780,47.800000000000004,BELOW_TARGET_MINUS_2CM,0.2762482464313507,-0.02375175356864928
4781,47.81,BELOW_TARGET_MINUS_2CM,0.2762897312641144,-0.02371026873588561
4782,47.82,BELOW_TARGET_MINUS_2CM,0.2763301730155945,-0.023669826984405506
4783,47.83,BELOW_TARGET_MINUS_2CM,0.2763696014881134,-0.023630398511886586
4784,47.84,BELOW_TARGET_MINUS_2CM,0.27640795707702637,-0.02359204292297362
4785,47.85,BELOW_TARGET_MINUS_2CM,0.27644526958465576,-0.023554730415344227
4786,47.86,BELOW_TARGET_MINUS_2CM,0.2764815390110016,-0.023518460988998402
4787,47.870000000000005,BELOW_TARGET_MINUS_2CM,0.27651673555374146,-0.023483264446258534
4788,47.88,BELOW_TARGET_MINUS_2CM,0.27655085921287537,-0.023449140787124623
4789,47.89,BELOW_TARGET_MINUS_2CM,0.2765839099884033,-0.02341609001159667
4790,47.9,BELOW_TARGET_MINUS_2CM,0.2766159176826477,-0.023384082317352284
4791,47.910000000000004,BELOW_TARGET_MINUS_2CM,0.27664685249328613,-0.023353147506713856
4792,47.92,BELOW_TARGET_MINUS_2CM,0.2766767144203186,-0.023323285579681385
4793,47.93,BELOW_TARGET_MINUS_2CM,0.2767055034637451,-0.02329449653625487
4794,47.94,BELOW_TARGET_MINUS_2CM,0.27673324942588806,-0.023266750574111927
4795,47.95,BELOW_TARGET_MINUS_2CM,0.27675992250442505,-0.02324007749557494
4796,47.96,BELOW_TARGET_MINUS_2CM,0.27678558230400085,-0.023214417695999134
4797,47.97,BELOW_TARGET_MINUS_2CM,0.2768101692199707,-0.023189830780029286
4798,47.980000000000004,BELOW_TARGET_MINUS_2CM,0.27683374285697937,-0.02316625714302062
4799,47.99,BELOW_TARGET_MINUS_2CM,0.2768562436103821,-0.02314375638961791
4800,48.0,BELOW_TARGET_MINUS_2CM,0.2768780291080475,-0.023121970891952504
4801,48.01,BELOW_TARGET_MINUS_2CM,0.27689969539642334,-0.02310030460357665
4802,48.02,BELOW_TARGET_MINUS_2CM,0.2769213020801544,-0.02307869791984557
4803,48.03,BELOW_TARGET_MINUS_2CM,0.2769422233104706,-0.023057776689529408
4804,48.04,BELOW_TARGET_MINUS_2CM,0.27696219086647034,-0.023037809133529652
4805,48.050000000000004,BELOW_TARGET_MINUS_2CM,0.2769812047481537,-0.023018795251846302
4806,48.06,BELOW_TARGET_MINUS_2CM,0.2769991159439087,-0.023000884056091297
4807,48.07,BELOW_TARGET_MINUS_2CM,0.277015745639801,-0.022984254360198964
4808,48.08,BELOW_TARGET_MINUS_2CM,0.2770311236381531,-0.022968876361846913
4809,48.09,BELOW_TARGET_MINUS_2CM,0.2770451605319977,-0.022954839468002308
4810,48.1,BELOW_TARGET_MINUS_2CM,0.2770578861236572,-0.022942113876342762
4811,48.11,BELOW_TARGET_MINUS_2CM,0.2770692706108093,-0.022930729389190663
4812,48.120000000000005,BELOW_TARGET_MINUS_2CM,0.277079313993454,-0.02292068600654601
4813,48.13,BELOW_TARGET_MINUS_2CM,0.2770880460739136,-0.022911953926086415
4814,48.14,BELOW_TARGET_MINUS_2CM,0.2770954668521881,-0.02290453314781188
4815,48.15,BELOW_TARGET_MINUS_2CM,0.2771016061306,-0.022898393869400013
4816,48.160000000000004,BELOW_TARGET_MINUS_2CM,0.27710649371147156,-0.02289350628852843
4817,48.17,BELOW_TARGET_MINUS_2CM,0.27711009979248047,-0.02288990020751952
4818,48.18,BELOW_TARGET_MINUS_2CM,0.2771124839782715,-0.022887516021728505
4819,48.19,BELOW_TARGET_MINUS_2CM,0.277113676071167,-0.022886323928832997
4820,48.2,BELOW_TARGET_MINUS_2CM,0.277113676071167,-0.022886323928832997
4821,48.21,BELOW_TARGET_MINUS_2CM,0.27711251378059387,-0.022887486219406117
4822,48.22,BELOW_TARGET_MINUS_2CM,0.27711021900177,-0.02288978099822997
4823,48.230000000000004,BELOW_TARGET_MINUS_2CM,0.27710679173469543,-0.022893208265304554
4824,48.24,BELOW_TARGET_MINUS_2CM,0.2771022319793701,-0.02289776802062987
4825,48.25,BELOW_TARGET_MINUS_2CM,0.27709659934043884,-0.022903400659561146
4826,48.26,BELOW_TARGET_MINUS_2CM,0.2770898640155792,-0.022910135984420765
4827,48.27,BELOW_TARGET_MINUS_2CM,0.27708205580711365,-0.02291794419288634
4828,48.28,BELOW_TARGET_MINUS_2CM,0.2770732045173645,-0.022926795482635487
4829,48.29,BELOW_TARGET_MINUS_2CM,0.2770633101463318,-0.022936689853668202
4830,48.300000000000004,BELOW_TARGET_MINUS_2CM,0.2770524024963379,-0.0229475975036621
4831,48.31,BELOW_TARGET_MINUS_2CM,0.2770404517650604,-0.022959548234939564
4832,48.32,BELOW_TARGET_MINUS_2CM,0.2770274877548218,-0.02297251224517821
4833,48.33,BELOW_TARGET_MINUS_2CM,0.27701374888420105,-0.02298625111579894
4834,48.34,BELOW_TARGET_MINUS_2CM,0.27699989080429077,-0.023000109195709217
4835,48.35,BELOW_TARGET_MINUS_2CM,0.2769860625267029,-0.023013937473297108
4836,48.36,BELOW_TARGET_MINUS_2CM,0.2769717872142792,-0.023028212785720814
4837,48.370000000000005,BELOW_TARGET_MINUS_2CM,0.27695682644844055,-0.023043173551559437
4838,48.38,BELOW_TARGET_MINUS_2CM,0.2769412100315094,-0.02305878996849059
4839,48.39,BELOW_TARGET_MINUS_2CM,0.2769247889518738,-0.02307521104812621
4840,48.4,BELOW_TARGET_MINUS_2CM,0.27690738439559937,-0.023092615604400624
4841,48.410000000000004,BELOW_TARGET_MINUS_2CM,0.27688902616500854,-0.023110973834991444
4842,48.42,BELOW_TARGET_MINUS_2CM,0.27686959505081177,-0.02313040494918822
4843,48.43,BELOW_TARGET_MINUS_2CM,0.27684906125068665,-0.023150938749313343
4844,48.44,BELOW_TARGET_MINUS_2CM,0.2768273651599884,-0.023172634840011586
4845,48.45,BELOW_TARGET_MINUS_2CM,0.27680447697639465,-0.023195523023605336
4846,48.46,BELOW_TARGET_MINUS_2CM,0.2767803966999054,-0.023219603300094593
4847,48.47,BELOW_TARGET_MINUS_2CM,0.27675509452819824,-0.023244905471801747
4848,48.480000000000004,BELOW_TARGET_MINUS_2CM,0.2767285108566284,-0.02327148914337157
4849,48.49,BELOW_TARGET_MINUS_2CM,0.2767006754875183,-0.02329932451248168
4850,48.5,BELOW_TARGET_MINUS_2CM,0.2766715884208679,-0.02332841157913207
4851,48.51,BELOW_TARGET_MINUS_2CM,0.27664121985435486,-0.02335878014564513
4852,48.52,BELOW_TARGET_MINUS_2CM,0.27660953998565674,-0.02339046001434325
4853,48.53,BELOW_TARGET_MINUS_2CM,0.27657657861709595,-0.02342342138290404
4854,48.54,BELOW_TARGET_MINUS_2CM,0.2765423357486725,-0.023457664251327504
4855,48.550000000000004,BELOW_TARGET_MINUS_2CM,0.27650681138038635,-0.023493188619613636
4856,48.56,BELOW_TARGET_MINUS_2CM,0.27647000551223755,-0.02352999448776244
4857,48.57,BELOW_TARGET_MINUS_2CM,0.2764318883419037,-0.023568111658096302
4858,48.58,BELOW_TARGET_MINUS_2CM,0.27639251947402954,-0.023607480525970448
4859,48.59,BELOW_TARGET_MINUS_2CM,0.2763518989086151,-0.023648101091384877
4860,48.6,BELOW_TARGET_MINUS_2CM,0.276309996843338,-0.023690003156661976
4861,48.61,BELOW_TARGET_MINUS_2CM,0.276266872882843,-0.02373312711715697
4862,48.620000000000005,BELOW_TARGET_MINUS_2CM,0.2762225270271301,-0.023777472972869862
4863,48.63,BELOW_TARGET_MINUS_2CM,0.27617695927619934,-0.023823040723800648
4864,48.64,BELOW_TARGET_MINUS_2CM,0.27613019943237305,-0.023869800567626942
4865,48.65,BELOW_TARGET_MINUS_2CM,0.27608227729797363,-0.023917722702026356
4866,48.660000000000004,BELOW_TARGET_MINUS_2CM,0.2760332226753235,-0.023966777324676503
4867,48.67,BELOW_TARGET_MINUS_2CM,0.2759830355644226,-0.02401696443557738
4868,48.68,BELOW_TARGET_MINUS_2CM,0.2759317457675934,-0.024068254232406605
4869,48.69,BELOW_TARGET_MINUS_2CM,0.2758794128894806,-0.024120587110519398
4870,48.7,BELOW_TARGET_MINUS_2CM,0.27582603693008423,-0.02417396306991576
4871,48.71,BELOW_TARGET_MINUS_2CM,0.2757716774940491,-0.024228322505950917
4872,48.72,BELOW_TARGET_MINUS_2CM,0.2757163345813751,-0.024283665418624867
4873,48.730000000000004,BELOW_TARGET_MINUS_2CM,0.27566009759902954,-0.024339902400970448
4874,48.74,BELOW_TARGET_MINUS_2CM,0.27560296654701233,-0.02439703345298766
4875,48.75,BELOW_TARGET_MINUS_2CM,0.27554500102996826,-0.024454998970031727
4876,48.76,BELOW_TARGET_MINUS_2CM,0.2754862606525421,-0.024513739347457875
4877,48.77,BELOW_TARGET_MINUS_2CM,0.2754267752170563,-0.024573224782943714
4878,48.78,BELOW_TARGET_MINUS_2CM,0.2753666043281555,-0.02463339567184447
4879,48.79,BELOW_TARGET_MINUS_2CM,0.27530577778816223,-0.024694222211837757
4880,48.800000000000004,BELOW_TARGET_MINUS_2CM,0.2752443850040436,-0.02475561499595641
4881,48.81,BELOW_TARGET_MINUS_2CM,0.27518248558044434,-0.024817514419555653
4882,48.82,BELOW_TARGET_MINUS_2CM,0.2751201093196869,-0.0248798906803131
4883,48.83,BELOW_TARGET_MINUS_2CM,0.2750573456287384,-0.024942654371261586
4884,48.84,BELOW_TARGET_MINUS_2CM,0.27499422430992126,-0.025005775690078724
4885,48.85,BELOW_TARGET_MINUS_2CM,0.274930864572525,-0.025069135427474964
4886,48.86,BELOW_TARGET_MINUS_2CM,0.2748672664165497,-0.025132733583450306
4887,48.870000000000005,BELOW_TARGET_MINUS_2CM,0.2748035490512848,-0.0251964509487152
4888,48.88,BELOW_TARGET_MINUS_2CM,0.2747397720813751,-0.025260227918624867
4889,48.89,BELOW_TARGET_MINUS_2CM,0.27467602491378784,-0.025323975086212147
4890,48.9,BELOW_TARGET_MINUS_2CM,0.27461233735084534,-0.025387662649154652
4891,48.910000000000004,BELOW_TARGET_MINUS_2CM,0.27454879879951477,-0.02545120120048522
4892,48.92,BELOW_TARGET_MINUS_2CM,0.2744854986667633,-0.025514501333236683
4893,48.93,BELOW_TARGET_MINUS_2CM,0.2744224965572357,-0.02557750344276427
4894,48.94,BELOW_TARGET_MINUS_2CM,0.27435991168022156,-0.02564008831977843
4895,48.95,BELOW_TARGET_MINUS_2CM,0.2742977738380432,-0.025702226161956776
4896,48.96,BELOW_TARGET_MINUS_2CM,0.27423617243766785,-0.025763827562332142
4897,48.97,BELOW_TARGET_MINUS_2CM,0.2741751968860626,-0.025824803113937367
4898,48.980000000000004,BELOW_TARGET_MINUS_2CM,0.2741149365901947,-0.025885063409805287
4899,48.99,BELOW_TARGET_MINUS_2CM,0.27405545115470886,-0.025944548845291127
4900,49.0,BELOW_TARGET_MINUS_2CM,0.2739968001842499,-0.02600319981575011
4901,49.01,BELOW_TARGET_MINUS_2CM,0.2739391326904297,-0.0260608673095703
4902,49.02,BELOW_TARGET_MINUS_2CM,0.2738824486732483,-0.026117551326751698
4903,49.03,BELOW_TARGET_MINUS_2CM,0.27382686734199524,-0.02617313265800475
4904,49.04,BELOW_TARGET_MINUS_2CM,0.2737724483013153,-0.02622755169868468
4905,49.050000000000004,BELOW_TARGET_MINUS_2CM,0.27371928095817566,-0.02628071904182433
4906,49.06,BELOW_TARGET_MINUS_2CM,0.27366742491722107,-0.02633257508277892
4907,49.07,BELOW_TARGET_MINUS_2CM,0.2736169695854187,-0.026383030414581288
4908,49.08,BELOW_TARGET_MINUS_2CM,0.27356797456741333,-0.02643202543258666
4909,49.09,BELOW_TARGET_MINUS_2CM,0.2735205292701721,-0.02647947072982787
4910,49.1,BELOW_TARGET_MINUS_2CM,0.27347466349601746,-0.026525336503982533
4911,49.11,BELOW_TARGET_MINUS_2CM,0.2734304666519165,-0.026569533348083485
4912,49.120000000000005,BELOW_TARGET_MINUS_2CM,0.2733880281448364,-0.026611971855163563
4913,49.13,BELOW_TARGET_MINUS_2CM,0.2733473777770996,-0.02665262222290038
4914,49.14,BELOW_TARGET_MINUS_2CM,0.27330854535102844,-0.026691454648971547
4915,49.15,BELOW_TARGET_MINUS_2CM,0.2732716500759125,-0.026728349924087513
4916,49.160000000000004,BELOW_TARGET_MINUS_2CM,0.2732367217540741,-0.026763278245925892
4917,49.17,BELOW_TARGET_MINUS_2CM,0.2732037901878357,-0.026796209812164296
4918,49.18,BELOW_TARGET_MINUS_2CM,0.27317294478416443,-0.02682705521583556
4919,49.19,BELOW_TARGET_MINUS_2CM,0.2731441855430603,-0.026855814456939686
4920,49.2,BELOW_TARGET_MINUS_2CM,0.2731175720691681,-0.026882427930831898
4921,49.21,BELOW_TARGET_MINUS_2CM,0.27309316396713257,-0.02690683603286742
4922,49.22,BELOW_TARGET_MINUS_2CM,0.27307096123695374,-0.026929038763046254
4923,49.230000000000004,BELOW_TARGET_MINUS_2CM,0.273050993680954,-0.02694900631904601
4924,49.24,BELOW_TARGET_MINUS_2CM,0.27303335070610046,-0.026966649293899525
4925,49.25,BELOW_TARGET_MINUS_2CM,0.2730179727077484,-0.026982027292251576
4926,49.26,BELOW_TARGET_MINUS_2CM,0.2730049192905426,-0.026995080709457386
4927,49.27,BELOW_TARGET_MINUS_2CM,0.2729942202568054,-0.02700577974319457
4928,49.28,BELOW_TARGET_MINUS_2CM,0.27298587560653687,-0.027014124393463124
4929,49.29,BELOW_TARGET_MINUS_2CM,0.27297988533973694,-0.02702011466026305
4930,49.300000000000004,BELOW_TARGET_MINUS_2CM,0.272976279258728,-0.02702372074127196
4931,49.31,BELOW_TARGET_MINUS_2CM,0.27297502756118774,-0.027024972438812245
4932,49.32,BELOW_TARGET_MINUS_2CM,0.2729761600494385,-0.027023839950561512
4933,49.33,BELOW_TARGET_MINUS_2CM,0.27297964692115784,-0.027020353078842152
4934,49.34,BELOW_TARGET_MINUS_2CM,0.27298545837402344,-0.02701454162597655
4935,49.35,BELOW_TARGET_MINUS_2CM,0.27299362421035767,-0.027006375789642323
4936,49.36,BELOW_TARGET_MINUS_2CM,0.27300411462783813,-0.026995885372161854
4937,49.370000000000005,BELOW_TARGET_MINUS_2CM,0.27301689982414246,-0.026983100175857533
4938,49.38,BELOW_TARGET_MINUS_2CM,0.27303197979927063,-0.02696802020072936
4939,49.39,BELOW_TARGET_MINUS_2CM,0.2730492651462555,-0.026950734853744496
4940,49.4,BELOW_TARGET_MINUS_2CM,0.27306878566741943,-0.026931214332580555
4941,49.410000000000004,BELOW_TARGET_MINUS_2CM,0.2730904817581177,-0.026909518241882313
4942,49.42,BELOW_TARGET_MINUS_2CM,0.27311432361602783,-0.026885676383972157
4943,49.43,BELOW_TARGET_MINUS_2CM,0.2731402516365051,-0.026859748363494862
4944,49.44,BELOW_TARGET_MINUS_2CM,0.2731682360172272,-0.026831763982772816
4945,49.45,BELOW_TARGET_MINUS_2CM,0.2731982171535492,-0.026801782846450795
4946,49.46,BELOW_TARGET_MINUS_2CM,0.2732301652431488,-0.026769834756851185
4947,49.47,BELOW_TARGET_MINUS_2CM,0.27326399087905884,-0.02673600912094115
4948,49.480000000000004,BELOW_TARGET_MINUS_2CM,0.2732996940612793,-0.026700305938720692
4949,49.49,BELOW_TARGET_MINUS_2CM,0.27333715558052063,-0.02666284441947936
4950,49.5,BELOW_TARGET_MINUS_2CM,0.27337637543678284,-0.026623624563217152
4951,49.51,BELOW_TARGET_MINUS_2CM,0.27341723442077637,-0.02658276557922362
4952,49.52,BELOW_TARGET_MINUS_2CM,0.27345970273017883,-0.026540297269821156
4953,49.53,BELOW_TARGET_MINUS_2CM,0.27350369095802307,-0.026496309041976918
4954,49.54,BELOW_TARGET_MINUS_2CM,0.2735491693019867,-0.026450830698013295
4955,49.550000000000004,BELOW_TARGET_MINUS_2CM,0.27359601855278015,-0.026403981447219838
4956,49.56,BELOW_TARGET_MINUS_2CM,0.27364420890808105,-0.026355791091918934
4957,49.57,BELOW_TARGET_MINUS_2CM,0.27369365096092224,-0.026306349039077748
4958,49.58,BELOW_TARGET_MINUS_2CM,0.27374425530433655,-0.02625574469566344
4959,49.59,BELOW_TARGET_MINUS_2CM,0.2737959623336792,-0.02620403766632079
4960,49.6,BELOW_TARGET_MINUS_2CM,0.2738487124443054,-0.02615128755569457
4961,49.61,BELOW_TARGET_MINUS_2CM,0.27390244603157043,-0.026097553968429554
4962,49.620000000000005,BELOW_TARGET_MINUS_2CM,0.2739570140838623,-0.026042985916137684
4963,49.63,BELOW_TARGET_MINUS_2CM,0.27401241660118103,-0.02598758339881896
4964,49.64,BELOW_TARGET_MINUS_2CM,0.27406853437423706,-0.02593146562576293
4965,49.65,BELOW_TARGET_MINUS_2CM,0.2741253077983856,-0.02587469220161437
4966,49.660000000000004,BELOW_TARGET_MINUS_2CM,0.27418267726898193,-0.025817322731018055
4967,49.67,BELOW_TARGET_MINUS_2CM,0.27424052357673645,-0.02575947642326354
4968,49.68,BELOW_TARGET_MINUS_2CM,0.2742988169193268,-0.025701183080673207
4969,49.69,BELOW_TARGET_MINUS_2CM,0.27435746788978577,-0.025642532110214222
4970,49.7,BELOW_TARGET_MINUS_2CM,0.27441641688346863,-0.02558358311653136
4971,49.71,BELOW_TARGET_MINUS_2CM,0.2744755744934082,-0.025524425506591786
4972,49.72,BELOW_TARGET_MINUS_2CM,0.27453485131263733,-0.02546514868736266
4973,49.730000000000004,BELOW_TARGET_MINUS_2CM,0.274594247341156,-0.025405752658843983
4974,49.74,BELOW_TARGET_MINUS_2CM,0.2746536135673523,-0.025346386432647694
4975,49.75,BELOW_TARGET_MINUS_2CM,0.2747129201889038,-0.02528707981109618
4976,49.76,BELOW_TARGET_MINUS_2CM,0.27477213740348816,-0.02522786259651183
4977,49.77,BELOW_TARGET_MINUS_2CM,0.2748311460018158,-0.025168853998184193
4978,49.78,BELOW_TARGET_MINUS_2CM,0.27488991618156433,-0.025110083818435658
4979,49.79,BELOW_TARGET_MINUS_2CM,0.2749483585357666,-0.025051641464233387
4980,49.800000000000004,BELOW_TARGET_MINUS_2CM,0.2750064730644226,-0.02499352693557738
4981,49.81,BELOW_TARGET_MINUS_2CM,0.2750641405582428,-0.02493585944175719
4982,49.82,BELOW_TARGET_MINUS_2CM,0.2751213610172272,-0.024878638982772816
4983,49.83,BELOW_TARGET_MINUS_2CM,0.27517804503440857,-0.02482195496559142
4984,49.84,BELOW_TARGET_MINUS_2CM,0.2752341628074646,-0.02476583719253539
4985,49.85,BELOW_TARGET_MINUS_2CM,0.2752896547317505,-0.0247103452682495
4986,49.86,BELOW_TARGET_MINUS_2CM,0.27534449100494385,-0.02465550899505614
4987,49.870000000000005,BELOW_TARGET_MINUS_2CM,0.2753986418247223,-0.0246013581752777
4988,49.88,BELOW_TARGET_MINUS_2CM,0.27545201778411865,-0.024547982215881337
4989,49.89,BELOW_TARGET_MINUS_2CM,0.2755046486854553,-0.024495351314544667
4990,49.9,BELOW_TARGET_MINUS_2CM,0.27555644512176514,-0.024443554878234852
4991,49.910000000000004,BELOW_TARGET_MINUS_2CM,0.2756073772907257,-0.02439262270927428
4992,49.92,BELOW_TARGET_MINUS_2CM,0.27565744519233704,-0.024342554807662953
4993,49.93,BELOW_TARGET_MINUS_2CM,0.27570661902427673,-0.024293380975723255
4994,49.94,BELOW_TARGET_MINUS_2CM,0.2757548391819,-0.024245160818099964
4995,49.95,BELOW_TARGET_MINUS_2CM,0.2758021056652069,-0.02419789433479308
4996,49.96,BELOW_TARGET_MINUS_2CM,0.275848388671875,-0.02415161132812499
4997,49.97,BELOW_TARGET_MINUS_2CM,0.2758936882019043,-0.024106311798095692
4998,49.980000000000004,BELOW_TARGET_MINUS_2CM,0.2759379744529724,-0.024062025547027577
4999,49.99,BELOW_TARGET_MINUS_2CM,0.27598121762275696,-0.02401878237724303
