{
  "mode": "nominal",
  "num_episodes": 100,
  "reward_mean": 4371.79178894043,
  "reward_std": 641.188291441555,
  "reward_min": 539.319091796875,
  "reward_p5": 4106.211254882813,
  "reward_p50": 4476.16650390625,
  "reward_p95": 4739.5040283203125,
  "reward_max": 4853.60986328125,
  "episode_length_mean": 971.17,
  "episode_length_max": 1000,
  "success_rate": 0.0,
  "fall_rate": 0.05,
  "timeout_rate": 0.95,
  "mode_metrics": {},
  "checkpoint": "outputs/checkpoints/balance/step_16056320",
  "stage": "balance",
  "seed": 0
}