step,time_s,support_position_error_m,pitch_x_rad,pitch_x_error_rad,pitch_rate_x_rad_s,roll_y_rad,yaw_z_rad,com_z_m,wheel_vel_mean_rad_s,tau_position,tau_position_raw,tau_position_saturation_flag,tau_pitch,tau_pitch_rate,tau_sagittal_velocity,tau_support_velocity,tau_total_before_final_clip,tau_total_after_final_clip,final_wheel_torque_margin,torque_rate_saturation_mask_wheel_left,torque_rate_saturation_mask_wheel_right,contact_state,contact_valid,ownership_violation_count,hidden_torque_norm,tau_wbc_norm,torque_rate_saturation_fraction
1320,13.21000000000108,0.12632115868407245,0.07361560834273591,0.07346583485414933,0.014323164708912373,-0.015908991748061933,-0.029953346342428543,0.4004664123058319,-1.0063445568084717,-3.0,-3.0,True,3.6732917427074665,0.0,-0.9712278842926025,0.0,0.023546651,0.023546651,29.939086005,False,False,double_contact,True,0,0.0,0.0,0.0
1321,13.220000000001084,0.12694045490207145,0.07376682887066474,0.07361560834273591,0.014443720690906048,-0.01606300383780269,-0.030402264750398412,0.40041378140449524,-1.0161916315555573,-3.0,-3.0,True,3.6807804171367953,0.0,-0.9815879166126251,0.0,0.02332399,0.02332399,29.93891398,False,False,double_contact,True,0,0.0,0.0,0.0
1322,13.230000000001088,0.12756578698238943,0.07391953972466747,0.07376682887066474,0.014568213373422623,-0.016219519878888804,-0.030862873737021543,0.4003602862358093,-1.026136040687561,-3.0,-3.0,True,3.688341443533237,0.0,-0.9920820593833923,0.0,0.023070593,0.023070593,29.93876634,False,False,double_contact,True,0,0.0,0.0,0.0
1323,13.240000000001091,0.128197215904769,0.07407378380387115,0.07391953972466747,0.014695539139211178,-0.01637860543119057,-0.03133545231909078,0.40030592679977417,-1.0362048745155334,-3.0,-3.0,True,3.6959769862333736,0.0,-1.0026879608631134,0.0,0.0228442755,0.0228442755,29.93858386,False,False,double_contact,True,0,0.0,0.0,0.0
1324,13.250000000001094,0.12883480516848778,0.07422959530007153,0.07407378380387115,0.014825109392404556,-0.016540330870039817,-0.03182030903608267,0.400250643491745,-1.0463662445545197,-3.0,-3.0,True,3.7036891901935576,0.0,-1.0134167969226837,0.0,0.022605306999999998,0.022605306999999998,29.93840582,False,False,double_contact,True,0,0.0,0.0,0.0
1325,13.260000000001098,0.12947861063632188,0.07438701102557291,0.07422959530007153,0.014957454986870289,-0.016704766088105425,-0.032317773580073164,0.4001944363117218,-1.0566287636756897,-3.0,-3.0,True,3.7114797650035767,0.0,-1.0242573916912079,0.0,0.022368718000000003,0.022368718000000003,29.938217204,False,False,double_contact,True,0,0.0,0.0,0.0
1326,13.270000000001101,0.13012868934458896,0.07454606475989603,0.07438701102557291,0.015091675333678722,-0.016871980604501253,-0.03282819208042887,0.4001373052597046,-1.0669848918914795,-3.0,-3.0,True,3.7193505512786453,0.0,-1.035209745168686,0.0,0.0221378875,0.0221378875,29.93801456,False,False,double_contact,True,0,0.0,0.0,0.0
1327,13.280000000001104,0.13078509440455424,0.0747067843418419,0.07454606475989603,0.01522765215486288,-0.017042039188584233,-0.03335195771503483,0.4000791907310486,-1.0774250030517578,-3.0,-3.0,True,3.7273032379948017,0.0,-1.0462962090969086,0.0,0.021870881000000002,0.021870881000000002,29.93783936,False,False,double_contact,True,0,0.0,0.0,0.0
1328,13.290000000001108,0.131447880128531,0.07486922608643128,0.0747067843418419,0.015368836000561714,-0.017214988634259958,-0.03388952423207543,0.4000200629234314,-1.0879830718040466,-3.0,-3.0,True,3.735339217092095,0.0,-1.057494431734085,0.0,0.0216146995,0.0216146995,29.937643528,False,False,double_contact,True,0,0.0,0.0,0.0
1329,13.300000000001111,0.13211710733678722,0.0750334417247394,0.07486922608643128,0.015512882731854916,-0.017390882338845504,-0.03444134037292773,0.399959921836853,-1.0986361503601074,-3.0,-3.0,True,3.743461304321564,0.0,-1.0688267648220062,0.0,0.021365388500000006,0.021365388500000006,29.93743713,False,False,double_contact,True,0,0.0,0.0,0.0
1330,13.310000000001114,0.13279283351729543,0.075199460004936,0.0750334417247394,0.015657512471079826,-0.017569786180576474,-0.03500785626103325,0.3998987376689911,-1.1093764901161194,-3.0,-3.0,True,3.75167208623697,0.0,-1.0802820324897766,0.0,0.021113114000000002,0.021113114000000002,29.93722917,False,False,double_contact,True,0,0.0,0.0,0.0
1331,13.320000000001118,0.13347511104811075,0.07536731116334498,0.075199460004936,0.015804393216967583,-0.01775177895075773,-0.03558953325928545,0.3998364806175232,-1.1202040314674377,-3.0,-3.0,True,3.7599730002468004,0.0,-1.0918714106082916,0.0,0.020821592500000003,0.020821592500000003,29.9370553,False,False,double_contact,True,0,0.0,0.0,0.0
1332,13.330000000001121,0.13416399735071785,0.07553705039809305,0.07536731116334498,0.015956170856952667,-0.01793694660463862,-0.03618684639639184,0.39977312088012695,-1.1311522722244263,-3.0,-3.0,True,3.768365558167249,0.0,-1.1035948991775513,0.0,0.020525760999999997,0.020525760999999997,29.936879925,False,False,double_contact,True,0,0.0,0.0,0.0
1333,13.340000000001124,0.13485955906011898,0.07570872439218376,0.07553705039809305,0.016109179705381393,-0.018125378944285172,-0.03680028438519629,0.39970865845680237,-1.1422180533409119,-3.0,-3.0,True,3.7768525199046525,0.0,-1.1154413223266602,0.0,0.020268157000000002,0.020268157000000002,29.93665989,False,False,double_contact,True,0,0.0,0.0,0.0
1334,13.350000000001128,0.13556185333464016,0.0758823664988904,0.07570872439218376,0.0162655096501112,-0.018317155092126048,-0.0374303229356671,0.3996430039405823,-1.1533629298210144,-3.0,-3.0,True,3.785436219609188,0.0,-1.127433031797409,0.0,0.0199654395,0.0199654395,29.93647498,False,False,double_contact,True,0,0.0,0.0,0.0
1335,13.360000000001131,0.1362709284216242,0.07605803639579302,0.0758823664988904,0.016424747183918953,-0.018512345651756683,-0.03807743085839317,0.39957618713378906,-1.1646272540092468,-3.0,-3.0,True,3.79411832494452,0.0,-1.1395364999771118,0.0,0.019705049500000002,0.019705049500000002,29.93623904,False,False,double_contact,True,0,0.0,0.0,0.0
1336,13.370000000001134,0.13698684075512235,0.0762346176895332,0.07605803639579302,0.0159453097730875,-0.018711776424306277,-0.03874977171978643,0.39950814843177795,-1.1759657263755798,-3.0,-3.0,True,3.802901819789651,0.0,-1.15179643034935,0.0,0.019403582000000003,0.019403582000000003,29.936035596,False,False,double_contact,True,0,0.0,0.0,0.0
1337,13.380000000001138,0.13770963430654964,0.07641122089450395,0.0762346176895332,0.016322238370776176,-0.018914395641912038,-0.03948159918225187,0.3994382619857788,-1.1901965737342834,-3.0,-3.0,True,3.8117308844766598,0.0,-1.1641904711723328,0.0,0.014028307,0.014028307,29.939479623,False,False,double_contact,True,0,0.0,0.0,0.0
1338,13.390000000001141,0.13843663554782548,0.07659371988842441,0.07641122089450395,0.016692275181412697,-0.019121460168009512,-0.04027923221205626,0.3993665277957916,-1.2043483257293701,-3.0,-3.0,True,3.8205610447251974,0.0,-1.1759363114833832,0.0,0.018042508999999998,0.018042508999999998,29.93711328,False,False,double_contact,True,0,0.0,0.0,0.0
1339,13.400000000001144,0.13917389325991708,0.07678142083318241,0.07659371988842441,0.017332250252366066,-0.01932994991657397,-0.04113132726519446,0.39929330348968506,-1.2184504866600037,-3.0,-3.0,True,3.8296859944212205,0.0,-1.1891014873981476,0.0,0.020365340000000003,0.020365340000000003,29.93352078,False,False,double_contact,True,0,0.0,0.0,0.0
1340,13.410000000001148,0.13991645578898768,0.07697101258199726,0.07678142083318241,0.017436105757951736,-0.01954170515998472,-0.042037145596238834,0.39921867847442627,-1.224684238433838,-3.0,-3.0,True,3.8390710416591207,0.0,-1.2014955282211304,0.0,0.022741624,0.022741624,29.93362277,False,False,double_contact,True,0,0.0,0.0,0.0
1341,13.420000000001151,0.14066515536096807,0.07716238667409667,0.07697101258199726,0.016864454373717308,-0.019756738081876557,-0.042978332113287554,0.39914342761039734,-1.2321779131889343,-3.0,-3.0,True,3.8485506290998632,0.0,-1.2141913175582886,0.0,0.020078888000000003,0.020078888000000003,29.935668506,False,False,double_contact,True,0,0.0,0.0,0.0
1342,13.430000000001154,0.1414210805256692,0.07735540230267748,0.07716238667409667,0.017626943066716194,-0.01997047091052923,-0.04394968167532263,0.3990664780139923,-1.244789719581604,-3.0,-3.0,True,3.8581193337048334,0.0,-1.2274235486984253,0.0,0.012594006500000001,0.012594006500000001,29.941753604,False,False,double_contact,True,0,0.0,0.0,0.0
1343,13.440000000001158,0.14218256588572004,0.0775517188212096,0.07735540230267748,0.01793672889471054,-0.020187167954078506,-0.04495682471595104,0.39898771047592163,-1.2583544254302979,-3.0,-3.0,True,3.867770115133874,0.0,-1.240566372871399,0.0,0.0191282615,0.0191282615,29.93754685,False,False,double_contact,True,0,0.0,0.0,0.0
1344,13.450000000001161,0.14295281368034524,0.07774969603996194,0.0775517188212096,0.017212139442563057,-0.020408243128904158,-0.04598457067605393,0.39890819787979126,-1.2689980268478394,-3.0,-3.0,True,3.8775859410604805,0.0,-1.2547150254249573,0.0,0.018498874999999998,0.018498874999999998,29.9370996,False,False,double_contact,True,0,0.0,0.0,0.0
1345,13.460000000001164,0.14373139945518493,0.07794845335127847,0.07774969603996194,0.01798960007727146,-0.020629460908796613,-0.047031361855149174,0.39882686734199524,-1.2828837037086487,-3.0,-3.0,True,3.887484801998097,0.0,-1.2691095471382141,0.0,0.0089019875,0.0089019875,29.94489115,False,False,double_contact,True,0,0.0,0.0,0.0
1346,13.470000000001168,0.14451620108551966,0.07815118736772285,0.07794845335127847,0.018436249345541,-0.020855469206799614,-0.04810661570754642,0.39874354004859924,-1.2993602752685547,-3.0,-3.0,True,3.8974226675639234,0.0,-1.2833252549171448,0.0,0.015898466,0.015898466,29.94010669,False,False,double_contact,True,0,0.0,0.0,0.0
1347,13.480000000001171,0.14531109325566918,0.07835306007569569,0.07815118736772285,0.01740887761116028,-0.021090601129545576,-0.049238218454752895,0.398659348487854,-1.3124645948410034,-3.0,-3.0,True,3.9075593683861425,0.0,-1.2987926602363586,0.0,0.0164306125,0.0164306125,29.938248817,False,False,double_contact,True,0,0.0,0.0,0.0
1348,13.490000000001174,0.14611255555567104,0.07855690314910435,0.07835306007569569,0.01744871586561203,-0.021329417757327464,-0.05043193840817673,0.39857321977615356,-1.327761709690094,-3.0,-3.0,True,3.9176530037847845,0.0,-1.313723623752594,0.0,0.0039911374999999985,0.0039911374999999985,29.9487318,False,False,double_contact,True,0,0.0,0.0,0.0
1349,13.500000000001178,0.1469216896310728,0.07876986060342357,0.07855690314910435,0.01874266192317009,-0.02157093390022926,-0.05171542868983949,0.3984842002391815,-1.3524075150489807,-3.0,-3.0,True,3.9278451574552173,0.0,-1.3291910290718079,0.0,0.006281368499999999,0.006281368499999999,29.94691626,False,False,double_contact,True,0,0.0,0.0,0.0
1350,13.510000000001181,0.14774223008533965,0.07899128858047201,0.07876986060342357,0.019798872992396355,-0.02181613048441824,-0.053089925974453375,0.39839258790016174,-1.371794044971466,-3.0,-3.0,True,3.9384930301711787,0.0,-1.3457536697387695,0.0,0.017478444499999995,0.017478444499999995,29.93735569,False,False,double_contact,True,0,0.0,0.0,0.0
1351,13.520000000001184,0.14857029880881945,0.07921591154211546,0.07899128858047201,0.018961071968078613,-0.022069618007326156,-0.054541273601886826,0.3982999622821808,-1.3768529295921326,-3.0,-3.0,True,3.9495644290236007,0.0,-1.361936330795288,0.0,0.0200645165,0.0200645165,29.93762897,False,False,double_contact,True,0,0.0,0.0,0.0
1352,13.530000000001188,0.14940691021495495,0.0794420109588922,0.07921591154211546,0.019656384363770485,-0.022326740684985528,-0.05605968624707792,0.39820581674575806,-1.3880800604820251,-3.0,-3.0,True,3.960795577105773,0.0,-1.3785436749458313,0.0,0.006388094,0.006388094,29.94888628,False,False,double_contact,True,0,0.0,0.0,0.0
1353,13.540000000001191,0.15024728554798278,0.0796760703333645,0.0794420109588922,0.020305979996919632,-0.022591605793708835,-0.057662627079940104,0.39810967445373535,-1.4030713438987732,-3.0,-3.0,True,3.97210054794461,0.0,-1.3945028185844421,0.0,0.0108629725,0.0108629725,29.948543075,False,False,double_contact,True,0,0.0,0.0,0.0
1354,13.550000000001194,0.15110099478908706,0.07991429176854944,0.0796760703333645,0.019625864923000336,-0.02286154757591574,-0.05934141715311834,0.3980117738246918,-1.4214047193527222,-3.0,-3.0,True,3.983803516668225,0.0,-1.412808895111084,0.0,0.013820483000000001,0.013820483000000001,29.943447456,False,False,double_contact,True,0,0.0,0.0,0.0
1355,13.560000000001198,0.1519606529435673,0.0801550321418767,0.07991429176854944,0.019784122705459595,-0.023132340031326172,-0.06108892561386148,0.3979109525680542,-1.4343368411064148,-3.0,-3.0,True,3.995714588427472,0.0,-1.4301091432571411,0.0,0.0023294690000000007,0.0023294690000000007,29.955520302,False,False,double_contact,True,0,0.0,0.0,0.0
1356,13.570000000001201,0.152828957669883,0.08040389457162803,0.0801550321418767,0.020350024104118347,-0.023405518812383442,-0.06289757960908125,0.39780694246292114,-1.4575291872024536,-3.0,-3.0,True,4.0077516070938355,0.0,-1.4481917023658752,0.0,0.003435157000000001,0.003435157000000001,29.95532284,False,False,double_contact,True,0,0.0,0.0,0.0
1357,13.580000000001204,0.15370921336750343,0.08065993446640563,0.08040389457162803,0.02075544185936451,-0.02368400119374892,-0.06477591781967248,0.39770013093948364,-1.4786158204078674,-3.0,-3.0,True,4.0201947285814015,0.0,-1.4674589037895203,0.0,0.0063910075,0.0063910075,29.95316292,False,False,double_contact,True,0,0.0,0.0,0.0
1358,13.590000000001208,0.15460051981279332,0.08092145940302407,0.08065993446640563,0.021043064072728157,-0.02396863936508887,-0.06671652327980039,0.3975907862186432,-1.4961292147636414,-3.0,-3.0,True,4.032996723320281,0.0,-1.4869719743728638,0.0,0.005986447999999998,0.005986447999999998,29.954324637,False,False,double_contact,True,0,0.0,0.0,0.0
1359,13.600000000001211,0.15550190856202215,0.08118073441011135,0.08092145940302407,0.02082056552171707,-0.024265354337185886,-0.06880324796330597,0.3974788784980774,-1.5137001872062683,-3.0,-3.0,True,4.0460729701512035,0.0,-1.5067309141159058,0.0,0.004379153500000003,0.004379153500000003,29.9565005,False,False,double_contact,True,0,0.0,0.0,0.0
1360,13.610000000001214,0.15640850744568888,0.08145613329922077,0.08118073441011135,0.022453634068369865,-0.024567324260357744,-0.07094984071882039,0.39736422896385193,-1.5322464108467102,-3.0,-3.0,True,4.059036720505568,0.0,-1.5255287289619446,0.0,-0.0006727239999999995,-0.0006727239999999995,29.960961048,False,False,double_contact,True,0,0.0,0.0,0.0
1361,13.620000000001218,0.15733163965973573,0.08173379608258921,0.08145613329922077,0.021997353062033653,-0.024878516086472673,-0.0732060563248047,0.39724647998809814,-1.554402470588684,-3.0,-3.0,True,4.072806664961039,0.0,-1.5475228428840637,0.0,0.011180450500000001,0.011180450500000001,29.952022623,False,False,double_contact,True,0,0.0,0.0,0.0
1362,13.630000000001221,0.15825977149340814,0.08201419721056559,0.08173379608258921,0.02212742157280445,-0.025200072262436098,-0.07558541549211711,0.39712613821029663,-1.5653654336929321,-3.0,-3.0,True,4.086689804129461,0.0,-1.567639410495758,0.0,-0.0008398284999999971,-0.0008398284999999971,29.96267301,False,False,double_contact,True,0,0.0,0.0,0.0
1363,13.640000000001224,0.15919654665476923,0.08231498928648905,0.08201419721056559,0.023931492120027542,-0.02552536875255914,-0.07797163234978348,0.39700254797935486,-1.5872946977615356,-3.0,-3.0,True,4.10070986052828,0.0,-1.5885382890701294,0.0,-0.0024196279999999966,-0.0024196279999999966,29.962432526,False,False,double_contact,True,0,0.0,0.0,0.0
1364,13.650000000001228,0.16015166168004158,0.08261443149558749,0.08231498928648905,0.023243045434355736,-0.025862647780020877,-0.08046630539085055,0.39687588810920715,-1.6097598671913147,-3.0,-3.0,True,4.115749464324452,0.0,-1.6127675771713257,0.0,0.009587548999999999,0.009587548999999999,29.9562589,False,False,double_contact,True,0,0.0,0.0,0.0
1365,13.660000000001231,0.1611108076403408,0.08291534066549999,0.08261443149558749,0.023359281942248344,-0.026212062157892905,-0.08306634228431303,0.39674633741378784,-1.6206434965133667,-3.0,-3.0,True,4.130721574779375,0.0,-1.6341805458068848,0.0,-0.005433615500000001,-0.005433615000000001,29.96023566,False,False,double_contact,True,0,0.0,0.0,0.0
1366,13.670000000001234,0.16207906340434347,0.08322789510821692,0.08291534066549999,0.024569198489189148,-0.026573448917096412,-0.08576378506425,0.3966131806373596,-1.6454815864562988,-3.0,-3.0,True,4.145767033275,0.0,-1.6568005084991455,0.0,-0.0069666985,-0.0069666985,29.95951314,False,False,double_contact,True,0,0.0,0.0,0.0
1367,13.680000000001238,0.1630606469506039,0.08355302109995695,0.08322789510821692,0.025258976966142654,-0.026946445560580585,-0.08855139570660832,0.39647629857063293,-1.6704025864601135,-3.0,-3.0,True,4.1613947554108455,0.0,-1.6812533140182495,0.0,0.0006169489999999986,0.0006169489999999986,29.966782738,False,False,double_contact,True,0,0.0,0.0,0.0
1368,13.690000000001241,0.1640542184445412,0.08388543785954675,0.08355302109995695,0.02549036405980587,-0.027331499730713665,-0.09142275327039544,0.3963359296321869,-1.6871473789215088,-3.0,-3.0,True,4.177651054997847,0.0,-1.706153154373169,0.0,-0.0010563585,-0.0010563585,29.967088953,False,False,double_contact,True,0,0.0,0.0,0.0
1369,13.700000000001245,0.16505753663493217,0.08422487307483821,0.08388543785954675,0.025965694338083267,-0.027729320686049268,-0.09437245579730863,0.3961918354034424,-1.7052205204963684,-3.0,-3.0,True,4.194271892977337,0.0,-1.7311200499534607,0.0,-0.006374274000000001,-0.006374274000000001,29.962317582,False,False,double_contact,True,0,0.0,0.0,0.0
1370,13.710000000001248,0.16607164125394464,0.08457358434179912,0.08422487307483821,0.026633799076080322,-0.028140710637753714,-0.09739608362549475,0.3960437476634979,-1.7277901768684387,-3.0,-3.0,True,4.211243653741911,0.0,-1.7569586634635925,0.0,-0.007815865000000002,-0.007815865000000002,29.961259905,False,False,double_contact,True,0,0.0,0.0,0.0
1371,13.720000000001251,0.16709788092818456,0.08493184281052961,0.08457358434179912,0.027229512110352516,-0.028566598812558998,-0.10049004350842383,0.3958914875984192,-1.7508100867271423,-3.0,-3.0,True,4.228679217089956,0.0,-1.7838925123214722,0.0,-0.008101098000000001,-0.008101098000000001,29.961204864,False,False,double_contact,True,0,0.0,0.0,0.0
1372,13.730000000001255,0.16813626863634512,0.08529918411228207,0.08493184281052961,0.027799999341368675,-0.02900799022181824,-0.10365155323378174,0.3957350254058838,-1.7732241749763489,-3.0,-3.0,True,4.246592140526481,0.0,-1.811586320400238,0.0,-0.0099490785,-0.0099490785,29.95943884,False,False,double_contact,True,0,0.0,0.0,0.0
1373,13.740000000001258,0.16918674406761816,0.08567612505335016,0.08529918411228207,0.028459742665290833,-0.029465889178387664,-0.10687863990515616,0.395574152469635,-1.7965522408485413,-3.0,-3.0,True,4.264959205614104,0.0,-1.8401294946670532,0.0,-0.012270674499999999,-0.012270674499999999,29.957070097,False,False,double_contact,True,0,0.0,0.0,0.0
1374,13.750000000001261,0.17024974176868574,0.08606353195876305,0.08567612505335016,0.029186848551034927,-0.0299412861529086,-0.11017006173314844,0.3954087197780609,-1.8211257457733154,-3.0,-3.0,True,4.2838062526675085,0.0,-1.8695667386054993,0.0,-0.013789098500000001,-0.013789098500000001,29.955394585,False,False,double_contact,True,0,0.0,0.0,0.0
1375,13.760000000001265,0.17132565149346557,0.08646191423665658,0.08606353195876305,0.02993982844054699,-0.030435177671444547,-0.11352521385127773,0.3952385485172272,-1.8460609912872314,-3.0,-3.0,True,4.303176597938153,0.0,-1.9000768661499023,0.0,-0.015360243,-0.015360243,29.95356708,False,False,double_contact,True,0,0.0,0.0,0.0
1376,13.770000000001268,0.1724146101326324,0.08687176050586354,0.08646191423665658,0.030736111104488373,-0.030948563904985155,-0.11694406719322525,0.39506351947784424,-1.8713709115982056,-3.0,-3.0,True,4.3230957118328295,0.0,-1.9315257668495178,0.0,-0.017188236500000002,-0.017188236500000002,29.951394513,False,False,double_contact,True,0,0.0,0.0,0.0
1377,13.780000000001271,0.17351677787633357,0.0872937639390657,0.08687176050586354,0.031593456864356995,-0.03148244290011626,-0.1204271140247487,0.394883394241333,-1.8972329497337341,-3.0,-3.0,True,4.343588025293177,0.0,-1.964069902896881,0.0,-0.019194259499999998,-0.019194259499999998,29.94896777,False,False,double_contact,True,0,0.0,0.0,0.0
1378,13.790000000001275,0.17463237722213004,0.08772868720108823,0.0872937639390657,0.03250691667199135,-0.03203781526488572,-0.12397531044523673,0.39469802379608154,-1.9237343668937683,-3.0,-3.0,True,4.364688196953285,0.0,-1.9976422190666199,0.0,-0.0210330105,-0.0210330105,29.946643658,False,False,double_contact,True,0,0.0,0.0,0.0
1379,13.800000000001278,0.175761607080201,0.08817724686159281,0.08772868720108823,0.033470913767814636,-0.032615696219921164,-0.1275900227597527,0.39450719952583313,-1.9506216049194336,-3.0,-3.0,True,4.386434360054412,0.0,-2.0324215292930603,0.0,-0.023081043000000002,-0.023081043000000002,29.94405379,False,False,double_contact,True,0,0.0,0.0,0.0
1380,13.810000000001281,0.1769046094898445,0.08864023624835915,0.08817724686159281,0.03449626266956329,-0.03321711776500521,-0.13127298811630086,0.39431071281433105,-1.9780218005180359,-3.0,-3.0,True,4.40886234307964,0.0,-2.068363130092621,0.0,-0.025235125,-0.025235125,29.94131007,False,False,double_contact,True,0,0.0,0.0,0.0
1381,13.820000000001285,0.17806155310194424,0.08911850457349826,0.08864023624835915,0.035581525415182114,-0.03384313578662311,-0.13502628047369486,0.39410829544067383,-2.005938768386841,-3.0,-3.0,True,4.432011812417958,0.0,-2.105534076690674,0.0,-0.02743494535,-0.02743494535,29.938480258,False,False,double_contact,True,0,0.0,0.0,0.0
1382,13.830000000001288,0.17923258959174448,0.08961292099977469,0.08911850457349826,0.03672749176621437,-0.03449483752291952,-0.13885228137558753,0.39389967918395996,-2.0343157052993774,-3.0,-3.0,True,4.455925228674913,0.0,-2.1440014243125916,0.0,-0.029770231499999997,-0.029770231499999997,29.935480796,False,False,double_contact,True,0,0.0,0.0,0.0
1383,13.840000000001291,0.1804178486598993,0.09012440953788832,0.08961292099977469,0.037938348948955536,-0.0351733474677715,-0.1427536577977151,0.39368462562561035,-2.063178777694702,-3.0,-3.0,True,4.480646049988735,0.0,-2.1838098764419556,0.0,-0.0322361445,-0.0322361445,29.9323221,False,False,double_contact,True,0,0.0,0.0,0.0
1384,13.850000000001295,0.18161745729819317,0.09065396365017381,0.09012440953788832,0.03921870142221451,-0.035879833217641696,-0.14673334651701136,0.3934628367424011,-2.0925384759902954,-3.0,-3.0,True,4.506220476894416,0.0,-2.225048840045929,0.0,-0.0348585839,-0.0348585839,29.92898327,False,False,double_contact,True,0,0.0,0.0,0.0
1385,13.860000000001298,0.1828315375963256,0.0912026298725051,0.09065396365017381,0.0405694879591465,-0.03661551445649533,-0.1507945410445657,0.3932339549064636,-2.122421383857727,-3.0,-3.0,True,4.532698182508691,0.0,-2.2677406668663025,0.0,-0.0375583332,-0.03755833315,29.925547644,False,False,double_contact,True,0,0.0,0.0,0.0
1386,13.870000000001301,0.18406019465089185,0.0917714955035606,0.0912026298725051,0.04199278727173805,-0.03738167123724149,-0.15494068294246938,0.3929976224899292,-2.1527658700942993,-3.0,-3.0,True,4.5601314936252555,0.0,-2.31199711561203,0.0,-0.04045351265,-0.04045351265,29.92190073,False,False,double_contact,True,0,0.0,0.0,0.0
1387,13.880000000001305,0.18530350926676725,0.09236170903352758,0.0917714955035606,0.04349152743816376,-0.0381796502915964,-0.1591754597066843,0.3927534520626068,-2.1836196184158325,-3.0,-3.0,True,4.588574775178031,0.0,-2.3578181862831116,0.0,-0.0434451242,-0.0434451242,29.91814463,False,False,double_contact,True,0,0.0,0.0,0.0
1388,13.890000000001308,0.1865615467914568,0.09297448025648666,0.09236170903352758,0.04506943002343178,-0.03901087477577615,-0.16350280472332038,0.3925010561943054,-2.2149161100387573,-3.0,-3.0,True,4.618085451676379,0.0,-2.4053603410720825,0.0,-0.0466883413,-0.0466883413,29.91412667,False,False,double_contact,True,0,0.0,0.0,0.0
1389,13.900000000001311,0.18783434935718257,0.09361111448890302,0.09297448025648666,0.04673304036259651,-0.03987685363681422,-0.16792690337690114,0.3922399580478668,-2.24673330783844,-3.0,-3.0,True,4.648724012824333,0.0,-2.4546459317207336,0.0,-0.0500762775,-0.0500762775,29.90995672,False,False,double_contact,True,0,0.0,0.0,0.0
1390,13.910000000001315,0.18912195176235075,0.09427298528358498,0.09361111448890302,0.04848352074623108,-0.04077919141531058,-0.17245220158268135,0.39196962118148804,-2.2790220975875854,-3.0,-3.0,True,4.680555724445151,0.0,-2.505786716938019,0.0,-0.0536517805,-0.0536517805,29.90559384,False,False,double_contact,True,0,0.0,0.0,0.0
1391,13.920000000001318,0.190424351041689,0.09496153781725244,0.09427298528358498,0.050324879586696625,-0.04171959967032485,-0.17708341722143092,0.39168956875801086,-2.311765670776367,-3.0,-3.0,True,4.713649264179249,0.0,-2.5588497519493103,0.0,-0.0574323605,-0.0574323605,29.90102237,False,False,double_contact,True,0,0.0,0.0,0.0
1392,13.930000000001321,0.19174151179717588,0.0956783106675646,0.09496153781725244,0.052262455224990845,-0.04269990846310528,-0.18182555605240958,0.39139917492866516,-2.344944953918457,-3.0,-3.0,True,4.748076890862622,0.0,-2.613946795463562,0.0,-0.061464228,-0.061464228,29.89619776,False,False,double_contact,True,0,0.0,0.0,0.0
1393,13.940000000001325,0.19307336811068387,0.09642494170940502,0.0956783106675646,0.05430048704147339,-0.04372208096238055,-0.18668393254630508,0.3910977840423584,-2.3785667419433594,-3.0,-3.0,True,4.78391553337823,0.0,-2.6711449027061462,0.0,-0.06570308,-0.06570308,29.891166404,False,False,double_contact,True,0,0.0,0.0,0.0
1394,13.950000000001328,0.19441981701948746,0.09720316818559911,0.09642494170940502,0.05644381418824196,-0.04478822837778421,-0.19166419461131481,0.39078471064567566,-2.4125715494155884,-3.0,-3.0,True,4.821247085470251,0.0,-2.7305781841278076,0.0,-0.070233181,-0.070233181,29.88584517,False,False,double_contact,True,0,0.0,0.0,0.0
1395,13.960000000001331,0.19578070819959956,0.09727321916243524,0.09720316818559911,-0.0760844498872757,-0.04496472382335462,-0.19638521461698585,0.3904629945755005,-2.446960926055908,-3.0,-3.0,True,4.860158409279956,0.0,-2.7923360466957092,0.0,-0.075037715,-0.075037715,29.88025272,False,False,double_contact,True,0,0.0,0.0,0.0
1396,13.970000000001335,0.19714916153837603,0.09673015859610772,0.09727321916243524,-0.06061173230409622,-0.0435647328764609,-0.20028190103733065,0.3901137709617615,-2.4445019960403442,-3.0,-3.0,True,4.863660958121762,0.0,-2.8466060757637024,0.0,-1.4704073,-1.4704073,28.495472200000002,False,False,double_contact,True,0,0.0,0.0,0.0
1397,13.980000000001338,0.19871657962834122,0.09651228033265155,0.09673015859610772,-0.017125919461250305,-0.041452087214659324,-0.20326741710946447,0.3897109627723694,-3.7593477964401245,-3.0,-3.0,True,4.836507929805386,0.0,-2.9205232858657837,0.0,-0.78396654,-0.78396654,29.20655316,False,False,double_contact,True,0,0.0,0.0,0.0
1398,13.990000000001341,0.20072129606662986,0.09636967625472519,0.09651228033265155,-0.025717774406075478,-0.03926430369120992,-0.20528827960057136,0.38930264115333557,-4.349170923233032,-3.0,-3.0,True,4.825614016632578,0.0,-3.043927252292633,0.0,-0.22962939500000001,-0.2296294,29.7126243,False,False,double_contact,True,0,0.0,0.0,0.0
1399,14.000000000001345,0.2029011289505801,0.09602631226442129,0.09636967625472519,-0.04542817547917366,-0.037342156572928734,-0.2063862956462581,0.3889140188694,-4.427184343338013,-3.0,-3.0,True,4.818483812736259,0.0,-3.1057074666023254,0.0,-0.36604506000000003,-0.36604506000000003,29.54495198,False,False,double_contact,True,0,0.0,0.0,0.0
1400,14.010000000001348,0.20514431917689263,0.09560086584733854,0.09602631226442129,-0.04105576500296593,-0.03568632977044775,-0.20663638023742736,0.38853248953819275,-4.659691572189331,-3.0,-3.0,True,4.801315613221065,0.0,-3.1428784132003784,0.0,-0.5136248999999999,-0.5136248999999999,29.3844737,False,False,double_contact,True,0,0.0,0.0,0.0
1401,14.020000000001351,0.20751239390292292,0.09528077099190492,0.09560086584733854,-0.023074204102158546,-0.03418679953695359,-0.20612903510452163,0.38814613223075867,-5.015377759933472,-3.0,-3.0,True,4.780043292366927,0.0,-3.2047033309936523,0.0,-0.39576325,-0.39576325,29.502169639999998,False,False,double_contact,True,0,0.0,0.0,0.0
1402,14.030000000001355,0.21002147262789772,0.09508468984311061,0.09528077099190492,-0.011119585484266281,-0.032796592133052256,-0.20496884820240183,0.38775843381881714,-5.232577085494995,-3.0,-3.0,True,4.764038549595246,0.0,-3.2835379242897034,0.0,-0.22846551999999998,-0.228465535,29.67751753,False,False,double_contact,True,0,0.0,0.0,0.0
1403,14.040000000001358,0.21261227041347852,0.09494284259903712,0.09508468984311061,-0.006994285155087709,-0.0315202637132037,-0.20326014841277876,0.38737648725509644,-5.2849836349487305,-3.0,-3.0,True,4.754234492155531,0.0,-3.356069326400757,0.0,-0.18922865,-0.18922865,29.72957003,False,False,double_contact,True,0,0.0,0.0,0.0
1404,14.050000000001361,0.21523653422453304,0.09482881068143127,0.09494284259903712,-0.002866869093850255,-0.03035067410039597,-0.2010921659022149,0.38700130581855774,-5.308263301849365,-3.0,-3.0,True,4.747142129951857,0.0,-3.4190118312835693,0.0,-0.22735152000000003,-0.22735152000000003,29.7057785,False,False,double_contact,True,0,0.0,0.0,0.0
1405,14.060000000001365,0.2178926890790923,0.09476506907922827,0.09482881068143127,0.004223878961056471,-0.02926063221514244,-0.198537070561458,0.3866302967071533,-5.3734869956970215,-3.0,-3.0,True,4.741440534071564,0.0,-3.4816861152648926,0.0,-0.242732815,-0.242732815,29.70396727,False,False,double_contact,True,0,0.0,0.0,0.0
1406,14.070000000001368,0.2205948709584966,0.09476831998858382,0.09476506907922827,0.01168538723140955,-0.02822943773515594,-0.19565609852578597,0.38626235723495483,-5.45374608039856,-3.0,-3.0,True,4.738253453961414,0.0,-3.5482943058013916,0.0,-0.223693785,-0.223693785,29.73502797,False,False,double_contact,True,0,0.0,0.0,0.0
1407,14.080000000001371,0.22334526569443663,0.09483075027815406,0.09476831998858382,0.017383545637130737,-0.02725065491177916,-0.1925025502035827,0.38589802384376526,-5.516684055328369,-3.0,-3.0,True,4.738415999429191,0.0,-3.616020083427429,0.0,-0.2077482,-0.2077482,29.7615268,False,False,double_contact,True,0,0.0,0.0,0.0
1408,14.090000000001375,0.22613780342909284,0.0949403456021913,0.09483075027815406,0.02204308658838272,-0.026320940310334506,-0.1891211520639976,0.3855377733707428,-5.567896366119385,-3.0,-3.0,True,4.741537513907703,0.0,-3.682047128677368,0.0,-0.210075025,-0.210075025,29.76843917,False,False,double_contact,True,0,0.0,0.0,0.0
1409,14.100000000001378,0.2289704150113762,0.09509538379796274,0.0949403456021913,0.02685518004000187,-0.0254333354461521,-0.18554823956824368,0.3851810395717621,-5.625380754470825,-3.0,-3.0,True,4.747017280109565,0.0,-3.746822476387024,0.0,-0.21562478000000002,-0.21562478000000002,29.77082387,False,False,double_contact,True,0,0.0,0.0,0.0
1410,14.110000000001381,0.23184625642363957,0.09529820448498942,0.09509538379796274,0.03176538646221161,-0.024580239077765294,-0.1818138119951471,0.3848271369934082,-5.691116571426392,-3.0,-3.0,True,4.754769189898137,0.0,-3.8116425275802612,0.0,-0.21331076,-0.21331076,29.77987035,False,False,double_contact,True,0,0.0,0.0,0.0
1411,14.120000000001385,0.23476785357015173,0.09554728825252347,0.09529820448498942,0.03624531999230385,-0.023757323269306494,-0.17794355680961282,0.38447585701942444,-5.757085084915161,-3.0,-3.0,True,4.764910224249471,0.0,-3.8764402270317078,0.0,-0.20748033999999999,-0.20748033999999999,29.79144904,False,False,double_contact,True,0,0.0,0.0,0.0
1412,14.130000000001388,0.2377350198845477,0.09583855193915583,0.09554728825252347,0.04024358466267586,-0.022963079901828564,-0.1739598452995553,0.38412702083587646,-5.820319175720215,-3.0,-3.0,True,4.777364412626174,0.0,-3.9405226707458496,0.0,-0.20405303,-0.20405303,29.79204525,False,False,double_contact,True,0,0.0,0.0,0.0
1413,14.140000000001391,0.24074706462397677,0.09616928102514716,0.09583855193915583,0.04401790723204613,-0.022196596685824292,-0.1698821956802973,0.38378044962882996,-5.883436441421509,-3.0,-3.0,True,4.791927596957792,0.0,-4.003532230854034,0.0,-0.20196131,-0.20196131,29.78980288,False,False,double_contact,True,0,0.0,0.0,0.0
1414,14.150000000001395,0.2438041558120724,0.09653831135427379,0.09616928102514716,0.047666698694229126,-0.02145681085125282,-0.16572783060271182,0.38343575596809387,-5.9476072788238525,-3.0,-3.0,True,4.808464051257358,0.0,-4.0657371282577515,0.0,-0.198536065,-0.198536065,29.78942463,False,False,double_contact,True,0,0.0,0.0,0.0
1415,14.160000000001398,0.24690655449482946,0.09694426103903202,0.09653831135427379,0.05111018940806389,-0.02074286790360068,-0.16151224762111127,0.3830926716327667,-6.011416673660278,-3.0,-3.0,True,4.82691556771369,0.0,-4.12711501121521,0.0,-0.19352913,-0.19352913,29.79105532,False,False,double_contact,True,0,0.0,0.0,0.0
1416,14.170000000001401,0.25005386563268506,0.09738500246792661,0.09694426103903202,0.05429356172680855,-0.02005422162005673,-0.15724955645259062,0.3827510178089142,-6.073385000228882,-3.0,-3.0,True,4.847213051951601,0.0,-4.1875094175338745,0.0,-0.18833844,-0.18833844,29.79321142,False,False,double_contact,True,0,0.0,0.0,0.0
1417,14.180000000001405,0.25324522153641116,0.09785836037965079,0.09738500246792661,0.0572519414126873,-0.019390306256657837,-0.15295261055306805,0.38241055607795715,-6.133440017700195,-3.0,-3.0,True,4.869250123396331,0.0,-4.246830940246582,0.0,-0.18353550000000002,-0.18353550000000002,29.79526885,False,False,double_contact,True,0,0.0,0.0,0.0
1418,14.190000000001408,0.256479754013499,0.09836245068179533,0.09785836037965079,0.06001485884189606,-0.018750342343463868,-0.14863310619899398,0.38207104802131653,-6.191992521286011,-3.0,-3.0,True,4.89291801898254,0.0,-4.304923117160797,0.0,-0.178463805,-0.178463805,29.79785539,False,False,double_contact,True,0,0.0,0.0,0.0
1419,14.200000000001411,0.25975662981746883,0.09889536494549528,0.09836245068179533,0.06256775557994843,-0.018133442645555976,-0.14430171207790568,0.3817322850227356,-6.24877667427063,-3.0,-3.0,True,4.9181225340897665,0.0,-4.361830651760101,0.0,-0.17311474500000001,-0.17311474500000001,29.80095807,False,False,double_contact,True,0,0.0,0.0,0.0
1420,14.210000000001415,0.26307486981073325,0.0994550125358912,0.09889536494549528,0.06489647924900055,-0.017538696789514294,-0.13996816920546962,0.38139405846595764,-6.303555250167847,-3.0,-3.0,True,4.944768247274764,0.0,-4.41741943359375,0.0,-0.16766914500000002,-0.16766914500000002,29.80437878,False,False,double_contact,True,0,0.0,0.0,0.0
1421,14.220000000001418,0.26643338007540174,0.10003923603211934,0.0994550125358912,0.06700427085161209,-0.016965154437313914,-0.1356413523047145,0.38105618953704834,-6.356269121170044,-3.0,-3.0,True,4.97275062679456,0.0,-4.471644759178162,0.0,-0.162343025,-0.162343025,29.80788958,False,False,double_contact,True,0,0.0,0.0,0.0
1422,14.230000000001422,0.26983103771428973,0.10064593521690006,0.10003923603211934,0.0689016729593277,-0.016411792596229057,-0.13132932393923236,0.38071849942207336,-6.407054662704468,-3.0,-3.0,True,5.001961801605967,0.0,-4.524439573287964,0.0,-0.15705426,-0.15705426,29.81156425,False,False,double_contact,True,0,0.0,0.0,0.0
1423,14.240000000001425,0.27326673398134815,0.10127303421263498,0.10064593521690006,0.07058929651975632,-0.01587753460443089,-0.12703939837901132,0.380380779504776,-6.4559485912323,-3.0,-3.0,True,5.032296760845003,0.0,-4.575759172439575,0.0,-0.15172444000000002,-0.15172444000000002,29.81547286,False,False,double_contact,True,0,0.0,0.0,0.0
1424,14.250000000001428,0.2767393371731294,0.10191841869257538,0.10127303421263498,0.07206347584724426,-0.015361284177925254,-0.1227782048101767,0.3800428807735443,-6.5029120445251465,-3.0,-3.0,True,5.063651710631749,0.0,-4.6255141496658325,0.0,-0.146351505,-0.146351505,29.81960852,False,False,double_contact,True,0,0.0,0.0,0.0
1425,14.260000000001432,0.2802476711676445,0.10257998334796177,0.10191841869257538,0.07333119213581085,-0.014861928164054792,-0.11855173800842317,0.37970465421676636,-6.547902822494507,-3.0,-3.0,True,5.0959209346287695,0.0,-4.673749208450317,0.0,-0.14115851000000001,-0.14115851000000001,29.823739,False,False,double_contact,True,0,0.0,0.0,0.0
1426,14.270000000001435,0.28379055364065087,0.1032556650025628,0.10257998334796177,0.07439499348402023,-0.014378326714999825,-0.11436540687405689,0.3793659210205078,-6.591089725494385,-3.0,-3.0,True,5.128999167398089,0.0,-4.720240831375122,0.0,-0.135798488,-0.135798488,29.82820341,False,False,double_contact,True,0,0.0,0.0,0.0
1427,14.280000000001438,0.28736679763244266,0.1039433965137278,0.1032556650025628,0.07525624334812164,-0.013909344927179618,-0.11022408743589465,0.3790266215801239,-6.632291078567505,-3.0,-3.0,True,5.16278325012814,0.0,-4.765123128890991,0.0,-0.130618785,-0.130618785,29.83264413,False,False,double_contact,True,0,0.0,0.0,0.0
1428,14.290000000001442,0.2909751760654462,0.10464118995564387,0.1039433965137278,0.07592681050300598,-0.013453837954324078,-0.10613215991734723,0.3786865770816803,-6.671675443649292,-3.0,-3.0,True,5.19716982568639,0.0,-4.80826199054718,0.0,-0.125446005,-0.125446005,29.83722635,False,False,double_contact,True,0,0.0,0.0,0.0
1429,14.300000000001445,0.29461448915417965,0.10534711402389245,0.10464118995564387,0.0764097273349762,-0.013010663286718011,-0.10209355301093584,0.3783457279205322,-6.709223031997681,-3.0,-3.0,True,5.232059497782194,0.0,-4.849657416343689,0.0,-0.12027077,-0.12027077,29.84195049,False,False,double_contact,True,0,0.0,0.0,0.0
1430,14.310000000001448,0.2982835145088662,0.1060592535455733,0.10534711402389245,0.07670631259679794,-0.01257870457839462,-0.0981117871427721,0.37800395488739014,-6.74491024017334,-3.0,-3.0,True,5.267355701194623,0.0,-4.8892199993133545,0.0,-0.1150519075,-0.1150519075,29.84684856,False,False,double_contact,True,0,0.0,0.0,0.0
1431,14.320000000001452,0.30198099890972296,0.10677572574326004,0.1060592535455733,0.07682210952043533,-0.012156878030754258,-0.09419000928116603,0.37766122817993164,-6.7786736488342285,-3.0,-3.0,True,5.302962677278665,0.0,-4.926949739456177,0.0,-0.10990369,-0.10990369,29.85179675,False,False,double_contact,True,0,0.0,0.0,0.0
1432,14.330000000001455,0.30570566798923016,0.10749473611986374,0.10677572574326004,0.07676796615123749,-0.011744126011237343,-0.09033102226452819,0.37731751799583435,-6.810561656951904,-3.0,-3.0,True,5.338786287163002,0.0,-4.962801933288574,0.0,-0.10478103,-0.10478103,29.85683215,False,False,double_contact,True,0,0.0,0.0,0.0
1433,14.340000000001458,0.3094562513343212,0.10821457968158081,0.10749473611986374,0.07655195891857147,-0.011339423850287062,-0.08653731515078718,0.3769727349281311,-6.840571403503418,-3.0,-3.0,True,5.374736805993187,0.0,-4.996776580810547,0.0,-0.0996666065,-0.0996666065,29.8619635,False,False,double_contact,True,0,0.0,0.0,0.0
1434,14.350000000001462,0.3132314675661044,0.10893361856004005,0.10821457968158081,0.07617999613285065,-0.010941793108592552,-0.08281109117693694,0.3766269385814667,-6.868684768676758,-3.0,-3.0,True,5.41072898407904,0.0,-5.028828978538513,0.0,-0.094514346,-0.094514346,29.86722901,False,False,double_contact,True,0,0.0,0.0,0.0
1435,14.360000000001465,0.3170300125979869,0.10965024814213228,0.10893361856004005,0.07565373927354813,-0.010550315135874226,-0.0791542959824909,0.3762800991535187,-6.894839763641357,-3.0,-3.0,True,5.446680928002003,0.0,-5.05886971950531,0.0,-0.089258855,-0.089258855,29.8726862,False,False,double_contact,True,0,0.0,0.0,0.0
1436,14.370000000001468,0.3208505364747983,0.11036291387489484,0.10965024814213228,0.07498126477003098,-0.010164137834446264,-0.07556863892205073,0.3759323060512543,-6.918914079666138,-3.0,-3.0,True,5.482512407106614,0.0,-5.086943507194519,0.0,-0.08408450249999999,-0.08408450249999999,29.878142245,False,False,double_contact,True,0,0.0,0.0,0.0
1437,14.380000000001472,0.3246916589467512,0.11107017026634194,0.11036291387489484,0.07417427748441696,-0.009782462616856415,-0.07205560833947487,0.37558355927467346,-6.940967798233032,-3.0,-3.0,True,5.518145693744742,0.0,-5.112960934638977,0.0,-0.078839005,-0.078839005,29.8837437,False,False,double_contact,True,0,0.0,0.0,0.0
1438,14.390000000001475,0.3285519957070207,0.11177065589876214,0.11107017026634194,0.07323973625898361,-0.009404554437582442,-0.06861648878806499,0.3752339780330658,-6.960904836654663,-3.0,-3.0,True,5.553508513317097,0.0,-5.136966705322266,0.0,-0.0735852335,-0.0735852335,29.88942043,False,False,double_contact,True,0,0.0,0.0,0.0
1439,14.400000000001478,0.3324301270709999,0.11246309631189005,0.11177065589876214,0.07218709588050842,-0.009029745025857842,-0.06525237533511269,0.37488362193107605,-6.978697299957275,-3.0,-3.0,True,5.588532794938107,0.0,-5.158916115760803,0.0,-0.0682760125,-0.0682760125,29.89521376,False,False,double_contact,True,0,0.0,0.0,0.0
1440,14.410000000001482,0.336324608813101,0.113146247308492,0.11246309631189005,0.07101472467184067,-0.00865744199782443,-0.06196419131466826,0.37453263998031616,-6.99427056312561,-3.0,-3.0,True,5.623154815594503,0.0,-5.178675055503845,0.0,-0.0627390155,-0.0627390155,29.90129018,False,False,double_contact,True,0,0.0,0.0,0.0
1441,14.420000000001485,0.3402339290533176,0.11381891289557178,0.113146247308492,0.06973374634981155,-0.008287129199947191,-0.05875269687854745,0.37418118119239807,-7.007386684417725,-3.0,-3.0,True,5.6573123654246,0.0,-5.196422338485718,0.0,-0.057410165,-0.057410165,29.907207325,False,False,double_contact,True,0,0.0,0.0,0.0
1442,14.430000000001488,0.3441565383319062,0.11448002748943266,0.11381891289557178,0.06835535168647766,-0.007918340137920215,-0.055618489394117974,0.3738293945789337,-7.018240451812744,-3.0,-3.0,True,5.690945644778589,0.0,-5.211889743804932,0.0,-0.05178299,-0.05178299,29.91346798,False,False,double_contact,True,0,0.0,0.0,0.0
1443,14.440000000001492,0.34809088444450487,0.11512853167407418,0.11448002748943266,0.06687584519386292,-0.007550696090212228,-0.05256202374387978,0.37347742915153503,-7.026515007019043,-3.0,-3.0,True,5.724001374471633,0.0,-5.2252113819122314,0.0,-0.046136113,-0.046136113,29.91978839,False,False,double_contact,True,0,0.0,0.0,0.0
1444,14.450000000001495,0.352035317921068,0.11576346316391488,0.11512853167407418,0.0653131976723671,-0.007183895206541295,-0.049583613484449264,0.37312549352645874,-7.032190799713135,-3.0,-3.0,True,5.756426583703709,0.0,-5.236387252807617,0.0,-0.0405692375,-0.0405692375,29.92606408,False,False,double_contact,True,0,0.0,0.0,0.0
1445,14.460000000001498,0.355988191718158,0.11638395711889252,0.11576346316391488,0.0636700838804245,-0.006817698063392908,-0.04668343663073624,0.37277382612228394,-7.035332918167114,-3.0,-3.0,True,5.788173158195744,0.0,-5.245238542556763,0.0,-0.03467979425,-0.03467979425,29.93269489,False,False,double_contact,True,0,0.0,0.0,0.0
1446,14.470000000001502,0.359947817469481,0.11698914001312527,0.11638395711889252,0.061945896595716476,-0.006451951125043958,-0.04386154821830994,0.37242257595062256,-7.0356128215789795,-3.0,-3.0,True,5.819197855944626,0.0,-5.251899361610413,0.0,-0.028827376499999998,-0.028827376499999998,29.939316206,False,False,double_contact,True,0,0.0,0.0,0.0
1447,14.480000000001505,0.36391241555548,0.11757821595235601,0.11698914001312527,0.060152262449264526,-0.006086565182529945,-0.04111787913024134,0.3720720708370209,-7.033071041107178,-3.0,-3.0,True,5.849457000656264,0.0,-5.256235599517822,0.0,-0.0228626465,-0.0228626465,29.946074273,False,False,double_contact,True,0,0.0,0.0,0.0
1448,14.490000000001508,0.3678801931633311,0.11815044231734892,0.11757821595235601,0.058290861546993256,-0.00572151124077552,-0.03845224136837531,0.3717224895954132,-7.027588844299316,-3.0,-3.0,True,5.8789107976178006,0.0,-5.258247256278992,0.0,-0.016768496,-0.0167684955,29.95298334,False,False,double_contact,True,0,0.0,0.0,0.0
1449,14.500000000001512,0.3718492982506805,0.11870514446557241,0.11815044231734892,0.05637265369296074,-0.005356818194523949,-0.03586432973657557,0.37137410044670105,-7.019039630889893,-3.0,-3.0,True,5.907522115867446,0.0,-5.258023738861084,0.0,-0.0107477715,-0.0107477715,29.959837098,False,False,double_contact,True,0,0.0,0.0,0.0
1450,14.510000000001515,0.37581785222635483,0.11924170598707903,0.11870514446557241,0.05439804866909981,-0.004992561250177765,-0.033353727263534735,0.3710272014141083,-7.00749397277832,-3.0,-3.0,True,5.9352572232786205,0.0,-5.255341529846191,0.0,-0.004391293999999999,-0.004391293999999999,29.967042822,False,False,double_contact,True,0,0.0,0.0,0.0
1451,14.520000000001518,0.3797839351492561,0.1197594588762828,0.11924170598707903,0.0523611344397068,-0.004628477583606218,-0.030919791071844522,0.370682030916214,-6.992620944976807,-3.0,-3.0,True,5.9620852993539515,0.0,-5.25037944316864,0.0,0.0018703339999999995,0.0018703339999999995,29.970425427,False,False,double_contact,True,0,0.0,0.0,0.0
1452,14.530000000001522,0.3837455431570794,0.12025787747049908,0.1197594588762828,0.05028921365737915,-0.004263556914234401,-0.028561661365435094,0.3703388571739197,-6.974485874176025,-3.0,-3.0,True,5.98797294381414,0.0,-5.2430033683776855,0.0,0.008156068499999999,0.008156068499999999,29.96499013,False,False,double_contact,True,0,0.0,0.0,0.0
1453,14.540000000001525,0.3877006800124345,0.12073627495296796,0.12025787747049908,0.048130691051483154,-0.003898093915274408,-0.026278859050831837,0.36999794840812683,-6.953044414520264,-3.0,-3.0,True,6.012893873524954,0.0,-5.233213305473328,0.0,0.014690477,0.0146904775,29.959275406,False,False,double_contact,True,0,0.0,0.0,0.0
1454,14.550000000001528,0.3916473108049079,0.1211935661260622,0.12073627495296796,0.045864664018154144,-0.00353262947672406,-0.02407073902606558,0.36965954303741455,-6.928157329559326,-3.0,-3.0,True,6.036813747648398,0.0,-5.221009254455566,0.0,0.020853650350000003,0.0208536505,29.95394336,False,False,double_contact,True,0,0.0,0.0,0.0
1455,14.560000000001532,0.39558340751819354,0.12162918981048347,0.1211935661260622,0.04358486086130142,-0.0031676337974942325,-0.021936429894823792,0.36932384967803955,-6.900205612182617,-3.0,-3.0,True,6.05967830630311,0.0,-5.20634651184082,0.0,0.026632402700000002,0.026632403,29.949018147,False,False,double_contact,True,0,0.0,0.0,0.0
1456,14.570000000001535,0.3995071194264744,0.12204305053464047,0.12162918981048347,0.04130449891090393,-0.0028034868425368133,-0.019874915761883435,0.36899107694625854,-6.869508266448975,-3.0,-3.0,True,6.081459490524174,0.0,-5.189314484596252,0.0,0.032976252750000004,0.032976252750000004,29.94354667,False,False,double_contact,True,0,0.0,0.0,0.0
1457,14.580000000001538,0.40341659788444384,0.12243486099478441,0.12204305053464047,0.03898647055029869,-0.002440597264396015,-0.01788509996920397,0.3686615526676178,-6.835481643676758,-3.0,-3.0,True,6.102152526732024,0.0,-5.169868469238281,0.0,0.0397803785,0.0397803785,29.937624454,False,False,double_contact,True,0,0.0,0.0,0.0
1458,14.590000000001542,0.40730974417175514,0.12280416003670813,0.12243486099478441,0.036628346890211105,-0.0020794310528769954,-0.015965820575507283,0.368335485458374,-6.797699689865112,-3.0,-3.0,True,6.121743049739221,0.0,-5.148053169250488,0.0,0.046386708,0.046386708,29.9319023,False,False,double_contact,True,0,0.0,0.0,0.0
1459,14.600000000001545,0.41118436401297553,0.12315061217442932,0.12280416003670813,0.03425318002700806,-0.0017204558042607251,-0.014115851532674372,0.3680131435394287,-6.756377458572388,-3.0,-3.0,True,6.140208001835407,0.0,-5.123689770698547,0.0,0.0530938375,0.0530938375,29.926079705,False,False,double_contact,True,0,0.0,0.0,0.0
1460,14.610000000001548,0.41503830535966213,0.12347414808950097,0.12315061217442932,0.03188156709074974,-0.0013641167034016144,-0.012333863075979527,0.36769479513168335,-6.7113893032073975,-3.0,-3.0,True,6.1575306087214665,0.0,-5.096957087516785,0.0,0.059814275,0.059814275,29.92025453,False,False,double_contact,True,0,0.0,0.0,0.0
1461,14.620000000001552,0.41886937199555385,0.12377458438900375,0.12347414808950097,0.029484884813427925,-0.0010107038760177507,-0.010618181793393236,0.36738064885139465,-6.662669658660889,-3.0,-3.0,True,6.173707404475048,0.0,-5.067765712738037,0.0,0.06683695249999999,0.06683695249999999,29.91416967,False,False,double_contact,True,0,0.0,0.0,0.0
1462,14.630000000001555,0.4226753119533066,0.12405133341813789,0.12377458438900375,0.027019206434488297,-0.0006605622260946913,-0.008967162111383311,0.36707091331481934,-6.609990835189819,-3.0,-3.0,True,6.188729219450187,0.0,-5.036115646362305,0.0,0.0737526245,0.0737526245,29.908185855,False,False,double_contact,True,0,0.0,0.0,0.0
1463,14.640000000001558,0.42645381542020433,0.1243038056548661,0.12405133341813789,0.0245114266872406,-0.00031407693184855247,-0.007379253118586604,0.3667658269405365,-6.5535125732421875,-3.0,-3.0,True,6.2025666709068945,0.0,-5.002006888389587,0.0,0.08017250249999999,0.08017250249999999,29.902672805,False,False,double_contact,True,0,0.0,0.0,0.0
1464,14.650000000001562,0.4302027042926194,0.12453172250483237,0.1243038056548661,0.021992072463035583,2.8409069266124698e-05,-0.005852914696743061,0.3664655387401581,-6.4937217235565186,-3.0,-3.0,True,6.215190282743305,0.0,-4.965484142303467,0.0,0.08651989,0.08651989,29.89720864,False,False,double_contact,True,0,0.0,0.0,0.0
1465,14.660000000001565,0.43391996329377935,0.1247348867788466,0.12453172250483237,0.019454695284366608,0.000366584216174158,-0.004386605595144786,0.3661702871322632,-6.4306652545928955,-3.0,-3.0,True,6.226586125241618,0.0,-4.926592111587524,0.0,0.093049995,0.093049995,29.89154018,False,False,double_contact,True,0,0.0,0.0,0.0
1466,14.670000000001568,0.4376035666130729,0.12491297737690119,0.1247348867788466,0.01688389666378498,0.0007001342044814413,-0.0029787865649903815,0.3658802807331085,-6.3641602993011475,-3.0,-3.0,True,6.23674433894233,0.0,-4.885286092758179,0.0,0.0996566475,0.0996566475,29.885774665,False,False,double_contact,True,0,0.0,0.0,0.0
1467,14.680000000001572,0.4412514230818708,0.125065660458958,0.12491297737690119,0.014288407750427723,0.001028744071970357,-0.0016279147074275814,0.36559563875198364,-6.294140577316284,-3.0,-3.0,True,6.245648868845059,0.0,-4.841700196266174,0.0,0.105957865,0.105957865,29.8802948,False,False,double_contact,True,0,0.0,0.0,0.0
1468,14.690000000001575,0.4448614777738412,0.1251927036720531,0.125065660458958,0.011676277965307236,0.0013521291747912556,-0.0003324370520594653,0.36531656980514526,-6.22090482711792,-3.0,-3.0,True,6.2532830229479,0.0,-4.795700311660767,0.0,0.112352428,0.112352428,29.8747024,False,False,double_contact,True,0,0.0,0.0,0.0
1469,14.700000000001578,0.4484317503110827,0.12529386546356103,0.1251927036720531,0.009042528457939625,0.0016700219767212293,0.0009092041139309382,0.3650432527065277,-6.144345045089722,-3.0,-3.0,True,6.259635183602655,0.0,-4.747465252876282,0.0,0.11861681700000001,0.11861681700000001,29.86922085,False,False,double_contact,True,0,0.0,0.0,0.0
1470,14.710000000001582,0.4519602576249875,0.12536894097415993,0.12529386546356103,0.006395367439836264,0.001982173930484967,0.002098569287860825,0.3647758364677429,-6.064587593078613,-3.0,-3.0,True,6.264693273178051,0.0,-4.69699501991272,0.0,0.12475233,0.12475233,29.86384864,False,False,double_contact,True,0,0.0,0.0,0.0
1471,14.720000000001585,0.45544507961569747,0.12541772135803275,0.12536894097415993,0.003727565286681056,0.0022883627454952753,0.003237220767977021,0.36451441049575806,-5.9817445278167725,-3.0,-3.0,True,6.268447048707997,0.0,-4.6442002058029175,0.0,0.13100604999999999,0.13100604999999999,29.85833819,False,False,double_contact,True,0,0.0,0.0,0.0
1472,14.730000000001588,0.4588843123962943,0.1254399667535688,0.12541772135803275,0.0010407977970317006,0.002588376519482452,0.004326717255487278,0.36425915360450745,-5.895689487457275,-3.0,-3.0,True,6.270886067901637,0.0,-4.589304327964783,0.0,0.13693402500000001,0.13693402500000001,29.85313322,False,False,double_contact,True,0,0.0,0.0,0.0
1473,14.740000000001592,0.4622760769732349,0.1254355123748666,0.1254399667535688,-0.0016566526610404253,0.0028820343215864314,0.005368614528190844,0.36401015520095825,-5.806734561920166,-3.0,-3.0,True,6.27199833767844,0.0,-4.532173275947571,0.0,0.142875895,0.142875895,29.84789349,False,False,double_contact,True,0,0.0,0.0,0.0
1474,14.750000000001595,0.46561858717153437,0.12540419625912352,0.1254355123748666,-0.0043682558462023735,0.0031691788839308933,0.0063644600501415955,0.3637675344944,-5.714840888977051,-3.0,-3.0,True,6.27177561874333,0.0,-4.472985863685608,0.0,0.14864838000000002,0.14864838000000002,29.84280217,False,False,double_contact,True,0,0.0,0.0,0.0
1475,14.760000000001599,0.46891008186096705,0.12534588497723437,0.12540419625912352,-0.007088123820722103,0.0034496769994067757,0.007315788854425724,0.36353132128715515,-5.620161056518555,-3.0,-3.0,True,6.2702098129561765,0.0,-4.411742091178894,0.0,0.15428499499999998,0.15428499499999998,29.83782502,False,False,double_contact,True,0,0.0,0.0,0.0
1476,14.770000000001602,0.472148872682026,0.1252604363167456,0.12534588497723437,-0.009822377003729343,0.003723422003465558,0.008224121496637132,0.3633016347885132,-5.522804021835327,-3.0,-3.0,True,6.2672942488617185,0.0,-4.348397254943848,0.0,0.159952015,0.159952015,29.83279565,False,False,double_contact,True,0,0.0,0.0,0.0
1477,14.780000000001605,0.4753333024831743,0.1251477014216151,0.1252604363167456,-0.012566430494189262,0.003990322714931323,0.009090959101343853,0.3630785346031189,-5.422718286514282,-3.0,-3.0,True,6.263021815837281,0.0,-4.2831748723983765,0.0,0.165257365,0.165257365,29.82810542,False,False,double_contact,True,0,0.0,0.0,0.0
1478,14.790000000001609,0.47846176804376817,0.12500762183431827,0.1251477014216151,-0.015311072580516338,0.004250334640627183,0.00991779158661032,0.3628619909286499,-5.32023811340332,-3.0,-3.0,True,6.257385071080755,0.0,-4.215985536575317,0.0,0.17052577,0.17052577,29.82343008,False,False,double_contact,True,0,0.0,0.0,0.0
1479,14.800000000001612,0.4815327753145328,0.12484018865791927,0.12500762183431827,-0.018049966543912888,0.004503659594649852,0.010706202343563651,0.36265212297439575,-5.215366840362549,-3.0,-3.0,True,6.250381091715913,0.0,-4.1469186544418335,0.0,0.17572892,0.17572892,29.81879961,False,False,double_contact,True,0,0.0,0.0,0.0
1480,14.810000000001615,0.4845448569969596,0.12438459711316384,0.12484018865791927,-0.07548125088214874,0.004522631529755299,0.011412815830433904,0.3624635636806488,-5.108182191848755,-3.0,-3.0,True,6.242009432895963,0.0,-4.076063632965088,0.0,0.180849355,0.180849355,29.81424387,False,False,double_contact,True,0,0.0,0.0,0.0
1481,14.820000000001619,0.48749613276599957,0.12350179932502377,0.12438459711316384,-0.09443875402212143,0.004174088616336128,0.012025773796953085,0.36234501004219055,-4.9948906898498535,-3.0,-3.0,True,6.219229855658192,0.0,-3.997117280960083,0.0,-0.367627025,-0.367627025,29.6290797,False,False,double_contact,True,0,0.0,0.0,0.0
1482,14.830000000001622,0.49046915683794506,0.12281458855223022,0.12350179932502377,-0.05263502150774002,0.0037439910296584444,0.012604690093864604,0.36228007078170776,-5.357827425003052,-3.0,-3.0,True,6.175089966251188,0.0,-3.92170250415802,0.0,-0.31932053,-0.31932053,29.68012217,False,False,double_contact,True,0,0.0,0.0,0.0
1483,14.840000000001625,0.4935972892859358,0.12243477484618889,0.12281458855223022,-0.029162170365452766,0.003343043734627141,0.013160175103380843,0.36227157711982727,-5.604782342910767,-3.0,-3.0,True,6.140729427611511,0.0,-3.8955509662628174,0.0,0.22270242499999998,0.222702415,29.7769005,False,False,double_contact,True,0,0.0,0.0,0.0
1484,14.850000000001629,0.4967526975847753,0.12213559873150634,0.12243477484618889,-0.029899315908551216,0.00298604376636512,0.013688648311026716,0.3623257875442505,-5.312949180603027,-3.0,-3.0,True,6.121738742309445,0.0,-3.8483887910842896,0.0,0.355406585,0.355406585,29.6445772,False,False,double_contact,True,0,0.0,0.0,0.0
1485,14.860000000001632,0.49974736966895206,0.12182192814894234,0.12213559873150634,-0.031408246606588364,0.002671117478921042,0.014188919610733366,0.3624277412891388,-4.921026706695557,-3.0,-3.0,True,6.106779936575317,0.0,-3.7513375282287598,0.0,0.26651674999999997,0.26651674999999997,29.7328369,False,False,double_contact,True,0,0.0,0.0,0.0
1486,14.870000000001635,0.5025626889514254,0.12151242396284488,0.12182192814894234,-0.030005130916833878,0.002393205850800081,0.014661268066022488,0.3625587522983551,-4.63672947883606,-3.0,-3.0,True,6.091096407447117,0.0,-3.6438703536987305,0.0,0.236884875,0.236884875,29.76190837,False,False,double_contact,True,0,0.0,0.0,0.0
1487,14.880000000001639,0.5052365275187577,0.12120722599407117,0.12151242396284488,-0.03034391812980175,0.002146991902432201,0.015106716483310105,0.3627070486545563,-4.3933141231536865,-3.0,-3.0,True,6.075621198142244,0.0,-3.5431981086730957,0.0,0.247962805,0.247962805,29.75044873,False,False,double_contact,True,0,0.0,0.0,0.0
1488,14.890000000001642,0.5077811801285272,0.120888254196877,0.12120722599407117,-0.03238341584801674,0.001927748694052624,0.015526670955943914,0.36286482214927673,-4.151412010192871,-3.0,-3.0,True,6.060361299703558,0.0,-3.443777561187744,0.0,0.240924715,0.240924715,29.75726688,False,False,double_contact,True,0,0.0,0.0,0.0
1489,14.900000000001645,0.5101996897424224,0.12054804463240912,0.120888254196877,-0.03458866477012634,0.0017314537734762394,0.015922643786394474,0.3630257248878479,-3.928631544113159,-3.0,-3.0,True,6.04441270984385,0.0,-3.343150019645691,0.0,0.227360965,0.227360965,29.7707262,False,False,double_contact,True,0,0.0,0.0,0.0
1490,14.910000000001649,0.5125013136938407,0.12018551195344558,0.12054804463240912,-0.03689662367105484,0.0015547932763593677,0.01629616805643593,0.36318492889404297,-3.729257345199585,-3.0,-3.0,True,6.027402231620456,0.0,-3.243058919906616,0.0,0.222065705,0.222065705,29.7759975,False,False,double_contact,True,0,0.0,0.0,0.0
1491,14.920000000001652,0.514695304646256,0.11979789459993746,0.12018551195344558,-0.03957288712263107,0.0013950891248950931,0.01664875226134828,0.363339364528656,-3.5436887741088867,-3.0,-3.0,True,6.009275597672279,0.0,-3.143996000289917,0.0,0.220159085,0.220159085,29.77793857,False,False,double_contact,True,0,0.0,0.0,0.0
1492,14.930000000001655,0.5167874146707538,0.11938228346813864,0.11979789459993746,-0.04247551038861275,0.0012501706423723314,0.01698182671404926,0.3634870648384094,-3.3678197860717773,-3.0,-3.0,True,5.989894729996873,0.0,-3.0454248189926147,0.0,0.21750933,0.21750933,29.78066331,False,False,double_contact,True,0,0.0,0.0,0.0
1493,14.940000000001659,0.5187821702876865,0.11893740746045718,0.11938228346813864,-0.04544208571314812,0.0011182596839958967,0.017296719685857463,0.3636268675327301,-3.201572895050049,-3.0,-3.0,True,5.969114173406933,0.0,-2.9471218585968018,0.0,0.21564971,0.21564971,29.78262426,False,False,double_contact,True,0,0.0,0.0,0.0
1494,14.950000000001662,0.5206838655763597,0.11846273719030298,0.11893740746045718,-0.04845258221030235,0.0009978852951619585,0.017594656719438335,0.36375805735588074,-3.0433603525161743,-3.0,-3.0,True,5.946870373022859,0.0,-2.849265933036804,0.0,0.215108455,0.215108455,29.78328419,False,False,double_contact,True,0,0.0,0.0,0.0
1495,14.960000000001665,0.5224960390544187,0.1179578694050657,0.11846273719030298,-0.051497071981430054,0.0008878172176727632,0.01787676513286343,0.3638804852962494,-2.8912529945373535,-3.0,-3.0,True,5.923136859515149,0.0,-2.7517229318618774,0.0,0.21527362,0.21527362,29.7832489,False,False,double_contact,True,0,0.0,0.0,0.0
1496,14.970000000001669,0.5242214612234066,0.11742268321724476,0.1179578694050657,-0.054535891860723495,0.0007870135425614683,0.01814407615703623,0.3639942407608032,-2.744039535522461,-3.0,-3.0,True,5.897893470253285,0.0,-2.654537558555603,0.0,0.21555911,0.21555911,29.7831005,False,False,double_contact,True,0,0.0,0.0,0.0
1497,14.980000000001672,0.5258624558075303,0.11685744976485173,0.11742268321724476,-0.057532764971256256,0.000694580497194529,0.018397531866920305,0.3640995919704437,-2.601143717765808,-3.0,-3.0,True,5.871134160862238,0.0,-2.5576651096343994,0.0,0.21612694500000001,0.21612694500000001,29.78267363,False,False,double_contact,True,0,0.0,0.0,0.0
1498,14.990000000001675,0.5274210698431243,0.11626266285654101,0.11685744976485173,-0.060473933815956116,0.0006097434673838628,0.01863799582225749,0.3641969859600067,-2.4618754386901855,-3.0,-3.0,True,5.842872488242587,0.0,-2.4611949920654297,0.0,0.21688923,0.21688923,29.78205398,False,False,double_contact,True,0,0.0,0.0,0.0
1499,15.000000000001679,0.528899061877026,0.1156389189912854,0.11626266285654101,-0.06335213035345078,0.0005318255170542089,0.018866260207983043,0.3642868995666504,-2.325693726539612,-3.0,-3.0,True,5.81313314282705,0.0,-2.3650377988815308,0.0,0.21785693,0.21785693,29.78122939,False,False,double_contact,True,0,0.0,0.0,0.0
1500,15.010000000001682,0.5302979443908242,0.11498691937961407,0.1156389189912854,-0.06615358591079712,0.0004602307804881937,0.0190830523341494,0.36436980962753296,-2.192090153694153,-3.0,-3.0,True,5.781945949564269,0.0,-2.269372344017029,0.0,0.218639925,0.218639925,29.78058885,False,False,double_contact,True,0,0.0,0.0,0.0
1501,15.020000000001685,0.5316190685595978,0.11430749912898215,0.11498691937961407,-0.06886760890483856,0.0003944304726867631,0.019289042065718413,0.3644462823867798,-2.0609763860702515,-3.0,-3.0,True,5.749345968980704,0.0,-2.174064517021179,0.0,0.21954562,0.21954562,29.77982382,False,False,double_contact,True,0,0.0,0.0,0.0
1502,15.030000000001689,0.5328636969717794,0.11360152627395952,0.11430749912898215,-0.07149380445480347,0.00033395355466310245,0.019484847353486955,0.36451682448387146,-1.9319791793823242,-3.0,-3.0,True,5.715374956449107,0.0,-2.079293131828308,0.0,0.22029762,0.22029762,29.7792104,False,False,double_contact,True,0,0.0,0.0,0.0
1503,15.040000000001692,0.5340329737381528,0.11286989557368635,0.11360152627395952,-0.07402973622083664,0.00027837891312033344,0.01967103931511619,0.3645819425582886,-1.8050341606140137,-3.0,-3.0,True,5.680076313697976,0.0,-1.984924077987671,0.0,0.221089915,0.221089915,29.77855395,False,False,double_contact,True,0,0.0,0.0,0.0
1504,15.050000000001695,0.5351279811100804,0.11211354397032115,0.11286989557368635,-0.07646796107292175,0.0002273278271731908,0.019848147283442967,0.36464211344718933,-1.679897427558899,-3.0,-3.0,True,5.6434947786843175,0.0,-1.8912255764007568,0.0,0.221512035,0.221512035,29.77826457,False,False,double_contact,True,0,0.0,0.0,0.0
1505,15.060000000001699,0.5361497655814752,0.11133350378314767,0.11211354397032115,-0.07880031317472458,0.0001804589107567293,0.020016662151506645,0.36469775438308716,-1.5567514300346375,-3.0,-3.0,True,5.605677198516058,0.0,-1.7980635166168213,0.0,0.221955285,0.221955285,29.77795051,False,False,double_contact,True,0,0.0,0.0,0.0
1506,15.070000000001702,0.5370993948604645,0.11053076569611041,0.11133350378314767,-0.08103667199611664,0.00013746382244121132,0.020177041140003463,0.36474934220314026,-1.4353929162025452,-3.0,-3.0,True,5.566675189157384,0.0,-1.7055273056030273,0.0,0.222332105,0.222332105,29.77763669,False,False,double_contact,True,0,0.0,0.0,0.0
1507,15.080000000001705,0.5379778623705842,0.10970632241311624,0.11053076569611041,-0.08317096531391144,9.806251629711042e-05,0.020329707653714817,0.3647972047328949,-1.3157339096069336,-3.0,-3.0,True,5.52653828480552,0.0,-1.613616943359375,0.0,0.22254926,0.22254926,29.77729791,False,False,double_contact,True,0,0.0,0.0,0.0
1508,15.090000000001709,0.5387861367646025,0.1088612377762602,0.10970632241311624,-0.08519609272480011,6.200015022425026e-05,0.0204750540345117,0.36484166979789734,-1.197785198688507,-3.0,-3.0,True,5.4853161206558125,0.0,-1.5225112438201904,0.0,0.222484085,0.222484085,29.7772454,False,False,double_contact,True,0,0.0,0.0,0.0
1509,15.100000000001712,0.5395252183967982,0.10799657644551844,0.1088612377762602,-0.08711761236190796,2.9045632745873465e-05,0.020613447541276073,0.36488303542137146,-1.081687569618225,-3.0,-3.0,True,5.44306188881301,0.0,-1.4321208000183105,0.0,0.22245035000000002,0.22245035000000002,29.77716532,False,False,double_contact,True,0,0.0,0.0,0.0
1510,15.110000000001715,0.5401961222537814,0.1071132997390393,0.10799657644551844,-0.08894703537225723,-1.0107568258656782e-06,0.020745234100851592,0.36492159962654114,-0.9672766029834747,-3.0,-3.0,True,5.399828822275922,0.0,-1.3425350189208984,0.0,0.222244305,0.222244305,29.77726129,False,False,double_contact,True,0,0.0,0.0,0.0
1511,15.120000000001719,0.5407998249367666,0.10621234832077454,0.1071132997390393,-0.09068070352077484,-2.835998371968156e-05,0.02087073954354458,0.3649575412273407,-0.8546052277088165,-3.0,-3.0,True,5.355664986951965,0.0,-1.253753900527954,0.0,0.221825375,0.221825375,29.77757409,False,False,double_contact,True,0,0.0,0.0,0.0
1512,15.130000000001722,0.541337336303833,0.10529467424375272,0.10621234832077454,-0.0923195332288742,-5.317635220690346e-05,0.020990270504563455,0.3649911880493164,-0.7437613308429718,-3.0,-3.0,True,5.310617416038728,0.0,-1.1657774448394775,0.0,0.22132111999999998,0.22132111999999998,29.77797657,False,False,double_contact,True,0,0.0,0.0,0.0
1513,15.140000000001725,0.5418096898164575,0.10436124936624636,0.10529467424375272,-0.09385845810174942,-7.561995186848294e-05,0.021104115268428997,0.36502277851104736,-0.6347106099128723,-3.0,-3.0,True,5.264733712187636,0.0,-1.078784465789795,0.0,0.2205144,0.2205144,29.77868612,False,False,double_contact,True,0,0.0,0.0,0.0
1514,15.150000000001729,0.5422179468487937,0.1034130650918107,0.10436124936624636,-0.09529978036880493,-9.583767703781092e-05,0.021212547031077524,0.3650524616241455,-0.527639240026474,-3.0,-3.0,True,5.218062468312318,0.0,-0.9925961494445801,0.0,0.219835985,0.219835985,29.7792724,False,False,double_contact,True,0,0.0,0.0,0.0
1515,15.160000000001732,0.5425631833454565,0.10245106313203954,0.1034130650918107,-0.0966472327709198,-0.00011396499591258482,0.021315823704226074,0.3650805652141571,-0.4223073869943619,-3.0,-3.0,True,5.170653254590535,0.0,-0.9074807167053223,0.0,0.218834855,0.218834855,29.78018616,False,False,double_contact,True,0,0.0,0.0,0.0
1516,15.170000000001735,0.5428464468145929,0.10147622378010372,0.10245106313203954,-0.0978948324918747,-0.0001301277514479202,0.021414187628275558,0.3651072084903717,-0.31893977522850037,-3.0,-3.0,True,5.122553156601977,0.0,-0.8232593536376953,0.0,0.21787158,0.21787158,29.78106728,False,False,double_contact,True,0,0.0,0.0,0.0
1517,15.180000000001739,0.5430688270663939,0.10048946920040208,0.10147622378010372,-0.09905454516410828,-0.0001444421707564365,0.02150787049214613,0.365132600069046,-0.21739338338375092,-3.0,-3.0,True,5.073811189005186,0.0,-0.7400214672088623,0.0,0.216864265,0.216864265,29.78199752,False,False,double_contact,True,0,0.0,0.0,0.0
1518,15.190000000001742,0.5432313650496696,0.09949174309246875,0.10048946920040208,-0.10011425614356995,-0.00015701660898513806,0.021597090111253596,0.36515697836875916,-0.11762680485844612,-3.0,-3.0,True,5.024473460020104,0.0,-0.6579458713531494,0.0,0.21548024500000001,0.21548024500000001,29.78330928,False,False,double_contact,True,0,0.0,0.0,0.0
1519,15.200000000001745,0.5433351422794975,0.09848402697995844,0.09949174309246875,-0.10107892751693726,-0.00016795232783232684,0.021682053058664656,0.36518043279647827,-0.019923576153814793,-3.0,-3.0,True,4.974587154623437,0.0,-0.5767643451690674,0.0,0.214387255,0.214387255,29.78433527,False,False,double_contact,True,0,0.0,0.0,0.0
1520,15.210000000001749,0.5433812576321346,0.09746717921605923,0.09848402697995844,-0.10196168720722198,-0.00017734407962098286,0.021762955874913,0.3652031123638153,0.0760953538119793,-3.0,-3.0,True,4.924201348997922,0.0,-0.49674510955810547,0.0,0.21303758,0.21303758,29.78562257,False,False,double_contact,True,0,0.0,0.0,0.0
1521,15.220000000001752,0.5433707311626816,0.09644209991790265,0.09746717921605923,-0.10274937748908997,-0.00018528060704709146,0.02183998470725336,0.365225225687027,0.170240119099617,-3.0,-3.0,True,4.873358960802961,0.0,-0.4177987575531006,0.0,0.21155701500000001,0.21155701500000001,29.78704558,False,False,double_contact,True,0,0.0,0.0,0.0
1522,15.230000000001755,0.5433046476566206,0.09540966239778924,0.09644209991790265,-0.1034555435180664,-0.00019184486561704271,0.02191331798002745,0.36524680256843567,0.2624642252922058,-3.0,-3.0,True,4.822104995895132,0.0,-0.33983588218688965,0.0,0.210264595,0.210264595,29.78828512,False,False,double_contact,True,0,0.0,0.0,0.0
1523,15.240000000001759,0.5431840604184855,0.0943707071742677,0.09540966239778924,-0.10407345741987228,-0.00019711539963632621,0.021983124783278643,0.3652680218219757,0.3530231863260269,-3.0,-3.0,True,4.7704831198894615,0.0,-0.263214111328125,0.0,0.20846394499999998,0.20846394499999998,29.7900372,False,False,double_contact,True,0,0.0,0.0,0.0
1524,15.250000000001762,0.5430100276882303,0.09332612968041866,0.0943707071742677,-0.10460386425256729,-0.00020116629429362765,0.0220495656854981,0.36528894305229187,0.4414753019809723,-3.0,-3.0,True,4.7185353587133845,0.0,-0.1874864101409912,0.0,0.20708125500000002,0.20708125500000002,29.791376,False,False,double_contact,True,0,0.0,0.0,0.0
1525,15.260000000001765,0.5427836501288359,0.09227667288816108,0.09332612968041866,-0.10506606847047806,-0.00020406705318483755,0.022112795839507267,0.3653096556663513,0.528312623500824,-3.0,-3.0,True,4.666306484020933,0.0,-0.11301040649414062,0.0,0.205430985,0.205430985,29.79298648,False,False,double_contact,True,0,0.0,0.0,0.0
1526,15.270000000001769,0.542505921835704,0.09122310407170738,0.09227667288816108,-0.10544652491807938,-0.00020588378741425112,0.022172962137212537,0.3653302788734436,0.6133115887641907,-3.0,-3.0,True,4.613833644408054,0.0,-0.03960728645324707,0.0,0.20370745499999998,0.20370745499999998,29.79467434,False,False,double_contact,True,0,0.0,0.0,0.0
1527,15.280000000001772,0.5421779026876661,0.09016623943739781,0.09122310407170738,-0.10574489086866379,-0.00020667936579145017,0.02223020452235608,0.3653508424758911,0.6964665353298187,-3.0,-3.0,True,4.561155203585368,0.0,0.03254413604736328,0.0,0.201848865,0.201848865,29.79650147,False,False,double_contact,True,0,0.0,0.0,0.0
1528,15.290000000001776,0.5418006717841608,0.08910689089004314,0.09016623943739781,-0.10596312582492828,-0.00020651362591761452,0.02228465787287114,0.365371435880661,0.777699887752533,-3.0,-3.0,True,4.50831197186989,0.0,0.10353326797485352,0.0,0.20005747499999998,0.20005747499999998,29.79826546,False,False,double_contact,True,0,0.0,0.0,0.0
1529,15.300000000001779,0.5413753096239833,0.08804575929246984,0.08910689089004314,-0.10611796379089355,-0.00020544296593943243,0.022336452051356197,0.36539211869239807,0.8571345806121826,-3.0,-3.0,True,4.455344544502157,0.0,0.17344951629638672,0.0,0.19841202,0.19841202,29.79988734,False,False,double_contact,True,0,0.0,0.0,0.0
1530,15.310000000001782,0.5409028236016964,0.08698348431049781,0.08804575929246984,-0.10620677471160889,-0.00020352089658461995,0.022385710713677936,0.36541295051574707,0.9349577128887177,-3.0,-3.0,True,4.4022879646234925,0.0,0.24211406707763672,0.0,0.19644822,0.19644822,29.80183116,False,False,double_contact,True,0,0.0,0.0,0.0
1531,15.320000000001786,0.5403842132287752,0.08592083084955028,0.08698348431049781,-0.10621263831853867,-0.00020079910331631933,0.022432552039630165,0.3654339611530304,1.0108944773674011,-3.0,-3.0,True,4.34917421552489,0.0,0.3095269203186035,0.0,0.19436179,0.19436179,29.80390154,False,False,double_contact,True,0,0.0,0.0,0.0
1532,15.330000000001789,0.5398205742264595,0.08485849965226698,0.08592083084955028,-0.10615862160921097,-0.00019732715556426927,0.022477090508144715,0.3654552102088928,1.0848807096481323,-3.0,-3.0,True,4.296041542477514,0.0,0.37595629692077637,0.0,0.19274987,0.19274987,29.80550109,False,False,double_contact,True,0,0.0,0.0,0.0
1533,15.340000000001792,0.5392129282350309,0.0837970617679855,0.08485849965226698,-0.10604573786258698,-0.00019315181573727593,0.022519436123378218,0.3654767572879791,1.1574279069900513,-3.0,-3.0,True,4.242924982613349,0.0,0.44095516204833984,0.0,0.190565035,0.190565035,29.80767675,False,False,double_contact,True,0,0.0,0.0,0.0
1534,15.350000000001796,0.5385622409280247,0.08273719732308134,0.0837970617679855,-0.10586164891719818,-0.0001883179583235093,0.022559694675469755,0.3654986321926117,1.2279912233352661,-3.0,-3.0,True,4.189853088399275,0.0,0.5049705505371094,0.0,0.18869416,0.18869416,29.8095422,False,False,double_contact,True,0,0.0,0.0,0.0
1535,15.360000000001799,0.5378695726112375,0.08167951537164639,0.08273719732308134,-0.10562144219875336,-0.00018286871742708626,0.022597967350390994,0.3655208349227905,1.2969388961791992,-3.0,-3.0,True,4.136859866154067,0.0,0.5676448345184326,0.0,0.18663370499999998,0.18663370499999998,29.81160039,False,False,double_contact,True,0,0.0,0.0,0.0
1536,15.370000000001802,0.5371359056860576,0.08062463444883883,0.08167951537164639,-0.10531622916460037,-0.00017684566604199626,0.022634350854619862,0.3655434548854828,1.3641048073768616,-3.0,-3.0,True,4.083975768582319,0.0,0.6291568279266357,0.0,0.18458470500000002,0.18458470500000002,29.81365055,False,False,double_contact,True,0,0.0,0.0,0.0
1537,15.380000000001806,0.5363622604837045,0.07957310842617679,0.08062463444883883,-0.10496244579553604,-0.00017028834257546953,0.022668940584561644,0.3655664920806885,1.429540991783142,-3.0,-3.0,True,4.031231722441941,0.0,0.6895959377288818,0.0,0.18276018,0.18276018,29.8154794,False,False,double_contact,True,0,0.0,0.0,0.0
1538,15.390000000001809,0.5355495950551942,0.07852543732017002,0.07957310842617679,-0.10455555468797684,-0.00016323429791012173,0.022701827704268294,0.36558997631073,1.493496298789978,-3.0,-3.0,True,3.9786554213088396,0.0,0.7486939430236816,0.0,0.18054141,0.18054141,29.81770532,False,False,double_contact,True,0,0.0,0.0,0.0
1539,15.400000000001812,0.5346988588322095,0.0774822132608123,0.07852543732017002,-0.10408732295036316,-0.00015572048661645908,0.022733098317033178,0.3656139373779297,1.5556007623672485,-3.0,-3.0,True,3.9262718660085008,0.0,0.8067190647125244,0.0,0.17854136,0.17854136,29.81971586,False,False,double_contact,True,0,0.0,0.0,0.0
1540,15.410000000001816,0.5338110647555419,0.0764439547271095,0.0774822132608123,-0.10357239097356796,-0.00014778212670790548,0.022762836800215493,0.36563840508461,1.6161124110221863,-3.0,-3.0,True,3.874110663040615,0.0,0.863492488861084,0.0,0.17650454999999998,0.17650454999999998,29.82176605,False,False,double_contact,True,0,0.0,0.0,0.0
1541,15.420000000001819,0.532887152799912,0.07541115072771179,0.0764439547271095,-0.10300711542367935,-0.00013945297944880673,0.022791124429935767,0.36566340923309326,1.675009548664093,-3.0,-3.0,True,3.8221977363554753,0.0,0.9191036224365234,0.0,0.174440545,0.174440545,29.82384627,False,False,double_contact,True,0,0.0,0.0,0.0
1542,15.430000000001822,0.5319280667306067,0.07438425257136953,0.07541115072771179,-0.10240057110786438,-0.0001307647235325437,0.022818040114338925,0.3656889498233795,1.7322898507118225,-3.0,-3.0,True,3.7705575363855894,0.0,0.9736418724060059,0.0,0.172530625,0.172530625,29.8257752,False,False,double_contact,True,0,0.0,0.0,0.0
1543,15.440000000001826,0.5309347178474602,0.07336370500084528,0.07438425257136953,-0.1017456203699112,-0.0001217484955824946,0.022843658882823182,0.36571502685546875,1.7881252765655518,-3.0,-3.0,True,3.7192126285684766,0.0,1.026839017868042,0.0,0.170262965,0.170262965,29.82806447,False,False,double_contact,True,0,0.0,0.0,0.0
1544,15.450000000001829,0.5299080276192989,0.07235000472047053,0.07336370500084528,-0.1010424867272377,-0.00011243444553928284,0.02286805296547364,0.36574169993400574,1.842175543308258,-3.0,-3.0,True,3.668185250042264,0.0,1.0790526866912842,0.0,0.16837818999999998,0.16837818999999998,29.82997377,False,False,double_contact,True,0,0.0,0.0,0.0
1545,15.460000000001832,0.5288489434590226,0.07134352829040616,0.07235000472047053,-0.1003066673874855,-0.00010285060873238277,0.022891293657446694,0.3657689690589905,1.8948501348495483,-3.0,-3.0,True,3.617500236023526,0.0,1.1300146579742432,0.0,0.166336505,0.166336505,29.83204237,False,False,double_contact,True,0,0.0,0.0,0.0
1546,15.470000000001836,0.5277583172541569,0.07034465784110232,0.07134352829040616,-0.09952957928180695,-9.302433443873233e-05,0.022913448643766366,0.365796834230423,1.9459935426712036,-3.0,-3.0,True,3.567176414520308,0.0,1.1799037456512451,0.0,0.164317965,0.164317965,29.83409029,False,False,double_contact,True,0,0.0,0.0,0.0
1547,15.480000000001839,0.5266370360312893,0.06935381592500044,0.07034465784110232,-0.098708875477314,-8.298234920824769e-05,0.022934581872409217,0.3658252954483032,1.9956483840942383,-3.0,-3.0,True,3.517232892055116,0.0,1.2285411357879639,0.0,0.162167755,0.162167755,29.83627245,False,False,double_contact,True,0,0.0,0.0,0.0
1548,15.490000000001842,0.525485996711075,0.06837139632157899,0.06935381592500044,-0.09785300493240356,-7.274994976959803e-05,0.02295475702347018,0.365854412317276,2.0436962842941284,-3.0,-3.0,True,3.4676907962500216,0.0,1.2761950492858887,0.0,0.16034730000000003,0.16034730000000003,29.83812736,False,False,double_contact,True,0,0.0,0.0,0.0
1549,15.500000000001846,0.5243060670393298,0.06739767386601951,0.06837139632157899,-0.09697306901216507,-6.23506427919623e-05,0.022974036328043873,0.36588412523269653,2.0904788970947266,-3.0,-3.0,True,3.4185698160789495,0.0,1.3226866722106934,0.0,0.15838255,0.15838255,29.84012853,False,False,double_contact,True,0,0.0,0.0,0.0
1550,15.510000000001849,0.5230980361706541,0.06643298652115716,0.06739767386601951,-0.09605279564857483,-5.18077451615159e-05,0.022992477209018616,0.3659144937992096,2.1358485221862793,-3.0,-3.0,True,3.3698836933009755,0.0,1.368016004562378,0.0,0.15625008,0.15625008,29.84229974,False,False,double_contact,True,0,0.0,0.0,0.0
1551,15.520000000001852,0.5218627634782109,0.06547769935886008,0.06643298652115716,-0.09509997814893723,-4.1143371746534017e-05,0.023010135556767612,0.3659455180168152,2.179653286933899,-3.0,-3.0,True,3.321649326057858,0.0,1.4123618602752686,0.0,0.154443875,0.154443875,29.84414713,False,False,double_contact,True,0,0.0,0.0,0.0
1552,15.530000000001856,0.5206010925918814,0.0645320649889462,0.06547769935886008,-0.09412508457899094,-3.0378547942259043e-05,0.023027066484194492,0.3659771680831909,2.222228527069092,-3.0,-3.0,True,3.273884967943004,0.0,1.455545425415039,0.0,0.15249816,0.15249816,29.84613594,False,False,double_contact,True,0,0.0,0.0,0.0
1553,15.540000000001859,0.5193137906905743,0.06359637396673705,0.0645320649889462,-0.09311685711145401,-1.9533424448511573e-05,0.023043322890686824,0.36600950360298157,2.2634280920028687,-3.0,-3.0,True,3.2266032494473103,0.0,1.4976561069488525,0.0,0.150513175,0.150513175,29.84816605,False,False,double_contact,True,0,0.0,0.0,0.0
1554,15.550000000001862,0.5180016712843469,0.06267092259730994,0.06359637396673705,-0.09208192676305771,-8.627581132482202e-06,0.023058954677558606,0.36604243516921997,2.3032230138778687,-3.0,-3.0,True,3.1798186983368524,0.0,1.5387386083602905,0.0,0.14869010500000002,0.14869010500000002,29.8500362,False,False,double_contact,True,0,0.0,0.0,0.0
1555,15.560000000001866,0.5166655261691108,0.06175592300508846,0.06267092259730994,-0.09102891385555267,2.32091458515849e-06,0.02307401084744017,0.3660760521888733,2.341777205467224,-3.0,-3.0,True,3.133546129865497,0.0,1.578792929649353,0.0,0.1468955,0.1468955,29.851879920000002,False,False,double_contact,True,0,0.0,0.0,0.0
1556,15.570000000001869,0.5153060907010596,0.060851586857728325,0.06175592300508846,-0.08995220810174942,1.3294852569386503e-05,0.023088538812570787,0.36611029505729675,2.3791133165359497,-3.0,-3.0,True,3.087796150254423,0.0,1.6177743673324585,0.0,0.144982845,0.144982845,29.85384336,False,False,double_contact,True,0,0.0,0.0,0.0
1557,15.580000000001872,0.5139241124015529,0.059958158355469686,0.060851586857728325,-0.08885129541158676,2.427717801667682e-05,0.023102582630546736,0.36614516377449036,2.4151135683059692,-3.0,-3.0,True,3.042579342886416,0.0,1.65577232837677,0.0,0.14319690499999999,0.14319690499999999,29.85568199,False,False,double_contact,True,0,0.0,0.0,0.0
1558,15.590000000001876,0.5125203494607182,0.0590758501463097,0.059958158355469686,-0.08773048967123032,3.525319777348878e-05,0.023116185635463485,0.3661806583404541,2.449907064437866,-3.0,-3.0,True,2.9979079177734844,0.0,1.6926974058151245,0.0,0.141371305,0.141371305,29.85756189,False,False,double_contact,True,0,0.0,0.0,0.0
1559,15.600000000001879,0.5110955284225218,0.058204849860821035,0.0590758501463097,-0.08659208565950394,4.6210680576026395e-05,0.023129391614949004,0.366216778755188,2.4834476709365845,-3.0,-3.0,True,2.953792507315485,0.0,1.7286837100982666,0.0,0.139675395,0.139675395,29.85931389,False,False,double_contact,True,0,0.0,0.0,0.0
1560,15.610000000001882,0.5096503636135613,0.057345297321954224,0.058204849860821035,-0.0854414701461792,5.713729089961686e-05,0.023142244367774033,0.366253525018692,2.5158618688583374,-3.0,-3.0,True,2.9102424930410518,0.0,1.7636865377426147,0.0,0.13797276,0.13797276,29.8610741,False,False,double_contact,True,0,0.0,0.0,0.0
1561,15.620000000001886,0.5081855326540955,0.05649734229830485,0.057345297321954224,-0.08427384495735168,6.802083614720568e-05,0.023154786164892423,0.3662909269332886,2.5471324920654297,-3.0,-3.0,True,2.8672648660977114,0.0,1.797705888748169,0.0,0.136225105,0.136225105,29.86288118,False,False,double_contact,True,0,0.0,0.0,0.0
1562,15.630000000001889,0.5067017256979256,0.05566117334773568,0.05649734229830485,-0.083086296916008,7.884876004496823e-05,0.023167057623213225,0.3663289546966553,2.5772098302841187,-3.0,-3.0,True,2.8248671149152424,0.0,1.8307417631149292,0.0,0.13451277,0.13451277,29.86465509,False,False,double_contact,True,0,0.0,0.0,0.0
1563,15.640000000001892,0.5051996417937942,0.054836945154786564,0.05566117334773568,-0.08188658207654953,8.960943544143355e-05,0.023179099566323403,0.3663676679134369,2.606124997138977,-3.0,-3.0,True,2.783058667386784,0.0,1.8628835678100586,0.0,0.13297796,0.13297796,29.8662532,False,False,double_contact,True,0,0.0,0.0,0.0
1564,15.650000000001896,0.5036799380774779,0.05402474665043736,0.054836945154786564,-0.08067940920591354,0.00010029146498757319,0.023190951140157894,0.36640700697898865,2.6340452432632446,-3.0,-3.0,True,2.741847257739328,0.0,1.8940865993499756,0.0,0.13140762,0.13140762,29.86788863,False,False,double_contact,True,0,0.0,0.0,0.0
1565,15.660000000001899,0.502143227682444,0.05322469311260658,0.05402474665043736,-0.07945792376995087,0.0001108843790153178,0.02320264957992373,0.3664470613002777,2.660918712615967,-3.0,-3.0,True,2.701237332521868,0.0,1.9243508577346802,0.0,0.129785035,0.129785035,29.86957815,False,False,double_contact,True,0,0.0,0.0,0.0
1566,15.670000000001902,0.5005901480057702,0.05243692545885361,0.05322469311260658,-0.07822292298078537,0.00012137847161422745,0.02321423157543312,0.3664878010749817,2.686685085296631,-3.0,-3.0,True,2.661234655630329,0.0,1.953721046447754,0.0,0.128274275,0.128274275,29.87115781,False,False,double_contact,True,0,0.0,0.0,0.0
1567,15.680000000001906,0.49902133492318307,0.051661526717772466,0.05243692545885361,-0.0769830271601677,0.0001317646926376371,0.02322573293940539,0.366529256105423,2.71144700050354,-3.0,-3.0,True,2.6218462729426806,0.0,1.9822418689727783,0.0,0.12688270000000001,0.12688270000000001,29.87261996,False,False,double_contact,True,0,0.0,0.0,0.0
1568,15.690000000001909,0.4974373721645614,0.05089854267331383,0.051661526717772466,-0.07573812454938889,0.00014203441420860101,0.023237188084267824,0.3665713965892792,2.7353062629699707,-3.0,-3.0,True,2.5830763358886233,0.0,2.009868621826172,0.0,0.125417765,0.125417765,29.87415701,False,False,double_contact,True,0,0.0,0.0,0.0
1569,15.700000000001912,0.4958388261419764,0.050148050905679385,0.05089854267331383,-0.07448393106460571,0.0001521792262037416,0.02324862923183946,0.3666142225265503,2.7581725120544434,-3.0,-3.0,True,2.544927133665692,0.0,2.036646008491516,0.0,0.12398764500000001,0.12398764500000001,29.875661045,False,False,double_contact,True,0,0.0,0.0,0.0
1570,15.710000000001916,0.4942262842477596,0.04941012882586991,0.050148050905679385,-0.0732230544090271,0.00016219184394637525,0.023260089059293287,0.3666577637195587,2.780069589614868,-3.0,-3.0,True,2.5074025452839694,0.0,2.062574028968811,0.0,0.1226271475,0.1226271475,29.87709724,False,False,double_contact,True,0,0.0,0.0,0.0
1571,15.720000000001919,0.4926003155822368,0.048684815254889074,0.04941012882586991,-0.07196012139320374,0.00017206560988423662,0.023271599145726966,0.36670202016830444,2.8010517358779907,-3.0,-3.0,True,2.4705064412934954,0.0,2.087697386741638,0.0,0.1213465475,0.1213465475,29.87845491,False,False,double_contact,True,0,0.0,0.0,0.0
1572,15.730000000001922,0.49096145893590865,0.04797212230000277,0.048684815254889074,-0.07069627940654755,0.00018179426883754228,0.023283190221951112,0.3667469620704651,2.821180582046509,-3.0,-3.0,True,2.434240762744454,0.0,2.1120160818099976,0.0,0.120070705,0.120070705,29.87980937,False,False,double_contact,True,0,0.0,0.0,0.0
1573,15.740000000001926,0.48931023435457344,0.047272087001818085,0.04797212230000277,-0.06942662596702576,0.00019137197336029907,0.02329489121956996,0.36679261922836304,2.840441942214966,-3.0,-3.0,True,2.3986061150001388,0.0,2.1354854106903076,0.0,0.11873623,0.11873623,29.881223954,False,False,double_contact,True,0,0.0,0.0,0.0
1574,15.75000000000193,0.4876471781861179,0.04658474971728638,0.047272087001818085,-0.06815489381551743,0.00020079330002225926,0.023306730720447585,0.3668389618396759,2.858761787414551,-3.0,-3.0,True,2.3636043500909043,0.0,2.158239483833313,0.0,0.11760984199999999,0.11760984199999999,29.882348076,False,False,double_contact,True,0,0.0,0.0,0.0
1575,15.760000000001932,0.4859728120273437,0.04591009150971247,0.04658474971728638,-0.06688683480024338,0.00021005367672464136,0.023318737684710048,0.3668860197067261,2.8763327598571777,-3.0,-3.0,True,2.329237485864319,0.0,2.1801888942718506,0.0,0.11644069,0.11644069,29.88343414,False,False,double_contact,True,0,0.0,0.0,0.0
1576,15.770000000001936,0.4842876096357572,0.04524809851147951,0.04591009150971247,-0.06561895459890366,0.00021914863078829124,0.023330939163385682,0.36693376302719116,2.8930866718292236,-3.0,-3.0,True,2.2955045754856234,0.0,2.2014230489730835,0.0,0.11532362700000001,0.11532362700000001,29.884466566,False,False,double_contact,True,0,0.0,0.0,0.0
1577,15.78000000000194,0.4825920556518725,0.04459876068839834,0.04524809851147951,-0.06435239315032959,0.00022807451862952752,0.023343361968987956,0.3669821619987488,2.9090592861175537,-3.0,-3.0,True,2.2624049255739758,0.0,2.22189724445343,0.0,0.114215397,0.114215397,29.885488726,False,False,double_contact,True,0,0.0,0.0,0.0
1578,15.790000000001942,0.4808866250972085,0.04396208422952357,0.04459876068839834,-0.06308390945196152,0.0002368279109741376,0.02335603186946841,0.3670312464237213,2.9242388010025024,-3.0,-3.0,True,2.229938034419917,0.0,2.2416114807128906,0.0,0.11311001300000001,0.11311001300000001,29.88650667,False,False,double_contact,True,0,0.0,0.0,0.0
1579,15.800000000001946,0.47917179777590546,0.04333804908626659,0.04396208422952357,-0.061820656061172485,0.0002454056835843601,0.023368974173597474,0.36708101630210876,2.9386098384857178,-3.0,-3.0,True,2.1981042114761786,0.0,2.2606998682022095,0.0,0.1122266875,0.1122266875,29.887301005,False,False,double_contact,True,0,0.0,0.0,0.0
1580,15.81000000000195,0.4774480187716241,0.04272658174930398,0.04333804908626659,-0.060565005987882614,0.0002538053174115542,0.023382214219064928,0.36713144183158875,2.9523738622665405,-3.0,-3.0,True,2.1669024543133295,0.0,2.279028296470642,0.0,0.1112133575,0.1112133575,29.888224155,False,False,double_contact,True,0,0.0,0.0,0.0
1581,15.820000000001953,0.4757156991325826,0.04212764774670473,0.04272658174930398,-0.059310801327228546,0.00026202458569653795,0.023395776002041402,0.36718249320983887,2.9653725624084473,-3.0,-3.0,True,2.136329087465199,0.0,2.296730875968933,0.0,0.11030058000000001,0.11030058000000001,29.88904532,False,False,double_contact,True,0,0.0,0.0,0.0
1582,15.830000000001956,0.4739752793775168,0.041541210216076034,0.04212764774670473,-0.05806133523583412,0.00027006176204269136,0.02340968343398696,0.3672342300415039,2.977691411972046,-3.0,-3.0,True,2.1063823873352363,0.0,2.3137181997299194,0.0,0.10938626500000001,0.10938626500000001,29.88986665,False,False,double_contact,True,0,0.0,0.0,0.0
1583,15.84000000000196,0.472227178720638,0.040967226464308955,0.041541210216076034,-0.05681615695357323,0.0002779151002865572,0.023423959483431733,0.3672865927219391,2.9893041849136353,-3.0,-3.0,True,2.077060510803802,0.0,2.330079674720764,0.0,0.10856797,0.10856797,29.89059059,False,False,double_contact,True,0,0.0,0.0,0.0
1584,15.850000000001963,0.4704718078873491,0.040405622559880124,0.040967226464308955,-0.05558024346828461,0.0002855832761035823,0.02343862658313309,0.3673395812511444,3.0002864599227905,-3.0,-3.0,True,2.0483613232154476,0.0,2.3458153009414673,0.0,0.10781025699999999,0.10781025699999999,29.8912527,False,False,double_contact,True,0,0.0,0.0,0.0
1585,15.860000000001966,0.4687095463760884,0.03985631321847314,0.040405622559880124,-0.054352160543203354,0.0002930658155763326,0.02345370738233507,0.3673931956291199,3.01067316532135,-3.0,-3.0,True,2.0202811279940063,0.0,2.360925078392029,0.0,0.107042217,0.107042217,29.89192382,False,False,double_contact,True,0,0.0,0.0,0.0
1586,15.87000000000197,0.4669407671224339,0.039319236478643965,0.03985631321847314,-0.05312923714518547,0.00030036227365364356,0.023469223039700914,0.3674474060535431,3.020429849624634,-3.0,-3.0,True,1.992815660923657,0.0,2.3754090070724487,0.0,0.10629114,0.10629114,29.89257673,False,False,double_contact,True,0,0.0,0.0,0.0
1587,15.880000000001973,0.46516585286478995,0.03879433120111283,0.039319236478643965,-0.0519132986664772,0.00030747219372154167,0.023485195024291836,0.36750224232673645,3.0295519828796387,-3.0,-3.0,True,1.9659618239321983,0.0,2.3893117904663086,0.0,0.10564251,0.10564251,29.8931257,False,False,double_contact,True,0,0.0,0.0,0.0
1588,15.890000000001976,0.46338517167563814,0.03828151737011265,0.03879433120111283,-0.05070560798048973,0.00031439540475737153,0.02350164400340513,0.3675576448440552,3.0381194353103638,-3.0,-3.0,True,1.9397165600556414,0.0,2.402588725090027,0.0,0.10497549,0.10497549,29.89369193,False,False,double_contact,True,0,0.0,0.0,0.0
1589,15.90000000000198,0.4615990740616236,0.03778070364750769,0.03828151737011265,-0.049508240073919296,0.0003211321849779128,0.023518590618209923,0.36761364340782166,3.0460872650146484,-3.0,-3.0,True,1.9140758685056325,0.0,2.415373921394348,0.0,0.104474715,0.104474715,29.8940906,False,False,double_contact,True,0,0.0,0.0,0.0
1590,15.910000000001983,0.4598078949692523,0.037291761338260905,0.03778070364750769,-0.048324692994356155,0.00032768319850893666,0.023536056485703307,0.3676702380180359,3.0535993576049805,-3.0,-3.0,True,1.8890351823753846,0.0,2.4275779724121094,0.0,0.10392372999999999,0.10392372999999999,29.89453835,False,False,double_contact,True,0,0.0,0.0,0.0
1591,15.920000000001986,0.45801193900741094,0.036814590859890466,0.037291761338260905,-0.04714875668287277,0.0003340494023048413,0.02355406116347979,0.3677273690700531,3.0605753660202026,-3.0,-3.0,True,1.8645880669130452,0.0,2.439245581626892,0.0,0.103380895,0.103380895,29.8949767,False,False,double_contact,True,0,0.0,0.0,0.0
1592,15.93000000000199,0.4562115353913024,0.03634911211192672,0.036814590859890466,-0.045981232076883316,0.0003402317681049126,0.023572623404707945,0.3677850663661957,3.0670019388198853,-3.0,-3.0,True,1.8407295429945232,0.0,2.4503767490386963,0.0,0.102910005,0.102910005,29.89534173,False,False,double_contact,True,0,0.0,0.0,0.0
1593,15.940000000001993,0.45440700779871646,0.035895232418968546,0.03634911211192672,-0.04482341930270195,0.00034623124823812375,0.023591762045894107,0.36784330010414124,3.072927713394165,-3.0,-3.0,True,1.817455605596336,0.0,2.460971474647522,0.0,0.10247472499999999,0.10247472499999999,29.8956699,False,False,double_contact,True,0,0.0,0.0,0.0
1594,15.950000000001996,0.45259866196498366,0.03545284677498001,0.035895232418968546,-0.04367672652006149,0.0003520490983159917,0.023611495796047183,0.3679020404815674,3.0783625841140747,-3.0,-3.0,True,1.7947616209484274,0.0,2.4710744619369507,0.0,0.10211208499999999,0.10211208499999999,29.89592424,False,False,double_contact,True,0,0.0,0.0,0.0
1595,15.960000000002,0.45078678987342174,0.03502182231522869,0.03545284677498001,-0.04254480451345444,0.0003576867550942644,0.023631843571954535,0.3679613471031189,3.0833537578582764,-3.0,-3.0,True,1.7726423387490002,0.0,2.480730414390564,0.0,0.10183874700000001,0.10183874700000001,29.896088086,False,False,double_contact,True,0,0.0,0.0,0.0
1596,15.970000000002003,0.44897165563024233,0.0346020248802561,0.03502182231522869,-0.04142478108406067,0.0003631462569295517,0.023652824157941888,0.3680211305618286,3.087963342666626,-3.0,-3.0,True,1.7510911157614346,0.0,2.4898499250411987,0.0,0.101461299,0.101461299,29.896354906,False,False,double_contact,True,0,0.0,0.0,0.0
1597,15.980000000002006,0.4471535273348775,0.03419335398982558,0.0346020248802561,-0.04031442478299141,0.00036842926336820017,0.02367445462627045,0.3680814206600189,3.0920592546463013,-3.0,-3.0,True,1.730101244012805,0.0,2.4985671043395996,0.0,0.10124661,0.10124661,29.89645772,False,False,double_contact,True,0,0.0,0.0,0.0
1598,15.99000000000201,0.44533268514507224,0.03379569432450751,0.03419335398982558,-0.039216049015522,0.0003735376738388423,0.023696752166705835,0.36814218759536743,3.095784306526184,-3.0,-3.0,True,1.709667699491279,0.0,2.506747841835022,0.0,0.1009617525,0.1009617525,29.896629445,False,False,double_contact,True,0,0.0,0.0,0.0
1599,16.00000000000201,0.44350938412537233,0.03340892884467381,0.03379569432450751,-0.038130033761262894,0.0003784737535973692,0.02371973506016226,0.36820343136787415,3.0990381240844727,-3.0,-3.0,True,1.6897847162253756,0.0,2.514570951461792,0.0,0.10086642800000001,0.10086642800000001,29.89661039,False,False,double_contact,True,0,0.0,0.0,0.0
1600,16.010000000002005,0.44168387612649235,0.03303289524871946,0.03340892884467381,-0.03706209361553192,0.0003832402226451744,0.02374342118601934,0.36826515197753906,3.101988434791565,-3.0,-3.0,True,1.6704464422336904,0.0,2.5219470262527466,0.0,0.10074791999999999,0.10074791999999999,29.89661356,False,False,double_contact,True,0,0.0,0.0,0.0
1601,16.020000000002,0.4398563712920372,0.032667473585283276,0.03303289524871946,-0.03600188344717026,0.00038783924419708325,0.023767826753256265,0.3683273196220398,3.1045795679092407,-3.0,-3.0,True,1.6516447624359731,0.0,2.528831362724304,0.0,0.100509189,0.100509189,29.896735586,False,False,double_contact,True,0,0.0,0.0,0.0
1602,16.030000000001994,0.4380271213478558,0.03231257526514086,0.032667473585283276,-0.034952498972415924,0.00039227341584969534,0.023792968358736413,0.36838993430137634,3.1066681146621704,-3.0,-3.0,True,1.6333736792641638,0.0,2.535402774810791,0.0,0.10055781999999999,0.10055781999999999,29.89656906,False,False,double_contact,True,0,0.0,0.0,0.0
1603,16.04000000000199,0.43619637126895117,0.03196803385660684,0.03231257526514086,-0.033922482281923294,0.00039654542597204756,0.023818862541971728,0.3684529662132263,3.1085219383239746,-3.0,-3.0,True,1.6156287632570427,0.0,2.5415271520614624,0.0,0.100545675,0.100545675,29.89646217,False,False,double_contact,True,0,0.0,0.0,0.0
1604,16.050000000001983,0.43436430169605267,0.03163369892497674,0.03196803385660684,-0.03290495648980141,0.0004006580357352565,0.023845525241510974,0.3685164153575897,3.1100441217422485,-3.0,-3.0,True,1.598401692830342,0.0,2.5472939014434814,0.0,0.1005466805,0.1005466805,29.896340944,False,False,double_contact,True,0,0.0,0.0,0.0
1605,16.060000000001978,0.4325311212725831,0.03130943636194686,0.03163369892497674,-0.03190159425139427,0.00040461411838938545,0.0238729725909367,0.36858028173446655,3.111225128173828,-3.0,-3.0,True,1.5816849462488372,0.0,2.552703022956848,0.0,0.10062685,0.10062685,29.89613936,False,False,double_contact,True,0,0.0,0.0,0.0
1606,16.070000000001972,0.4306970313297566,0.03099510877692348,0.03130943636194686,-0.030911358073353767,0.0004084169020510844,0.023901220975183577,0.3686445355415344,3.112118124961853,-3.0,-3.0,True,1.5654718180973428,0.0,2.557709813117981,0.0,0.100676567,0.100676567,29.895967156,False,False,double_contact,True,0,0.0,0.0,0.0
1607,16.080000000001966,0.42886222664506846,0.03069060086326184,0.03099510877692348,-0.02993188425898552,0.00041206912976898304,0.023930285658467373,0.36870917677879333,3.1126656532287598,-3.0,-3.0,True,1.549755438846174,0.0,2.5623589754104614,0.0,0.1007876625,0.1007876625,29.89573226,False,False,double_contact,True,0,0.0,0.0,0.0
1608,16.09000000000196,0.42702691116617353,0.030395780056735787,0.03069060086326184,-0.028967488557100296,0.00041557385621846654,0.023960182082425514,0.3687742054462433,3.1129060983657837,-3.0,-3.0,True,1.534530043163092,0.0,2.566695213317871,0.0,0.1010184375,0.1010184375,29.895376615,False,False,double_contact,True,0,0.0,0.0,0.0
1609,16.100000000001955,0.42519125895651044,0.030110469837504025,0.030395780056735787,-0.028022130951285362,0.00041893444028228154,0.023990925907024955,0.3688395917415619,3.112932324409485,-3.0,-3.0,True,1.5197890028367893,0.0,2.57071852684021,0.0,0.1012726575,0.1012726575,29.89499639,False,False,double_contact,True,0,0.0,0.0,0.0
1610,16.11000000000195,0.42335541522202,0.029834527381714906,0.030110469837504025,-0.027087461203336716,0.0004221547063521747,0.02402253199129458,0.36890530586242676,3.1127370595932007,-3.0,-3.0,True,1.5055234918752012,0.0,2.574339509010315,0.0,0.10138633,0.10138633,29.89475552,False,False,double_contact,True,0,0.0,0.0,0.0
1611,16.120000000001944,0.4215195567840633,0.029567847444333595,0.029834527381714906,-0.02616439200937748,0.00042523766634727333,0.024055014472513403,0.3689713776111603,3.1121543645858765,-3.0,-3.0,True,1.4917263690857452,0.0,2.577736973762512,0.0,0.10175720499999999,0.10175720499999999,29.89425614,False,False,double_contact,True,0,0.0,0.0,0.0
1612,16.13000000000194,0.4196838659946745,0.029310251716551092,0.029567847444333595,-0.025262463837862015,0.0004281871554282871,0.024088389085236753,0.36903777718544006,3.1114226579666138,-3.0,-3.0,True,1.4783923722166799,0.0,2.5808215141296387,0.0,0.102132477,0.102132477,29.893751286,False,False,double_contact,True,0,0.0,0.0,0.0
1613,16.140000000001933,0.4178484578366767,0.02906158501186064,0.029310251716551092,-0.02437196671962738,0.0004310062915003039,0.02412266990327488,0.3691045045852661,3.110511302947998,-3.0,-3.0,True,1.4655125858275546,0.0,2.583548426628113,0.0,0.10236353249999999,0.10236353249999999,29.893389635,False,False,double_contact,True,0,0.0,0.0,0.0
1614,16.150000000001928,0.41601348551368844,0.028821745502579016,0.02906158501186064,-0.023491865023970604,0.00043369841448475223,0.02415787017347959,0.36917153000831604,3.1092509031295776,-3.0,-3.0,True,1.453079250593032,0.0,2.586051821708679,0.0,0.1028032305,0.1028032305,29.892817914,False,False,double_contact,True,0,0.0,0.0,0.0
1615,16.160000000001922,0.41417911809915114,0.028590568674972852,0.028821745502579016,-0.02263171412050724,0.00043626760683839974,0.02419400512682158,0.36923885345458984,3.1078319549560547,-3.0,-3.0,True,1.4410872751289507,0.0,2.5882869958877563,0.0,0.1033019725,0.1033019725,29.892186075,False,False,double_contact,True,0,0.0,0.0,0.0
1616,16.170000000001917,0.4123454616276845,0.028367887520482242,0.028590568674972852,-0.021785661578178406,0.00043871754486761726,0.024231088999399675,0.36930644512176514,3.1062804460525513,-3.0,-3.0,True,1.4295284337486427,0.0,2.5902092456817627,0.0,0.10368339700000001,0.10368339700000001,29.8916706,False,False,double_contact,True,0,0.0,0.0,0.0
1617,16.18000000000191,0.4105126385870551,0.02815358556395121,0.028367887520482242,-0.020950358361005783,0.00044105169459215834,0.02426913442819286,0.3693743348121643,3.1044517755508423,-3.0,-3.0,True,1.418394376024112,0.0,2.5919079780578613,0.0,0.10418917999999999,0.10418917999999999,29.891029395,False,False,double_contact,True,0,0.0,0.0,0.0
1618,16.190000000001906,0.4086807953124655,0.027947524049727984,0.02815358556395121,-0.020130692049860954,0.00044327367107761215,0.024308154804452517,0.36944249272346497,3.102450966835022,-3.0,-3.0,True,1.4076792781975604,0.0,2.5933384895324707,0.0,0.10473486,0.10473486,29.8903471,False,False,double_contact,True,0,0.0,0.0,0.0
1619,16.2000000000019,0.4068500442802897,0.02774956282195447,0.027947524049727984,-0.019323844462633133,0.00044538733376457755,0.02434816387124717,0.3695108890533447,3.10028874874115,-3.0,-3.0,True,1.3973762024863992,0.0,2.594500780105591,0.0,0.10525928500000001,0.10525928500000001,29.88968499,False,False,double_contact,True,0,0.0,0.0,0.0
1620,16.210000000001894,0.405020501622123,0.027559551440108836,0.02774956282195447,-0.018534164875745773,0.0004473964849456575,0.024389175269936857,0.369579553604126,3.097918391227722,-3.0,-3.0,True,1.3874781410977235,0.0,2.5955289602279663,0.0,0.105985785,0.105985785,29.88881949,False,False,double_contact,True,0,0.0,0.0,0.0
1621,16.22000000000189,0.4031922633475946,0.027377312055145767,0.027559551440108836,-0.017761530354619026,0.00044930493059062526,0.024431202336794192,0.36964842677116394,3.095518112182617,-3.0,-3.0,True,1.377977572005442,0.0,2.596244215965271,0.0,0.106535825,0.106535825,29.88812956,False,False,double_contact,True,0,0.0,0.0,0.0
1622,16.230000000001883,0.40136540956013067,0.027202741676156755,0.027377312055145767,-0.016995470970869064,0.0004511167509974632,0.024474257592072887,0.369717538356781,3.092877984046936,-3.0,-3.0,True,1.3688656027572883,0.0,2.596735954284668,0.0,0.1071259175,0.1071259175,29.887398265,False,False,double_contact,True,0,0.0,0.0,0.0
1623,16.240000000001878,0.3995400782900683,0.027035720077187582,0.027202741676156755,-0.016245560720562935,0.0004528355535536199,0.02451835341096565,0.3697868883609772,3.0900222063064575,-3.0,-3.0,True,1.3601370838078377,0.0,2.5970935821533203,0.0,0.107962713,0.107962713,29.886418894,False,False,double_contact,True,0,0.0,0.0,0.0
1624,16.250000000001872,0.3977163597056369,0.026876049606615382,0.027035720077187582,-0.01551682036370039,0.00045446539880140323,0.024563502984330438,0.36985641717910767,3.0871723890304565,-3.0,-3.0,True,1.3517860038593792,0.0,2.597227692604065,0.0,0.10871446,0.10871446,29.88552374,False,False,double_contact,True,0,0.0,0.0,0.0
1625,16.260000000001867,0.3958942970245303,0.026723596728324354,0.026876049606615382,-0.014796193689107895,0.0004560104858650363,0.02460971882678694,0.3699261546134949,3.0842084884643555,-3.0,-3.0,True,1.343802480330769,0.0,2.5970935821533203,0.0,0.109321475,0.109321475,29.88477194,False,False,double_contact,True,0,0.0,0.0,0.0
1626,16.27000000000186,0.3940739989783323,0.026578273031057427,0.026723596728324354,-0.014086170122027397,0.0004574746553270161,0.02465701303748303,0.3699960708618164,3.0809648036956787,-3.0,-3.0,True,1.3361798364162176,0.0,2.5968700647354126,0.0,0.1102289175,0.1102289175,29.88371847,False,False,double_contact,True,0,0.0,0.0,0.0
1627,16.280000000001856,0.39225557248443776,0.026439908250352376,0.026578273031057427,-0.013396313413977623,0.00045886207374667076,0.024705398458863263,0.37006616592407227,3.0777252912521362,-3.0,-3.0,True,1.3289136515528714,0.0,2.596423029899597,0.0,0.11108668,0.11108668,29.88271366,False,False,double_contact,True,0,0.0,0.0,0.0
1628,16.29000000000185,0.3904390538896384,0.02630834817940056,0.026439908250352376,-0.01271884050220251,0.0004601768340472559,0.024754887176403423,0.37013643980026245,3.0744041204452515,-3.0,-3.0,True,1.3219954125176188,0.0,2.5957971811294556,0.0,0.111893125,0.111893125,29.88175892,False,False,double_contact,True,0,0.0,0.0,0.0
1629,16.300000000001845,0.38862451656209257,0.026183486246162166,0.02630834817940056,-0.012051185593008995,0.0004614227907544176,0.024805489966463826,0.37020689249038696,3.070927381515503,-3.0,-3.0,True,1.315417408970028,0.0,2.594992518424988,0.0,0.112755335,0.112755335,29.88074716,False,False,double_contact,True,0,0.0,0.0,0.0
1630,16.31000000000184,0.386812050351195,0.02606519997946876,0.026183486246162166,-0.011397551745176315,0.00046260382879680345,0.0248572183155749,0.3702774941921234,3.0673296451568604,-3.0,-3.0,True,1.3091743123081083,0.0,2.5940537452697754,0.0,0.11373596,0.11373596,29.87961574,False,False,double_contact,True,0,0.0,0.0,0.0
1631,16.320000000001833,0.3850017168764012,0.02595333836648488,0.02606519997946876,-0.010759278200566769,0.00046372409075086206,0.02491008411199436,0.3703482151031494,3.063705086708069,-3.0,-3.0,True,1.303259998973438,0.0,2.592936158180237,0.0,0.11468014700000001,0.11468014700000001,29.878519736,False,False,double_contact,True,0,0.0,0.0,0.0
1632,16.330000000001828,0.3831935602263977,0.02584775565607905,0.02595333836648488,-0.010135487653315067,0.00046478759303208365,0.02496409856582264,0.37041908502578735,3.0599879026412964,-3.0,-3.0,True,1.297666918324244,0.0,2.591729164123535,0.0,0.11571907000000001,0.11571907000000001,29.87732775,False,False,double_contact,True,0,0.0,0.0,0.0
1633,16.340000000001822,0.38138762941768145,0.02574831814324538,0.02584775565607905,-0.00952368788421154,0.00046579849886122773,0.025019272930293927,0.37049010396003723,3.0562504529953003,-3.0,-3.0,True,1.2923877828039525,0.0,2.590298652648926,0.0,0.11663921799999999,0.11663921799999999,29.876253344,False,False,double_contact,True,0,0.0,0.0,0.0
1634,16.350000000001817,0.3795839788133861,0.0256549274832207,0.02574831814324538,-0.008921142667531967,0.00046676093203548724,0.02507561785987818,0.37056124210357666,3.052346706390381,-3.0,-3.0,True,1.287415907162269,0.0,2.5887787342071533,0.0,0.117710655,0.117710655,29.8750264,False,False,double_contact,True,0,0.0,0.0,0.0
1635,16.36000000000181,0.3777826815170179,0.025567449324544737,0.0256549274832207,-0.008334416896104813,0.00046767910037860916,0.025133145082522675,0.37063246965408325,3.0484105348587036,-3.0,-3.0,True,1.282746374161035,0.0,2.5871247053146362,0.0,0.118829285,0.118829285,29.87375095,False,False,double_contact,True,0,0.0,0.0,0.0
1636,16.370000000001806,0.37598376673141803,0.025485738906231865,0.025567449324544737,-0.007761109620332718,0.00046855716137294846,0.025191865447540176,0.3707038164138794,3.04446017742157,-3.0,-3.0,True,1.2783724662272369,0.0,2.5853365659713745,0.0,0.119913625,0.119913625,29.87250878,False,False,double_contact,True,0,0.0,0.0,0.0
1637,16.3800000000018,0.3741872675110288,0.025408615111574148,0.025485738906231865,-0.007375448942184448,0.0004694986617954125,0.025251695917960275,0.3707752227783203,3.040435552597046,-3.0,-3.0,True,1.2742869453115933,0.0,2.5834590196609497,0.0,0.12107010000000001,0.12107010000000001,29.87119322,False,False,double_contact,True,0,0.0,0.0,0.0
1638,16.390000000001795,0.3723932017144335,0.025335257915819035,0.025408615111574148,-0.006989658810198307,0.0004703753951798702,0.02531249930380858,0.37084639072418213,3.0364030599594116,-3.0,-3.0,True,1.2704307555787073,0.0,2.5814473628997803,0.0,0.120404558,0.120404558,29.87170015,False,False,double_contact,True,0,0.0,0.0,0.0
1639,16.40000000000179,0.3706018468160307,0.02526643812739971,0.025335257915819035,-0.006492738611996174,0.00047116139510665995,0.025374252157639516,0.37091711163520813,3.030660629272461,-3.0,-3.0,True,1.2667628957909518,0.0,2.5793910026550293,0.0,0.120723995,0.120723995,29.87123391,False,False,double_contact,True,0,0.0,0.0,0.0
1640,16.410000000001784,0.36881384238303927,0.025202654832312613,0.02526643812739971,-0.005987083539366722,0.00047186920242258827,0.025436980583512733,0.37098732590675354,3.0243096351623535,-3.0,-3.0,True,1.2633219063699856,0.0,2.577066421508789,0.0,0.122328265,0.122328265,29.86948778,False,False,double_contact,True,0,0.0,0.0,0.0
1641,16.420000000001778,0.3670292872290686,0.02514365108405201,0.025202654832312613,-0.005525489803403616,0.00047250609880007807,0.02550069328284581,0.37105703353881836,3.0186039209365845,-3.0,-3.0,True,1.2601327416156307,0.0,2.574607729911804,0.0,0.123770252,0.123770252,29.86790733,False,False,double_contact,True,0,0.0,0.0,0.0
1642,16.430000000001773,0.36524792703516124,0.025089129435330305,0.02514365108405201,-0.005083600524812937,0.0004730795107134375,0.025565392596184396,0.3711261749267578,3.013309121131897,-3.0,-3.0,True,1.2571825542026005,0.0,2.572104334831238,0.0,0.124745545,0.124745545,29.8667947,False,False,double_contact,True,0,0.0,0.0,0.0
1643,16.440000000001767,0.3634696561242783,0.02503900214946904,0.025089129435330305,-0.004644845146685839,0.00047359697287423404,0.02563107430673266,0.3711947798728943,3.007936954498291,-3.0,-3.0,True,1.2544564717665152,0.0,2.5696009397506714,0.0,0.125786575,0.125786575,29.86561605,False,False,double_contact,True,0,0.0,0.0,0.0
1644,16.45000000000176,0.3616945074561627,0.024993207174183994,0.02503900214946904,-0.004214012064039707,0.0004740665042963061,0.025697733970206915,0.3712628483772278,3.0025545358657837,-3.0,-3.0,True,1.251950107473452,0.0,2.5669634342193604,0.0,0.126842305,0.126842305,29.86442257,False,False,double_contact,True,0,0.0,0.0,0.0
1645,16.460000000001756,0.3599224980515336,0.02495165913157771,0.024993207174183994,-0.003792389528825879,0.0004744957501264193,0.02576536689945315,0.3713303506374359,2.9971615076065063,-3.0,-3.0,True,1.2496603587091997,0.0,2.5642812252044678,0.0,0.127981115,0.127981115,29.86314596,False,False,double_contact,True,0,0.0,0.0,0.0
1646,16.47000000000175,0.35815363089854657,0.02491425157380173,0.02495165913157771,-0.0033819822128862143,0.00047489159690493793,0.025833967750643307,0.3713972866535187,2.9918283224105835,-3.0,-3.0,True,1.2475829565788856,0.0,2.561509609222412,0.0,0.1290910425,0.1290910425,29.86189823,False,False,double_contact,True,0,0.0,0.0,0.0
1647,16.480000000001745,0.35638789543749466,0.024880875015681463,0.02491425157380173,-0.002982740756124258,0.00047526152298182635,0.025903531784342033,0.37146371603012085,2.9865095615386963,-3.0,-3.0,True,1.2457125786900864,0.0,2.5587379932403564,0.0,0.13028863000000002,0.13028863000000002,29.86056289,False,False,double_contact,True,0,0.0,0.0,0.0
1648,16.49000000000174,0.3546252797673417,0.02485143589513455,0.024880875015681463,-0.0025908267125487328,0.000475611694361629,0.025974053908496456,0.37152957916259766,2.9812806844711304,-3.0,-3.0,True,1.2440437507840731,0.0,2.5557875633239746,0.0,0.13129274999999999,0.13129274999999999,29.85942091,False,False,double_contact,True,0,0.0,0.0,0.0
1649,16.500000000001734,0.35286578838031246,0.02482588712407797,0.02485143589513455,-0.00220328732393682,0.0004759484640019632,0.026045529551317295,0.37159493565559387,2.9759312868118286,-3.0,-3.0,True,1.2425717947567276,0.0,2.5528818368911743,0.0,0.13254032999999998,0.13254032999999998,29.85803528,False,False,double_contact,True,0,0.0,0.0,0.0
1650,16.510000000001728,0.35110944418636625,0.024804116629491106,0.02482588712407797,-0.0018305268604308367,0.0004762776024242519,0.026117954028600936,0.3716597557067871,2.970702290534973,-3.0,-3.0,True,1.2412943562038985,0.0,2.549886703491211,0.0,0.133759275,0.133759275,29.85667829,False,False,double_contact,True,0,0.0,0.0,0.0
1651,16.520000000001723,0.34935620729149847,0.02478601176119931,0.024804116629491106,-0.0014667691430076957,0.00047660504673712405,0.02619132152631623,0.37172409892082214,2.965541958808899,-3.0,-3.0,True,1.2402058314745552,0.0,2.546846866607666,0.0,0.13492541000000002,0.13492541000000002,29.85537411,False,False,double_contact,True,0,0.0,0.0,0.0
1652,16.530000000001717,0.34760606305909425,0.02477148750754192,0.02478601176119931,-0.001111630699597299,0.00047693625073243705,0.026265628000510736,0.371787965297699,2.960384964942932,-3.0,-3.0,True,1.2393005880599655,0.0,2.543807029724121,0.0,0.13618312500000002,0.13618312500000002,29.853978,False,False,double_contact,True,0,0.0,0.0,0.0
1653,16.54000000000171,0.345859001534078,0.02476044890011672,0.02477148750754192,-0.0007660618866793811,0.00047727645091601135,0.026340869728987606,0.3718513250350952,2.9553130865097046,-3.0,-3.0,True,1.238574375377096,0.0,2.540677785873413,0.0,0.137371915,0.137371915,29.8526508,False,False,double_contact,True,0,0.0,0.0,0.0
1654,16.550000000001706,0.34411500393920874,0.024752815045422358,0.02476044890011672,-0.00042810215381905437,0.0004776302042796041,0.02641704200691569,0.37191423773765564,2.9502406120300293,-3.0,-3.0,True,1.2380224450058361,0.0,2.537548542022705,0.0,0.138639565,0.138639565,29.85124457,False,False,double_contact,True,0,0.0,0.0,0.0
1655,16.5600000000017,0.3423740633615209,0.02474849554233321,0.024752815045422358,-9.989454702008516e-05,0.00047800229197149147,0.026494141480849283,0.37197670340538025,2.945237874984741,-3.0,-3.0,True,1.237640752271118,0.0,2.5343745946884155,0.0,0.13990691,0.13990691,29.84983835,False,False,double_contact,True,0,0.0,0.0,0.0
1656,16.570000000001695,0.340636154598953,0.024747403044878807,0.02474849554233321,0.00022028190142009407,0.00047839727702760315,0.026572165171822263,0.37203872203826904,2.940289258956909,-3.0,-3.0,True,1.2374247771166604,0.0,2.5311559438705444,0.0,0.14115579,0.14115579,29.84845059,False,False,double_contact,True,0,0.0,0.0,0.0
1657,16.58000000000169,0.33890126183306496,0.02474945629521202,0.024747403044878807,0.0005320003838278353,0.00047881916579145734,0.026651109302264827,0.3721003234386444,2.9353644847869873,-3.0,-3.0,True,1.2373701522439404,0.0,2.5279372930526733,0.0,0.14247378500000002,0.14247378500000002,29.84699348,False,False,double_contact,True,0,0.0,0.0,0.0
1658,16.590000000001684,0.33716936736431885,0.024754553218963752,0.02474945629521202,0.0008324673981405795,0.0004792725096623954,0.02673097205836734,0.37216150760650635,2.930521845817566,-3.0,-3.0,True,1.2374728147606011,0.0,2.5247186422348022,0.0,0.143823415,0.143823415,29.84550443,False,False,double_contact,True,0,0.0,0.0,0.0
1659,16.60000000000168,0.33544043212569585,0.02476259054251258,0.024754553218963752,0.001123494585044682,0.0004797612613197441,0.026811751736514785,0.37222230434417725,2.925778388977051,-3.0,-3.0,True,1.2377276609481875,0.0,2.5214552879333496,0.0,0.14510352999999998,0.14510352999999998,29.8440849,False,False,double_contact,True,0,0.0,0.0,0.0
1660,16.610000000001673,0.3337144265251859,0.024773494341063147,0.02476259054251258,0.0014080918626859784,0.0004802889499915457,0.02689344458626468,0.3722826838493347,2.9210504293441772,-3.0,-3.0,True,1.238129527125629,0.0,2.518191933631897,0.0,0.14642851,0.14642851,29.84262027,False,False,double_contact,True,0,0.0,0.0,0.0
1661,16.620000000001667,0.33199133919282237,0.02478719499892407,0.024773494341063147,0.001685554627329111,0.0004808591409294235,0.02697604915152583,0.37234267592430115,2.9163750410079956,-3.0,-3.0,True,1.2386747170531573,0.0,2.514883875846863,0.0,0.14774662,0.14774662,29.84116197,False,False,double_contact,True,0,0.0,0.0,0.0
1662,16.63000000000166,0.3302711516037102,0.02480360922604056,0.02478719499892407,0.001953545492142439,0.0004814755488830612,0.027059563469305943,0.37240228056907654,2.911732792854309,-3.0,-3.0,True,1.2393597499462035,0.0,2.51162052154541,0.0,0.14917625499999998,0.14917625499999998,29.83959226,False,False,double_contact,True,0,0.0,0.0,0.0
1663,16.640000000001656,0.3285538314657867,0.024822633042631884,0.02480360922604056,0.002211111830547452,0.000482141462850199,0.027143985875547783,0.3724615275859833,2.9072251319885254,-3.0,-3.0,True,1.240180461302028,0.0,2.508312463760376,0.0,0.15051997,0.15051997,29.83810806,False,False,double_contact,True,0,0.0,0.0,0.0
1664,16.65000000000165,0.3268393344619539,0.024844180562983063,0.024822633042631884,0.002460804069414735,0.00048286009866462415,0.027229315181257766,0.37252041697502136,2.902749180793762,-3.0,-3.0,True,1.2411316521315943,0.0,2.5050491094589233,0.0,0.151933655,0.151933655,29.83655365,False,False,double_contact,True,0,0.0,0.0,0.0
1665,16.660000000001645,0.32512763478582796,0.02486816945770801,0.024844180562983063,0.0027024177834391594,0.00048363447945693356,0.027315550272107587,0.3725789487361908,2.8983670473098755,-3.0,-3.0,True,1.2422090281491531,0.0,2.501741051673889,0.0,0.153288275,0.153288275,29.83505812,False,False,double_contact,True,0,0.0,0.0,0.0
1666,16.67000000000164,0.3234187019333276,0.024894541590991994,0.02486816945770801,0.0029393816366791725,0.0004844679795029952,0.027402690736731315,0.37263715267181396,2.8940060138702393,-3.0,-3.0,True,1.2434084728854005,0.0,2.498432993888855,0.0,0.15467363499999998,0.15467363499999998,29.83353144,False,False,double_contact,True,0,0.0,0.0,0.0
1667,16.680000000001634,0.3217125226573819,0.024923222466455487,0.024894541590991994,0.003166905837133527,0.0004853635475121698,0.027490735180388054,0.3726949989795685,2.889689564704895,-3.0,-3.0,True,1.2447270795495997,0.0,2.4951696395874023,0.0,0.156168965,0.156168965,29.83189455,False,False,double_contact,True,0,0.0,0.0,0.0
1668,16.69000000000163,0.3200090585111885,0.02495411566605671,0.024923222466455487,0.0033852611668407917,0.0004863237870788494,0.027579682909768637,0.3727525472640991,2.8855159282684326,-3.0,-3.0,True,1.2461611233227743,0.0,2.491861581802368,0.0,0.157554325,0.157554325,29.83036739,False,False,double_contact,True,0,0.0,0.0,0.0
1669,16.700000000001623,0.3183082639478891,0.024987154857125958,0.02495411566605671,0.003598086768761277,0.00048735159655146785,0.027669533186060122,0.3728097677230835,2.881359100341797,-3.0,-3.0,True,1.2477057833028353,0.0,2.4885982275009155,0.0,0.159009815,0.159009815,29.8287698,False,False,double_contact,True,0,0.0,0.0,0.0
1670,16.710000000001617,0.3166101189258511,0.025022267730120697,0.024987154857125958,0.0038027765695005655,0.0004884495983677738,0.0277602855154936,0.3728666603565216,2.877283215522766,-3.0,-3.0,True,1.2493577428562979,0.0,2.485334873199463,0.0,0.16047683499999998,0.16047683499999998,29.82716027,False,False,double_contact,True,0,0.0,0.0,0.0
1671,16.720000000001612,0.31491458498624725,0.025059379711977036,0.025022267730120697,0.004000513348728418,0.000489621214180583,0.027851940505166563,0.37292322516441345,2.8732868432998657,-3.0,-3.0,True,1.2511133865060349,0.0,2.4820715188980103,0.0,0.16192642000000002,0.16192642000000002,29.82556799,False,False,double_contact,True,0,0.0,0.0,0.0
1672,16.730000000001606,0.31322162874074766,0.025098421717749134,0.025059379711977036,0.00419112341478467,0.0004908688170821936,0.027944498252307298,0.3729795217514038,2.869341254234314,-3.0,-3.0,True,1.2529689855988517,0.0,2.478852868080139,0.0,0.16344064,0.16344064,29.8239106,False,False,double_contact,True,0,0.0,0.0,0.0
1673,16.7400000000016,0.31153121502287273,0.02513932284578593,0.025098421717749134,0.0043751392513513565,0.0004921942579592112,0.02803795732168664,0.3730355203151703,2.865501880645752,-3.0,-3.0,True,1.2549210858874567,0.0,2.4755895137786865,0.0,0.1648674,0.1648674,29.82234049,False,False,double_contact,True,0,0.0,0.0,0.0
1674,16.750000000001595,0.3098433107970275,0.0251820274497777,0.02513932284578593,0.004553547129034996,0.0004936003930665247,0.02813231815142277,0.3730912208557129,2.861667513847351,-3.0,-3.0,True,1.2569661422892964,0.0,2.472415566444397,0.0,0.166437865,0.166437865,29.82062608,False,False,double_contact,True,0,0.0,0.0,0.0
1675,16.76000000000159,0.30815788742234657,0.025226457577609364,0.0251820274497777,0.0047234888188540936,0.0004950900114147462,0.028227581514229785,0.373146653175354,2.85797655582428,-3.0,-3.0,True,1.259101372488885,0.0,2.469196915626526,0.0,0.16791113,0.16791113,29.81900881,False,False,double_contact,True,0,0.0,0.0,0.0
1676,16.770000000001584,0.306474896133483,0.025272547554965556,0.025226457577609364,0.004887447692453861,0.0004966653823150318,0.028323748259518753,0.37320181727409363,2.8543143272399902,-3.0,-3.0,True,1.2613228788804682,0.0,2.466067671775818,0.0,0.16949083,0.16949083,29.817284569999998,False,False,double_contact,True,0,0.0,0.0,0.0
1677,16.78000000000158,0.3047943028960476,0.02532023569523233,0.025272547554965556,0.005045947153121233,0.0004983286036738883,0.028420818213666488,0.3732566833496094,2.8507816791534424,-3.0,-3.0,True,1.2636273777482778,0.0,2.4628490209579468,0.0,0.1709097,0.1709097,29.81572098,False,False,double_contact,True,0,0.0,0.0,0.0
1678,16.790000000001573,0.3031160769609872,0.025369486456607124,0.02532023569523233,0.005200945772230625,0.0005000821489760105,0.028518790717138306,0.373311311006546,2.8472018241882324,-3.0,-3.0,True,1.2660117847616166,0.0,2.4597644805908203,0.0,0.17255631,0.17255631,29.81392905,False,False,double_contact,True,0,0.0,0.0,0.0
1679,16.800000000001567,0.30144019814327533,0.02542021798473903,0.025369486456607124,0.005345774348825216,0.0005019285174139498,0.028617667934813303,0.3733656704425812,2.843801736831665,-3.0,-3.0,True,1.268474322830356,0.0,2.4566352367401123,0.0,0.174096555,0.174096555,29.81224313,False,False,double_contact,True,0,0.0,0.0,0.0
1680,16.810000000001562,0.29976660220882667,0.025472367471124586,0.02542021798473903,0.005486445035785437,0.0005038694886343961,0.028717449410735146,0.37341976165771484,2.8404542207717896,-3.0,-3.0,True,1.2710108992369513,0.0,2.453550696372986,0.0,0.17564246,0.17564246,29.81055138,False,False,double_contact,True,0,0.0,0.0,0.0
1681,16.820000000001556,0.2980952617704439,0.025525885612350807,0.025472367471124586,0.005621548742055893,0.0005059081478398671,0.028818136556386,0.3734736144542694,2.8371580839157104,-3.0,-3.0,True,1.2736183735562294,0.0,2.450510859489441,0.0,0.17725159,0.17725159,29.80879574,False,False,double_contact,True,0,0.0,0.0,0.0
1682,16.83000000000155,0.29642614072674534,0.02558070819180217,0.025525885612350807,0.005750004667788744,0.0005080465896611789,0.028919730246784105,0.3735272288322449,2.833967447280884,-3.0,-3.0,True,1.2762942806175404,0.0,2.447471022605896,0.0,0.178820745,0.178820745,29.80707978,False,False,double_contact,True,0,0.0,0.0,0.0
1683,16.840000000001545,0.2947591965471372,0.025636795140410944,0.02558070819180217,0.005876076873391867,0.0005102868482851761,0.029022230239417923,0.37358060479164124,2.8308284282684326,-3.0,-3.0,True,1.2790354095901084,0.0,2.444431185722351,0.0,0.18036282,0.18036282,29.80539048,False,False,double_contact,True,0,0.0,0.0,0.0
1684,16.85000000000154,0.29309440907039874,0.025694108585881427,0.025636795140410944,0.005996979773044586,0.0005126312542842362,0.02912563825869534,0.3736337423324585,2.827706217765808,-3.0,-3.0,True,1.281839757020547,0.0,2.4414807558059692,0.0,0.182055085,0.182055085,29.80355045,False,False,double_contact,True,0,0.0,0.0,0.0
1685,16.860000000001534,0.2914317426350373,0.025752580625579485,0.025694108585881427,0.006110872142016888,0.000515082179581879,0.029229955821251773,0.37368664145469666,2.824743628501892,-3.0,-3.0,True,1.2847054292940714,0.0,2.438485622406006,0.0,0.18361758,0.18361758,29.80184002,False,False,double_contact,True,0,0.0,0.0,0.0
1686,16.87000000000153,0.2897711457702925,0.02581217835072064,0.025752580625579485,0.006223330739885569,0.0005176415077809365,0.029335183178361948,0.3737393021583557,2.8217930793762207,-3.0,-3.0,True,1.2876290312789742,0.0,2.435535192489624,0.0,0.185221465,0.185221465,29.80008766,False,False,double_contact,True,0,0.0,0.0,0.0
1687,16.880000000001523,0.2881126038291511,0.02587285622015798,0.02581217835072064,0.0063290162943303585,0.0005203113226913286,0.029441320412039295,0.37379178404808044,2.8188916444778442,-3.0,-3.0,True,1.290608917536032,0.0,2.4326741695404053,0.0,0.186961965,0.186961965,29.79819809,False,False,double_contact,True,0,0.0,0.0,0.0
1688,16.890000000001518,0.28645606850995087,0.025934541283684914,0.02587285622015798,0.0064279064536094666,0.0005230941171374787,0.029548369380675017,0.3738439977169037,2.8161656856536865,-3.0,-3.0,True,1.293642811007899,0.0,2.429768443107605,0.0,0.18854137999999998,0.18854137999999998,29.79646948,False,False,double_contact,True,0,0.0,0.0,0.0
1689,16.900000000001512,0.2848014860421424,0.025997199051804584,0.025934541283684914,0.006524716038256884,0.0005259923797905379,0.029656331777682916,0.3738960325717926,2.8134357929229736,-3.0,-3.0,True,1.2967270641842457,0.0,2.4269521236419678,0.0,0.190224395,0.190224395,29.7946365,False,False,double_contact,True,0,0.0,0.0,0.0
1690,16.910000000001506,0.2831488373636444,0.02606079502255031,0.025997199051804584,0.006617777515202761,0.0005290072337227573,0.029765207205277727,0.3739478588104248,2.810802698135376,-3.0,-3.0,True,1.2998599525902292,0.0,2.424091100692749,0.0,0.19182723499999998,0.19182723499999998,29.79288346,False,False,double_contact,True,0,0.0,0.0,0.0
1691,16.9200000000015,0.2814980920151814,0.026125293558293353,0.02606079502255031,0.0067066047340631485,0.0005321418894358759,0.029874996984475863,0.3739994764328003,2.8081722259521484,-3.0,-3.0,True,1.3030397511275156,0.0,2.421364188194275,0.0,0.193617005,0.193617005,29.79094289,False,False,double_contact,True,0,0.0,0.0,0.0
1692,16.930000000001495,0.27984921341661817,0.026190635876458083,0.026125293558293353,0.006789651233702898,0.0005353985753487224,0.02998570347750747,0.3740508556365967,2.805726408958435,-3.0,-3.0,True,1.3062646779146676,0.0,2.4185478687286377,0.0,0.195198015,0.195198015,29.78921066,False,False,double_contact,True,0,0.0,0.0,0.0
1693,16.94000000000149,0.2782021530757627,0.026256809468534464,0.026190635876458083,0.006873361766338348,0.0005387785979216528,0.03009732615633366,0.37410208582878113,2.80323588848114,-3.0,-3.0,True,1.309531793822904,0.0,2.4158209562301636,0.0,0.19690497,0.19690497,29.78735207,False,False,double_contact,True,0,0.0,0.0,0.0
1694,16.950000000001484,0.27655690722376647,0.026323779138035748,0.026256809468534464,0.006951099261641502,0.0005422847042921175,0.030209867019810207,0.3741530776023865,2.8008270263671875,-3.0,-3.0,True,1.3128404734267232,0.0,2.413138747215271,0.0,0.19867891,0.19867891,29.78542584,False,False,double_contact,True,0,0.0,0.0,0.0
1695,16.96000000000148,0.2749134258185312,0.02639148351936642,0.026323779138035748,0.007023033685982227,0.0005459190460281484,0.030323327161576125,0.3742038905620575,2.7985528707504272,-3.0,-3.0,True,1.3161889569017875,0.0,2.4104565382003784,0.0,0.200365555,0.200365555,29.78358679,False,False,double_contact,True,0,0.0,0.0,0.0
1696,16.970000000001473,0.27327166061371744,0.026459893264598272,0.02639148351936642,0.007093510590493679,0.0005496834820921604,0.030437706703081477,0.3742545247077942,2.7963109016418457,-3.0,-3.0,True,1.319574175968321,0.0,2.4078190326690674,0.0,0.20207444,0.20207444,29.78172478,False,False,double_contact,True,0,0.0,0.0,0.0
1697,16.980000000001468,0.2716315911181554,0.026528982262007242,0.026459893264598272,0.007160595152527094,0.0005535805265055278,0.030553007602357563,0.37430495023727417,2.7941170930862427,-3.0,-3.0,True,1.3229946632299137,0.0,2.405226230621338,0.0,0.20383952500000002,0.20383952500000002,29.77980597,False,False,double_contact,True,0,0.0,0.0,0.0
1698,16.990000000001462,0.26999318438301667,0.02659872225538302,0.026528982262007242,0.007225672714412212,0.0005576117469919369,0.030669229449017156,0.3743551969528198,2.7920174598693848,-3.0,-3.0,True,1.3264491131003622,0.0,2.402588725090027,0.0,0.205497965,0.205497965,29.77799357,False,False,double_contact,True,0,0.0,0.0,0.0
1699,17.000000000001457,0.26835641573091584,0.026669097211733953,0.02659872225538302,0.007288527674973011,0.0005617797314130647,0.03078637307732258,0.37440526485443115,2.7898921966552734,-3.0,-3.0,True,1.329936112769151,0.0,2.4000853300094604,0.0,0.20736052,0.20736052,29.77597629,False,False,double_contact,True,0,0.0,0.0,0.0
1700,17.01000000000145,0.2667212591555188,0.02674005215334718,0.026669097211733953,0.007344790268689394,0.0005660871628793466,0.030904441592185986,0.37445515394210815,2.7879422903060913,-3.0,-3.0,True,1.3334548605866976,0.0,2.3975372314453125,0.0,0.2090853,0.2090853,29.7740966,False,False,double_contact,True,0,0.0,0.0,0.0
1701,17.020000000001446,0.26508765812132684,0.026811555234425046,0.02674005215334718,0.007399396039545536,0.0005705355488557038,0.03102343458634722,0.37450486421585083,2.7860090732574463,-3.0,-3.0,True,1.337002607667359,0.0,2.3950785398483276,0.0,0.210884015,0.210884015,29.77214237,False,False,double_contact,True,0,0.0,0.0,0.0
1702,17.03000000000144,0.2634555896121092,0.026883585504045775,0.026811555234425046,0.007452140562236309,0.0005751274732455354,0.031143352797046987,0.3745543956756592,2.7841618061065674,-3.0,-3.0,True,1.3405777617212522,0.0,2.3925751447677612,0.0,0.21259101,0.21259101,29.77027933,False,False,double_contact,True,0,0.0,0.0,0.0
1703,17.040000000001434,0.2618250306642105,0.026956136358445404,0.026883585504045775,0.007504329085350037,0.0005798647763095324,0.03126419602625619,0.3746037483215332,2.782295346260071,-3.0,-3.0,True,1.3441792752022887,0.0,2.390161156654358,0.0,0.21443455,0.21443455,29.76827909,False,False,double_contact,True,0,0.0,0.0,0.0
1704,17.05000000000143,0.2601959652198638,0.027029172242213222,0.026956136358445404,0.007551595102995634,0.000584750010930315,0.031385965963892336,0.3746529519557953,2.7805421352386475,-3.0,-3.0,True,1.3478068179222702,0.0,2.3877471685409546,0.0,0.216241925,0.216241925,29.76631466,False,False,double_contact,True,0,0.0,0.0,0.0
1705,17.060000000001423,0.258568347692754,0.027102668972308643,0.027029172242213222,0.007598025258630514,0.0005897854296815659,0.03150866288508864,0.37470197677612305,2.778849482536316,-3.0,-3.0,True,1.351458612110661,0.0,2.3853331804275513,0.0,0.21799406500000001,0.21799406500000001,29.7644051,False,False,double_contact,True,0,0.0,0.0,0.0
1706,17.070000000001418,0.2569421594980041,0.02717661807890878,0.027102668972308643,0.0076430924236774445,0.0005949729485631864,0.031632286667313825,0.3747508227825165,2.7771522998809814,-3.0,-3.0,True,1.355133448615432,0.0,2.383008599281311,0.0,0.219882355,0.219882355,29.76235856,False,False,double_contact,True,0,0.0,0.0,0.0
1707,17.080000000001412,0.2553173780383076,0.027250975097950207,0.02717661807890878,0.00768224336206913,0.0006003155304096118,0.031756838754572254,0.3747994899749756,2.7755813598632812,-3.0,-3.0,True,1.358830903945439,0.0,2.3807063698768616,0.0,0.22174631,0.22174631,29.76033618,False,False,double_contact,True,0,0.0,0.0,0.0
1708,17.090000000001407,0.2536939494070464,0.027325706578402234,0.027250975097950207,0.007719878107309341,0.0006058148138264957,0.031882318903504396,0.37484800815582275,2.774094820022583,-3.0,-3.0,True,1.3625487548975104,0.0,2.3783817887306213,0.0,0.22349949,0.22349949,29.75842385,False,False,double_contact,True,0,0.0,0.0,0.0
1709,17.1000000000014,0.25207185400830756,0.027400815183959717,0.027325706578402234,0.0077582155354321,0.0006114737085377578,0.03200872813519112,0.3748963475227356,2.7725703716278076,-3.0,-3.0,True,1.3662853289201118,0.0,2.376146614551544,0.0,0.22539441,0.22539441,29.75636931,False,False,double_contact,True,0,0.0,0.0,0.0
1710,17.110000000001396,0.25045108406881267,0.027476284111829723,0.027400815183959717,0.007794031407684088,0.0006172936477385007,0.03213606519183812,0.3749445378780365,2.7711468935012817,-3.0,-3.0,True,1.370040759197986,0.0,2.3738667368888855,0.0,0.227205115,0.227205115,29.75439857,False,False,double_contact,True,0,0.0,0.0,0.0
1711,17.12000000000139,0.2488316096553665,0.027552100714008546,0.027476284111829723,0.007828810252249241,0.0006232774499468388,0.03226433006636878,0.3749925494194031,2.7697232961654663,-3.0,-3.0,True,1.3738142055914861,0.0,2.37167626619339,0.0,0.2291279,0.2291279,29.75231509,False,False,double_contact,True,0,0.0,0.0,0.0
1712,17.130000000001385,0.24721341050348078,0.027628237187785714,0.027552100714008546,0.007860250771045685,0.0006294274321730673,0.0323935237920596,0.3750404119491577,2.768406391143799,-3.0,-3.0,True,1.3776050357004272,0.0,2.3694634437561035,0.0,0.23097454,0.23097454,29.75030734,False,False,double_contact,True,0,0.0,0.0,0.0
1713,17.14000000000138,0.24559645220041637,0.02770468395637795,0.027628237187785714,0.007891887798905373,0.0006357455973262052,0.03252364547660892,0.3750881254673004,2.767103433609009,-3.0,-3.0,True,1.3814118593892857,0.0,2.3672953248023987,0.0,0.23285642,0.23285642,29.74826393,False,False,double_contact,True,0,0.0,0.0,0.0
1714,17.150000000001373,0.24398072222997053,0.027781427324267374,0.02770468395637795,0.007921156473457813,0.000642234613001038,0.032654695501671646,0.3751356601715088,2.7658432722091675,-3.0,-3.0,True,1.3852341978188976,0.0,2.3651719093322754,0.0,0.23479399,0.23479399,29.74616417,False,False,double_contact,True,0,0.0,0.0,0.0
1715,17.160000000001368,0.2423661920323397,0.027858439878204223,0.027781427324267374,0.00794773455709219,0.0006488964741948137,0.03278667289338792,0.3751830458641052,2.764670252799988,-3.0,-3.0,True,1.3890713662133687,0.0,2.363048493862152,0.0,0.23667914,0.23667914,29.74411654,False,False,double_contact,True,0,0.0,0.0,0.0
1716,17.170000000001362,0.24075283170924117,0.027935714483104255,0.027858439878204223,0.007974673062562943,0.0006557335064274556,0.0329195774919645,0.37523025274276733,2.76351797580719,-3.0,-3.0,True,1.392921993910211,0.0,2.3609474301338196,0.0,0.238570265,0.238570265,29.74206233,False,False,double_contact,True,0,0.0,0.0,0.0
1717,17.180000000001357,0.2391406316169089,0.02801324724274205,0.027935714483104255,0.008000604808330536,0.0006627488419508336,0.03305340950691471,0.3752773106098175,2.762384295463562,-3.0,-3.0,True,1.3967857241552128,0.0,2.3588910698890686,0.0,0.240528405,0.240528405,29.73994064,False,False,double_contact,True,0,0.0,0.0,0.0
1718,17.19000000000135,0.23752957275081313,0.028091017937426556,0.02801324724274205,0.008024160750210285,0.0006699444355903494,0.03318816797838568,0.37532421946525574,2.761326789855957,-3.0,-3.0,True,1.4006623621371026,0.0,2.3568347096443176,0.0,0.242451285,0.242451285,29.73785368,False,False,double_contact,True,0,0.0,0.0,0.0
1719,17.200000000001346,0.23591962792919713,0.028169018632266587,0.028091017937426556,0.008047781884670258,0.0006773228683874449,0.03332385233003037,0.37537097930908203,2.7602962255477905,-3.0,-3.0,True,1.4045508968713278,0.0,2.3548007011413574,0.0,0.244378655,0.244378655,29.73576173,False,False,double_contact,True,0,0.0,0.0,0.0
1720,17.21000000000134,0.23431078534136118,0.028247244095113463,0.028169018632266587,0.008070375770330429,0.000684886081525409,0.03346046051796964,0.375417560338974,2.75928795337677,-3.0,-3.0,True,1.4084509316133293,0.0,2.3528113961219788,0.0,0.246366645,0.246366645,29.73360863,False,False,double_contact,True,0,0.0,0.0,0.0
