controller,height,episode,seed,survival_time,fall_rate,pitch_RMS_deg,roll_RMS_deg,height_RMSE,CoM_error_RMS,wheel_speed_RMS,wheel_cmd_RMS,action_saturation_rate,action_rate_RMS
height_scheduled_dynamic_lqr_ik,0.7,0,42,0.42,1.0,21.080690383911133,0.4760442078113556,0.2531084716320038,0.21080690622329712,19.110126495361328,0.08606057614088058,0.0,0.019123168662190437
height_scheduled_dynamic_lqr_ik,0.7,1,43,0.42,1.0,21.080690383911133,0.4760442078113556,0.2531084716320038,0.21080690622329712,19.110126495361328,0.08606057614088058,0.0,0.019123168662190437
height_scheduled_dynamic_lqr_ik,0.7,2,44,0.42,1.0,21.080690383911133,0.4760442078113556,0.2531084716320038,0.21080690622329712,19.110126495361328,0.08606057614088058,0.0,0.019123168662190437
height_scheduled_dynamic_lqr_ik,0.7,3,45,0.42,1.0,21.080690383911133,0.4760442078113556,0.2531084716320038,0.21080690622329712,19.110126495361328,0.08606057614088058,0.0,0.019123168662190437
height_scheduled_dynamic_lqr_ik,0.7,4,46,0.42,1.0,21.080690383911133,0.4760442078113556,0.2531084716320038,0.21080690622329712,19.110126495361328,0.08606057614088058,0.0,0.019123168662190437
height_scheduled_dynamic_lqr_ik,0.7,5,47,0.42,1.0,21.080690383911133,0.4760442078113556,0.2531084716320038,0.21080690622329712,19.110126495361328,0.08606057614088058,0.0,0.019123168662190437
height_scheduled_dynamic_lqr_ik,0.7,6,48,0.42,1.0,21.080690383911133,0.4760442078113556,0.2531084716320038,0.21080690622329712,19.110126495361328,0.08606057614088058,0.0,0.019123168662190437
height_scheduled_dynamic_lqr_ik,0.7,7,49,0.42,1.0,21.080690383911133,0.4760442078113556,0.2531084716320038,0.21080690622329712,19.110126495361328,0.08606057614088058,0.0,0.019123168662190437
height_scheduled_dynamic_lqr_ik,0.7,8,50,0.42,1.0,21.080690383911133,0.4760442078113556,0.2531084716320038,0.21080690622329712,19.110126495361328,0.08606057614088058,0.0,0.019123168662190437
height_scheduled_dynamic_lqr_ik,0.7,9,51,0.42,1.0,21.080690383911133,0.4760442078113556,0.2531084716320038,0.21080690622329712,19.110126495361328,0.08606057614088058,0.0,0.019123168662190437
height_scheduled_dynamic_lqr_ik,0.7,10,52,0.42,1.0,21.080690383911133,0.4760442078113556,0.2531084716320038,0.21080690622329712,19.110126495361328,0.08606057614088058,0.0,0.019123168662190437
height_scheduled_dynamic_lqr_ik,0.7,11,53,0.42,1.0,21.080690383911133,0.4760442078113556,0.2531084716320038,0.21080690622329712,19.110126495361328,0.08606057614088058,0.0,0.019123168662190437
height_scheduled_dynamic_lqr_ik,0.7,12,54,0.42,1.0,21.080690383911133,0.4760442078113556,0.2531084716320038,0.21080690622329712,19.110126495361328,0.08606057614088058,0.0,0.019123168662190437
height_scheduled_dynamic_lqr_ik,0.7,13,55,0.42,1.0,21.080690383911133,0.4760442078113556,0.2531084716320038,0.21080690622329712,19.110126495361328,0.08606057614088058,0.0,0.019123168662190437
height_scheduled_dynamic_lqr_ik,0.7,14,56,0.42,1.0,21.080690383911133,0.4760442078113556,0.2531084716320038,0.21080690622329712,19.110126495361328,0.08606057614088058,0.0,0.019123168662190437
height_scheduled_dynamic_lqr_ik,0.7,15,57,0.42,1.0,21.080690383911133,0.4760442078113556,0.2531084716320038,0.21080690622329712,19.110126495361328,0.08606057614088058,0.0,0.019123168662190437
height_scheduled_dynamic_lqr_ik,0.7,16,58,0.42,1.0,21.080690383911133,0.4760442078113556,0.2531084716320038,0.21080690622329712,19.110126495361328,0.08606057614088058,0.0,0.019123168662190437
height_scheduled_dynamic_lqr_ik,0.7,17,59,0.42,1.0,21.080690383911133,0.4760442078113556,0.2531084716320038,0.21080690622329712,19.110126495361328,0.08606057614088058,0.0,0.019123168662190437
height_scheduled_dynamic_lqr_ik,0.7,18,60,0.42,1.0,21.080690383911133,0.4760442078113556,0.2531084716320038,0.21080690622329712,19.110126495361328,0.08606057614088058,0.0,0.019123168662190437
height_scheduled_dynamic_lqr_ik,0.7,19,61,0.42,1.0,21.080690383911133,0.4760442078113556,0.2531084716320038,0.21080690622329712,19.110126495361328,0.08606057614088058,0.0,0.019123168662190437
height_scheduled_dynamic_lqr_ik,0.65,0,42,0.32,1.0,20.74844741821289,0.5838416218757629,0.25320571660995483,0.20748446881771088,16.18777847290039,0.08566969633102417,0.0,0.028259605169296265
height_scheduled_dynamic_lqr_ik,0.65,1,43,0.32,1.0,20.74844741821289,0.5838416218757629,0.25320571660995483,0.20748446881771088,16.18777847290039,0.08566969633102417,0.0,0.028259605169296265
height_scheduled_dynamic_lqr_ik,0.65,2,44,0.32,1.0,20.74844741821289,0.5838416218757629,0.25320571660995483,0.20748446881771088,16.18777847290039,0.08566969633102417,0.0,0.028259605169296265
height_scheduled_dynamic_lqr_ik,0.65,3,45,0.32,1.0,20.74844741821289,0.5838416218757629,0.25320571660995483,0.20748446881771088,16.18777847290039,0.08566969633102417,0.0,0.028259605169296265
height_scheduled_dynamic_lqr_ik,0.65,4,46,0.32,1.0,20.74844741821289,0.5838416218757629,0.25320571660995483,0.20748446881771088,16.18777847290039,0.08566969633102417,0.0,0.028259605169296265
height_scheduled_dynamic_lqr_ik,0.65,5,47,0.32,1.0,20.74844741821289,0.5838416218757629,0.25320571660995483,0.20748446881771088,16.18777847290039,0.08566969633102417,0.0,0.028259605169296265
height_scheduled_dynamic_lqr_ik,0.65,6,48,0.32,1.0,20.74844741821289,0.5838416218757629,0.25320571660995483,0.20748446881771088,16.18777847290039,0.08566969633102417,0.0,0.028259605169296265
height_scheduled_dynamic_lqr_ik,0.65,7,49,0.32,1.0,20.74844741821289,0.5838416218757629,0.25320571660995483,0.20748446881771088,16.18777847290039,0.08566969633102417,0.0,0.028259605169296265
height_scheduled_dynamic_lqr_ik,0.65,8,50,0.32,1.0,20.74844741821289,0.5838416218757629,0.25320571660995483,0.20748446881771088,16.18777847290039,0.08566969633102417,0.0,0.028259605169296265
height_scheduled_dynamic_lqr_ik,0.65,9,51,0.32,1.0,20.74844741821289,0.5838416218757629,0.25320571660995483,0.20748446881771088,16.18777847290039,0.08566969633102417,0.0,0.028259605169296265
height_scheduled_dynamic_lqr_ik,0.65,10,52,0.32,1.0,20.74844741821289,0.5838416218757629,0.25320571660995483,0.20748446881771088,16.18777847290039,0.08566969633102417,0.0,0.028259605169296265
height_scheduled_dynamic_lqr_ik,0.65,11,53,0.32,1.0,20.74844741821289,0.5838416218757629,0.25320571660995483,0.20748446881771088,16.18777847290039,0.08566969633102417,0.0,0.028259605169296265
height_scheduled_dynamic_lqr_ik,0.65,12,54,0.32,1.0,20.74844741821289,0.5838416218757629,0.25320571660995483,0.20748446881771088,16.18777847290039,0.08566969633102417,0.0,0.028259605169296265
height_scheduled_dynamic_lqr_ik,0.65,13,55,0.32,1.0,20.74844741821289,0.5838416218757629,0.25320571660995483,0.20748446881771088,16.18777847290039,0.08566969633102417,0.0,0.028259605169296265
height_scheduled_dynamic_lqr_ik,0.65,14,56,0.32,1.0,20.74844741821289,0.5838416218757629,0.25320571660995483,0.20748446881771088,16.18777847290039,0.08566969633102417,0.0,0.028259605169296265
height_scheduled_dynamic_lqr_ik,0.65,15,57,0.32,1.0,20.74844741821289,0.5838416218757629,0.25320571660995483,0.20748446881771088,16.18777847290039,0.08566969633102417,0.0,0.028259605169296265
height_scheduled_dynamic_lqr_ik,0.65,16,58,0.32,1.0,20.74844741821289,0.5838416218757629,0.25320571660995483,0.20748446881771088,16.18777847290039,0.08566969633102417,0.0,0.028259605169296265
height_scheduled_dynamic_lqr_ik,0.65,17,59,0.32,1.0,20.74844741821289,0.5838416218757629,0.25320571660995483,0.20748446881771088,16.18777847290039,0.08566969633102417,0.0,0.028259605169296265
height_scheduled_dynamic_lqr_ik,0.65,18,60,0.32,1.0,20.74844741821289,0.5838416218757629,0.25320571660995483,0.20748446881771088,16.18777847290039,0.08566969633102417,0.0,0.028259605169296265
height_scheduled_dynamic_lqr_ik,0.65,19,61,0.32,1.0,20.74844741821289,0.5838416218757629,0.25320571660995483,0.20748446881771088,16.18777847290039,0.08566969633102417,0.0,0.028259605169296265
height_scheduled_dynamic_lqr_ik,0.6,0,42,0.32,1.0,22.67405128479004,0.5952857136726379,0.2521933317184448,0.2267405092716217,16.855655670166016,0.10559239983558655,0.0,0.01824425533413887
height_scheduled_dynamic_lqr_ik,0.6,1,43,0.32,1.0,22.67405128479004,0.5952857136726379,0.2521933317184448,0.2267405092716217,16.855655670166016,0.10559239983558655,0.0,0.01824425533413887
height_scheduled_dynamic_lqr_ik,0.6,2,44,0.32,1.0,22.67405128479004,0.5952857136726379,0.2521933317184448,0.2267405092716217,16.855655670166016,0.10559239983558655,0.0,0.01824425533413887
height_scheduled_dynamic_lqr_ik,0.6,3,45,0.32,1.0,22.67405128479004,0.5952857136726379,0.2521933317184448,0.2267405092716217,16.855655670166016,0.10559239983558655,0.0,0.01824425533413887
height_scheduled_dynamic_lqr_ik,0.6,4,46,0.32,1.0,22.67405128479004,0.5952857136726379,0.2521933317184448,0.2267405092716217,16.855655670166016,0.10559239983558655,0.0,0.01824425533413887
height_scheduled_dynamic_lqr_ik,0.6,5,47,0.32,1.0,22.67405128479004,0.5952857136726379,0.2521933317184448,0.2267405092716217,16.855655670166016,0.10559239983558655,0.0,0.01824425533413887
height_scheduled_dynamic_lqr_ik,0.6,6,48,0.32,1.0,22.67405128479004,0.5952857136726379,0.2521933317184448,0.2267405092716217,16.855655670166016,0.10559239983558655,0.0,0.01824425533413887
height_scheduled_dynamic_lqr_ik,0.6,7,49,0.32,1.0,22.67405128479004,0.5952857136726379,0.2521933317184448,0.2267405092716217,16.855655670166016,0.10559239983558655,0.0,0.01824425533413887
height_scheduled_dynamic_lqr_ik,0.6,8,50,0.32,1.0,22.67405128479004,0.5952857136726379,0.2521933317184448,0.2267405092716217,16.855655670166016,0.10559239983558655,0.0,0.01824425533413887
height_scheduled_dynamic_lqr_ik,0.6,9,51,0.32,1.0,22.67405128479004,0.5952857136726379,0.2521933317184448,0.2267405092716217,16.855655670166016,0.10559239983558655,0.0,0.01824425533413887
height_scheduled_dynamic_lqr_ik,0.6,10,52,0.32,1.0,22.67405128479004,0.5952857136726379,0.2521933317184448,0.2267405092716217,16.855655670166016,0.10559239983558655,0.0,0.01824425533413887
height_scheduled_dynamic_lqr_ik,0.6,11,53,0.32,1.0,22.67405128479004,0.5952857136726379,0.2521933317184448,0.2267405092716217,16.855655670166016,0.10559239983558655,0.0,0.01824425533413887
height_scheduled_dynamic_lqr_ik,0.6,12,54,0.32,1.0,22.67405128479004,0.5952857136726379,0.2521933317184448,0.2267405092716217,16.855655670166016,0.10559239983558655,0.0,0.01824425533413887
height_scheduled_dynamic_lqr_ik,0.6,13,55,0.32,1.0,22.67405128479004,0.5952857136726379,0.2521933317184448,0.2267405092716217,16.855655670166016,0.10559239983558655,0.0,0.01824425533413887
height_scheduled_dynamic_lqr_ik,0.6,14,56,0.32,1.0,22.67405128479004,0.5952857136726379,0.2521933317184448,0.2267405092716217,16.855655670166016,0.10559239983558655,0.0,0.01824425533413887
height_scheduled_dynamic_lqr_ik,0.6,15,57,0.32,1.0,22.67405128479004,0.5952857136726379,0.2521933317184448,0.2267405092716217,16.855655670166016,0.10559239983558655,0.0,0.01824425533413887
height_scheduled_dynamic_lqr_ik,0.6,16,58,0.32,1.0,22.67405128479004,0.5952857136726379,0.2521933317184448,0.2267405092716217,16.855655670166016,0.10559239983558655,0.0,0.01824425533413887
height_scheduled_dynamic_lqr_ik,0.6,17,59,0.32,1.0,22.67405128479004,0.5952857136726379,0.2521933317184448,0.2267405092716217,16.855655670166016,0.10559239983558655,0.0,0.01824425533413887
height_scheduled_dynamic_lqr_ik,0.6,18,60,0.32,1.0,22.67405128479004,0.5952857136726379,0.2521933317184448,0.2267405092716217,16.855655670166016,0.10559239983558655,0.0,0.01824425533413887
height_scheduled_dynamic_lqr_ik,0.6,19,61,0.32,1.0,22.67405128479004,0.5952857136726379,0.2521933317184448,0.2267405092716217,16.855655670166016,0.10559239983558655,0.0,0.01824425533413887
height_scheduled_dynamic_lqr_ik,0.55,0,42,0.38,1.0,19.59804344177246,0.6676828265190125,0.2691124379634857,0.19598042964935303,17.435504913330078,0.11542048305273056,0.0,0.022406063973903656
height_scheduled_dynamic_lqr_ik,0.55,1,43,0.38,1.0,19.59804344177246,0.6676828265190125,0.2691124379634857,0.19598042964935303,17.435504913330078,0.11542048305273056,0.0,0.022406063973903656
height_scheduled_dynamic_lqr_ik,0.55,2,44,0.38,1.0,19.59804344177246,0.6676828265190125,0.2691124379634857,0.19598042964935303,17.435504913330078,0.11542048305273056,0.0,0.022406063973903656
height_scheduled_dynamic_lqr_ik,0.55,3,45,0.38,1.0,19.59804344177246,0.6676828265190125,0.2691124379634857,0.19598042964935303,17.435504913330078,0.11542048305273056,0.0,0.022406063973903656
height_scheduled_dynamic_lqr_ik,0.55,4,46,0.38,1.0,19.59804344177246,0.6676828265190125,0.2691124379634857,0.19598042964935303,17.435504913330078,0.11542048305273056,0.0,0.022406063973903656
height_scheduled_dynamic_lqr_ik,0.55,5,47,0.38,1.0,19.59804344177246,0.6676828265190125,0.2691124379634857,0.19598042964935303,17.435504913330078,0.11542048305273056,0.0,0.022406063973903656
height_scheduled_dynamic_lqr_ik,0.55,6,48,0.38,1.0,19.59804344177246,0.6676828265190125,0.2691124379634857,0.19598042964935303,17.435504913330078,0.11542048305273056,0.0,0.022406063973903656
height_scheduled_dynamic_lqr_ik,0.55,7,49,0.38,1.0,19.59804344177246,0.6676828265190125,0.2691124379634857,0.19598042964935303,17.435504913330078,0.11542048305273056,0.0,0.022406063973903656
height_scheduled_dynamic_lqr_ik,0.55,8,50,0.38,1.0,19.59804344177246,0.6676828265190125,0.2691124379634857,0.19598042964935303,17.435504913330078,0.11542048305273056,0.0,0.022406063973903656
height_scheduled_dynamic_lqr_ik,0.55,9,51,0.38,1.0,19.59804344177246,0.6676828265190125,0.2691124379634857,0.19598042964935303,17.435504913330078,0.11542048305273056,0.0,0.022406063973903656
height_scheduled_dynamic_lqr_ik,0.55,10,52,0.38,1.0,19.59804344177246,0.6676828265190125,0.2691124379634857,0.19598042964935303,17.435504913330078,0.11542048305273056,0.0,0.022406063973903656
height_scheduled_dynamic_lqr_ik,0.55,11,53,0.38,1.0,19.59804344177246,0.6676828265190125,0.2691124379634857,0.19598042964935303,17.435504913330078,0.11542048305273056,0.0,0.022406063973903656
height_scheduled_dynamic_lqr_ik,0.55,12,54,0.38,1.0,19.59804344177246,0.6676828265190125,0.2691124379634857,0.19598042964935303,17.435504913330078,0.11542048305273056,0.0,0.022406063973903656
height_scheduled_dynamic_lqr_ik,0.55,13,55,0.38,1.0,19.59804344177246,0.6676828265190125,0.2691124379634857,0.19598042964935303,17.435504913330078,0.11542048305273056,0.0,0.022406063973903656
height_scheduled_dynamic_lqr_ik,0.55,14,56,0.38,1.0,19.59804344177246,0.6676828265190125,0.2691124379634857,0.19598042964935303,17.435504913330078,0.11542048305273056,0.0,0.022406063973903656
height_scheduled_dynamic_lqr_ik,0.55,15,57,0.38,1.0,19.59804344177246,0.6676828265190125,0.2691124379634857,0.19598042964935303,17.435504913330078,0.11542048305273056,0.0,0.022406063973903656
height_scheduled_dynamic_lqr_ik,0.55,16,58,0.38,1.0,19.59804344177246,0.6676828265190125,0.2691124379634857,0.19598042964935303,17.435504913330078,0.11542048305273056,0.0,0.022406063973903656
height_scheduled_dynamic_lqr_ik,0.55,17,59,0.38,1.0,19.59804344177246,0.6676828265190125,0.2691124379634857,0.19598042964935303,17.435504913330078,0.11542048305273056,0.0,0.022406063973903656
height_scheduled_dynamic_lqr_ik,0.55,18,60,0.38,1.0,19.59804344177246,0.6676828265190125,0.2691124379634857,0.19598042964935303,17.435504913330078,0.11542048305273056,0.0,0.022406063973903656
height_scheduled_dynamic_lqr_ik,0.55,19,61,0.38,1.0,19.59804344177246,0.6676828265190125,0.2691124379634857,0.19598042964935303,17.435504913330078,0.11542048305273056,0.0,0.022406063973903656
height_scheduled_dynamic_lqr_ik,0.5,0,42,0.68,1.0,16.053373336791992,0.7262595295906067,0.35065925121307373,0.16053372621536255,16.926923751831055,0.28427854180336,0.0,0.06615546345710754
height_scheduled_dynamic_lqr_ik,0.5,1,43,0.68,1.0,16.053373336791992,0.7262595295906067,0.35065925121307373,0.16053372621536255,16.926923751831055,0.28427854180336,0.0,0.06615546345710754
height_scheduled_dynamic_lqr_ik,0.5,2,44,0.68,1.0,16.053373336791992,0.7262595295906067,0.35065925121307373,0.16053372621536255,16.926923751831055,0.28427854180336,0.0,0.06615546345710754
height_scheduled_dynamic_lqr_ik,0.5,3,45,0.68,1.0,16.053373336791992,0.7262595295906067,0.35065925121307373,0.16053372621536255,16.926923751831055,0.28427854180336,0.0,0.06615546345710754
height_scheduled_dynamic_lqr_ik,0.5,4,46,0.68,1.0,16.053373336791992,0.7262595295906067,0.35065925121307373,0.16053372621536255,16.926923751831055,0.28427854180336,0.0,0.06615546345710754
height_scheduled_dynamic_lqr_ik,0.5,5,47,0.68,1.0,16.053373336791992,0.7262595295906067,0.35065925121307373,0.16053372621536255,16.926923751831055,0.28427854180336,0.0,0.06615546345710754
height_scheduled_dynamic_lqr_ik,0.5,6,48,0.68,1.0,16.053373336791992,0.7262595295906067,0.35065925121307373,0.16053372621536255,16.926923751831055,0.28427854180336,0.0,0.06615546345710754
height_scheduled_dynamic_lqr_ik,0.5,7,49,0.68,1.0,16.053373336791992,0.7262595295906067,0.35065925121307373,0.16053372621536255,16.926923751831055,0.28427854180336,0.0,0.06615546345710754
height_scheduled_dynamic_lqr_ik,0.5,8,50,0.68,1.0,16.053373336791992,0.7262595295906067,0.35065925121307373,0.16053372621536255,16.926923751831055,0.28427854180336,0.0,0.06615546345710754
height_scheduled_dynamic_lqr_ik,0.5,9,51,0.68,1.0,16.053373336791992,0.7262595295906067,0.35065925121307373,0.16053372621536255,16.926923751831055,0.28427854180336,0.0,0.06615546345710754
height_scheduled_dynamic_lqr_ik,0.5,10,52,0.68,1.0,16.053373336791992,0.7262595295906067,0.35065925121307373,0.16053372621536255,16.926923751831055,0.28427854180336,0.0,0.06615546345710754
height_scheduled_dynamic_lqr_ik,0.5,11,53,0.68,1.0,16.053373336791992,0.7262595295906067,0.35065925121307373,0.16053372621536255,16.926923751831055,0.28427854180336,0.0,0.06615546345710754
height_scheduled_dynamic_lqr_ik,0.5,12,54,0.68,1.0,16.053373336791992,0.7262595295906067,0.35065925121307373,0.16053372621536255,16.926923751831055,0.28427854180336,0.0,0.06615546345710754
height_scheduled_dynamic_lqr_ik,0.5,13,55,0.68,1.0,16.053373336791992,0.7262595295906067,0.35065925121307373,0.16053372621536255,16.926923751831055,0.28427854180336,0.0,0.06615546345710754
height_scheduled_dynamic_lqr_ik,0.5,14,56,0.68,1.0,16.053373336791992,0.7262595295906067,0.35065925121307373,0.16053372621536255,16.926923751831055,0.28427854180336,0.0,0.06615546345710754
height_scheduled_dynamic_lqr_ik,0.5,15,57,0.68,1.0,16.053373336791992,0.7262595295906067,0.35065925121307373,0.16053372621536255,16.926923751831055,0.28427854180336,0.0,0.06615546345710754
height_scheduled_dynamic_lqr_ik,0.5,16,58,0.68,1.0,16.053373336791992,0.7262595295906067,0.35065925121307373,0.16053372621536255,16.926923751831055,0.28427854180336,0.0,0.06615546345710754
height_scheduled_dynamic_lqr_ik,0.5,17,59,0.68,1.0,16.053373336791992,0.7262595295906067,0.35065925121307373,0.16053372621536255,16.926923751831055,0.28427854180336,0.0,0.06615546345710754
height_scheduled_dynamic_lqr_ik,0.5,18,60,0.68,1.0,16.053373336791992,0.7262595295906067,0.35065925121307373,0.16053372621536255,16.926923751831055,0.28427854180336,0.0,0.06615546345710754
height_scheduled_dynamic_lqr_ik,0.5,19,61,0.68,1.0,16.053373336791992,0.7262595295906067,0.35065925121307373,0.16053372621536255,16.926923751831055,0.28427854180336,0.0,0.06615546345710754
height_scheduled_dynamic_lqr_ik,0.45,0,42,20.0,0.0,32.89170837402344,2.955038070678711,0.44907474517822266,0.32891708612442017,19.08930206298828,0.5951492190361023,0.0,0.1064993292093277
height_scheduled_dynamic_lqr_ik,0.45,1,43,20.0,0.0,32.89170837402344,2.955038070678711,0.44907474517822266,0.32891708612442017,19.08930206298828,0.5951492190361023,0.0,0.1064993292093277
height_scheduled_dynamic_lqr_ik,0.45,2,44,20.0,0.0,32.89170837402344,2.955038070678711,0.44907474517822266,0.32891708612442017,19.08930206298828,0.5951492190361023,0.0,0.1064993292093277
height_scheduled_dynamic_lqr_ik,0.45,3,45,20.0,0.0,32.89170837402344,2.955038070678711,0.44907474517822266,0.32891708612442017,19.08930206298828,0.5951492190361023,0.0,0.1064993292093277
height_scheduled_dynamic_lqr_ik,0.45,4,46,20.0,0.0,32.89170837402344,2.955038070678711,0.44907474517822266,0.32891708612442017,19.08930206298828,0.5951492190361023,0.0,0.1064993292093277
height_scheduled_dynamic_lqr_ik,0.45,5,47,20.0,0.0,32.89170837402344,2.955038070678711,0.44907474517822266,0.32891708612442017,19.08930206298828,0.5951492190361023,0.0,0.1064993292093277
height_scheduled_dynamic_lqr_ik,0.45,6,48,20.0,0.0,32.89170837402344,2.955038070678711,0.44907474517822266,0.32891708612442017,19.08930206298828,0.5951492190361023,0.0,0.1064993292093277
height_scheduled_dynamic_lqr_ik,0.45,7,49,20.0,0.0,32.89170837402344,2.955038070678711,0.44907474517822266,0.32891708612442017,19.08930206298828,0.5951492190361023,0.0,0.1064993292093277
height_scheduled_dynamic_lqr_ik,0.45,8,50,20.0,0.0,32.89170837402344,2.955038070678711,0.44907474517822266,0.32891708612442017,19.08930206298828,0.5951492190361023,0.0,0.1064993292093277
height_scheduled_dynamic_lqr_ik,0.45,9,51,20.0,0.0,32.89170837402344,2.955038070678711,0.44907474517822266,0.32891708612442017,19.08930206298828,0.5951492190361023,0.0,0.1064993292093277
height_scheduled_dynamic_lqr_ik,0.45,10,52,20.0,0.0,32.89170837402344,2.955038070678711,0.44907474517822266,0.32891708612442017,19.08930206298828,0.5951492190361023,0.0,0.1064993292093277
height_scheduled_dynamic_lqr_ik,0.45,11,53,20.0,0.0,32.89170837402344,2.955038070678711,0.44907474517822266,0.32891708612442017,19.08930206298828,0.5951492190361023,0.0,0.1064993292093277
height_scheduled_dynamic_lqr_ik,0.45,12,54,20.0,0.0,32.89170837402344,2.955038070678711,0.44907474517822266,0.32891708612442017,19.08930206298828,0.5951492190361023,0.0,0.1064993292093277
height_scheduled_dynamic_lqr_ik,0.45,13,55,20.0,0.0,32.89170837402344,2.955038070678711,0.44907474517822266,0.32891708612442017,19.08930206298828,0.5951492190361023,0.0,0.1064993292093277
height_scheduled_dynamic_lqr_ik,0.45,14,56,20.0,0.0,32.89170837402344,2.955038070678711,0.44907474517822266,0.32891708612442017,19.08930206298828,0.5951492190361023,0.0,0.1064993292093277
height_scheduled_dynamic_lqr_ik,0.45,15,57,20.0,0.0,32.89170837402344,2.955038070678711,0.44907474517822266,0.32891708612442017,19.08930206298828,0.5951492190361023,0.0,0.1064993292093277
height_scheduled_dynamic_lqr_ik,0.45,16,58,20.0,0.0,32.89170837402344,2.955038070678711,0.44907474517822266,0.32891708612442017,19.08930206298828,0.5951492190361023,0.0,0.1064993292093277
height_scheduled_dynamic_lqr_ik,0.45,17,59,20.0,0.0,32.89170837402344,2.955038070678711,0.44907474517822266,0.32891708612442017,19.08930206298828,0.5951492190361023,0.0,0.1064993292093277
height_scheduled_dynamic_lqr_ik,0.45,18,60,20.0,0.0,32.89170837402344,2.955038070678711,0.44907474517822266,0.32891708612442017,19.08930206298828,0.5951492190361023,0.0,0.1064993292093277
height_scheduled_dynamic_lqr_ik,0.45,19,61,20.0,0.0,32.89170837402344,2.955038070678711,0.44907474517822266,0.32891708612442017,19.08930206298828,0.5951492190361023,0.0,0.1064993292093277
height_scheduled_dynamic_lqr_ik,0.4,0,42,17.18,1.0,26.891990661621094,2.2395377159118652,0.39993205666542053,0.2689199149608612,18.530488967895508,0.536151647567749,0.0,0.10461364686489105
height_scheduled_dynamic_lqr_ik,0.4,1,43,17.18,1.0,26.891990661621094,2.2395377159118652,0.39993205666542053,0.2689199149608612,18.530488967895508,0.536151647567749,0.0,0.10461364686489105
height_scheduled_dynamic_lqr_ik,0.4,2,44,17.18,1.0,26.891990661621094,2.2395377159118652,0.39993205666542053,0.2689199149608612,18.530488967895508,0.536151647567749,0.0,0.10461364686489105
height_scheduled_dynamic_lqr_ik,0.4,3,45,17.18,1.0,26.891990661621094,2.2395377159118652,0.39993205666542053,0.2689199149608612,18.530488967895508,0.536151647567749,0.0,0.10461364686489105
height_scheduled_dynamic_lqr_ik,0.4,4,46,17.18,1.0,26.891990661621094,2.2395377159118652,0.39993205666542053,0.2689199149608612,18.530488967895508,0.536151647567749,0.0,0.10461364686489105
height_scheduled_dynamic_lqr_ik,0.4,5,47,17.18,1.0,26.891990661621094,2.2395377159118652,0.39993205666542053,0.2689199149608612,18.530488967895508,0.536151647567749,0.0,0.10461364686489105
height_scheduled_dynamic_lqr_ik,0.4,6,48,17.18,1.0,26.891990661621094,2.2395377159118652,0.39993205666542053,0.2689199149608612,18.530488967895508,0.536151647567749,0.0,0.10461364686489105
height_scheduled_dynamic_lqr_ik,0.4,7,49,17.18,1.0,26.891990661621094,2.2395377159118652,0.39993205666542053,0.2689199149608612,18.530488967895508,0.536151647567749,0.0,0.10461364686489105
height_scheduled_dynamic_lqr_ik,0.4,8,50,17.18,1.0,26.891990661621094,2.2395377159118652,0.39993205666542053,0.2689199149608612,18.530488967895508,0.536151647567749,0.0,0.10461364686489105
height_scheduled_dynamic_lqr_ik,0.4,9,51,17.18,1.0,26.891990661621094,2.2395377159118652,0.39993205666542053,0.2689199149608612,18.530488967895508,0.536151647567749,0.0,0.10461364686489105
height_scheduled_dynamic_lqr_ik,0.4,10,52,17.18,1.0,26.891990661621094,2.2395377159118652,0.39993205666542053,0.2689199149608612,18.530488967895508,0.536151647567749,0.0,0.10461364686489105
height_scheduled_dynamic_lqr_ik,0.4,11,53,17.18,1.0,26.891990661621094,2.2395377159118652,0.39993205666542053,0.2689199149608612,18.530488967895508,0.536151647567749,0.0,0.10461364686489105
height_scheduled_dynamic_lqr_ik,0.4,12,54,17.18,1.0,26.891990661621094,2.2395377159118652,0.39993205666542053,0.2689199149608612,18.530488967895508,0.536151647567749,0.0,0.10461364686489105
height_scheduled_dynamic_lqr_ik,0.4,13,55,17.18,1.0,26.891990661621094,2.2395377159118652,0.39993205666542053,0.2689199149608612,18.530488967895508,0.536151647567749,0.0,0.10461364686489105
height_scheduled_dynamic_lqr_ik,0.4,14,56,17.18,1.0,26.891990661621094,2.2395377159118652,0.39993205666542053,0.2689199149608612,18.530488967895508,0.536151647567749,0.0,0.10461364686489105
height_scheduled_dynamic_lqr_ik,0.4,15,57,17.18,1.0,26.891990661621094,2.2395377159118652,0.39993205666542053,0.2689199149608612,18.530488967895508,0.536151647567749,0.0,0.10461364686489105
height_scheduled_dynamic_lqr_ik,0.4,16,58,17.18,1.0,26.891990661621094,2.2395377159118652,0.39993205666542053,0.2689199149608612,18.530488967895508,0.536151647567749,0.0,0.10461364686489105
height_scheduled_dynamic_lqr_ik,0.4,17,59,17.18,1.0,26.891990661621094,2.2395377159118652,0.39993205666542053,0.2689199149608612,18.530488967895508,0.536151647567749,0.0,0.10461364686489105
height_scheduled_dynamic_lqr_ik,0.4,18,60,17.18,1.0,26.891990661621094,2.2395377159118652,0.39993205666542053,0.2689199149608612,18.530488967895508,0.536151647567749,0.0,0.10461364686489105
height_scheduled_dynamic_lqr_ik,0.4,19,61,17.18,1.0,26.891990661621094,2.2395377159118652,0.39993205666542053,0.2689199149608612,18.530488967895508,0.536151647567749,0.0,0.10461364686489105
height_ik_wheel_lqr_only_b8,0.7,0,42,0.1,1.0,22.605772018432617,0.9726556539535522,0.30000001192092896,0.22605770826339722,16.151792526245117,0.05210402235388756,0.04,0.07225307822227478
height_ik_wheel_lqr_only_b8,0.7,1,43,0.1,1.0,22.605772018432617,0.9726556539535522,0.30000001192092896,0.22605770826339722,16.151792526245117,0.05210402235388756,0.04,0.07225307822227478
height_ik_wheel_lqr_only_b8,0.7,2,44,0.1,1.0,22.605772018432617,0.9726556539535522,0.30000001192092896,0.22605770826339722,16.151792526245117,0.05210402235388756,0.04,0.07225307822227478
height_ik_wheel_lqr_only_b8,0.7,3,45,0.1,1.0,22.605772018432617,0.9726556539535522,0.30000001192092896,0.22605770826339722,16.151792526245117,0.05210402235388756,0.04,0.07225307822227478
height_ik_wheel_lqr_only_b8,0.7,4,46,0.1,1.0,22.605772018432617,0.9726556539535522,0.30000001192092896,0.22605770826339722,16.151792526245117,0.05210402235388756,0.04,0.07225307822227478
height_ik_wheel_lqr_only_b8,0.7,5,47,0.1,1.0,22.605772018432617,0.9726556539535522,0.30000001192092896,0.22605770826339722,16.151792526245117,0.05210402235388756,0.04,0.07225307822227478
height_ik_wheel_lqr_only_b8,0.7,6,48,0.1,1.0,22.605772018432617,0.9726556539535522,0.30000001192092896,0.22605770826339722,16.151792526245117,0.05210402235388756,0.04,0.07225307822227478
height_ik_wheel_lqr_only_b8,0.7,7,49,0.1,1.0,22.605772018432617,0.9726556539535522,0.30000001192092896,0.22605770826339722,16.151792526245117,0.05210402235388756,0.04,0.07225307822227478
height_ik_wheel_lqr_only_b8,0.7,8,50,0.1,1.0,22.605772018432617,0.9726556539535522,0.30000001192092896,0.22605770826339722,16.151792526245117,0.05210402235388756,0.04,0.07225307822227478
height_ik_wheel_lqr_only_b8,0.7,9,51,0.1,1.0,22.605772018432617,0.9726556539535522,0.30000001192092896,0.22605770826339722,16.151792526245117,0.05210402235388756,0.04,0.07225307822227478
height_ik_wheel_lqr_only_b8,0.7,10,52,0.1,1.0,22.605772018432617,0.9726556539535522,0.30000001192092896,0.22605770826339722,16.151792526245117,0.05210402235388756,0.04,0.07225307822227478
height_ik_wheel_lqr_only_b8,0.7,11,53,0.1,1.0,22.605772018432617,0.9726556539535522,0.30000001192092896,0.22605770826339722,16.151792526245117,0.05210402235388756,0.04,0.07225307822227478
height_ik_wheel_lqr_only_b8,0.7,12,54,0.1,1.0,22.605772018432617,0.9726556539535522,0.30000001192092896,0.22605770826339722,16.151792526245117,0.05210402235388756,0.04,0.07225307822227478
height_ik_wheel_lqr_only_b8,0.7,13,55,0.1,1.0,22.605772018432617,0.9726556539535522,0.30000001192092896,0.22605770826339722,16.151792526245117,0.05210402235388756,0.04,0.07225307822227478
height_ik_wheel_lqr_only_b8,0.7,14,56,0.1,1.0,22.605772018432617,0.9726556539535522,0.30000001192092896,0.22605770826339722,16.151792526245117,0.05210402235388756,0.04,0.07225307822227478
height_ik_wheel_lqr_only_b8,0.7,15,57,0.1,1.0,22.605772018432617,0.9726556539535522,0.30000001192092896,0.22605770826339722,16.151792526245117,0.05210402235388756,0.04,0.07225307822227478
height_ik_wheel_lqr_only_b8,0.7,16,58,0.1,1.0,22.605772018432617,0.9726556539535522,0.30000001192092896,0.22605770826339722,16.151792526245117,0.05210402235388756,0.04,0.07225307822227478
height_ik_wheel_lqr_only_b8,0.7,17,59,0.1,1.0,22.605772018432617,0.9726556539535522,0.30000001192092896,0.22605770826339722,16.151792526245117,0.05210402235388756,0.04,0.07225307822227478
height_ik_wheel_lqr_only_b8,0.7,18,60,0.1,1.0,22.605772018432617,0.9726556539535522,0.30000001192092896,0.22605770826339722,16.151792526245117,0.05210402235388756,0.04,0.07225307822227478
height_ik_wheel_lqr_only_b8,0.7,19,61,0.1,1.0,22.605772018432617,0.9726556539535522,0.30000001192092896,0.22605770826339722,16.151792526245117,0.05210402235388756,0.04,0.07225307822227478
height_ik_wheel_lqr_only_b8,0.65,0,42,0.1,1.0,22.60508155822754,0.9726475477218628,0.3500000238418579,0.22605080902576447,16.150358200073242,0.0546625517308712,0.04,0.07243017852306366
height_ik_wheel_lqr_only_b8,0.65,1,43,0.1,1.0,22.60508155822754,0.9726475477218628,0.3500000238418579,0.22605080902576447,16.150358200073242,0.0546625517308712,0.04,0.07243017852306366
height_ik_wheel_lqr_only_b8,0.65,2,44,0.1,1.0,22.60508155822754,0.9726475477218628,0.3500000238418579,0.22605080902576447,16.150358200073242,0.0546625517308712,0.04,0.07243017852306366
height_ik_wheel_lqr_only_b8,0.65,3,45,0.1,1.0,22.60508155822754,0.9726475477218628,0.3500000238418579,0.22605080902576447,16.150358200073242,0.0546625517308712,0.04,0.07243017852306366
height_ik_wheel_lqr_only_b8,0.65,4,46,0.1,1.0,22.60508155822754,0.9726475477218628,0.3500000238418579,0.22605080902576447,16.150358200073242,0.0546625517308712,0.04,0.07243017852306366
height_ik_wheel_lqr_only_b8,0.65,5,47,0.1,1.0,22.60508155822754,0.9726475477218628,0.3500000238418579,0.22605080902576447,16.150358200073242,0.0546625517308712,0.04,0.07243017852306366
height_ik_wheel_lqr_only_b8,0.65,6,48,0.1,1.0,22.60508155822754,0.9726475477218628,0.3500000238418579,0.22605080902576447,16.150358200073242,0.0546625517308712,0.04,0.07243017852306366
height_ik_wheel_lqr_only_b8,0.65,7,49,0.1,1.0,22.60508155822754,0.9726475477218628,0.3500000238418579,0.22605080902576447,16.150358200073242,0.0546625517308712,0.04,0.07243017852306366
height_ik_wheel_lqr_only_b8,0.65,8,50,0.1,1.0,22.60508155822754,0.9726475477218628,0.3500000238418579,0.22605080902576447,16.150358200073242,0.0546625517308712,0.04,0.07243017852306366
height_ik_wheel_lqr_only_b8,0.65,9,51,0.1,1.0,22.60508155822754,0.9726475477218628,0.3500000238418579,0.22605080902576447,16.150358200073242,0.0546625517308712,0.04,0.07243017852306366
height_ik_wheel_lqr_only_b8,0.65,10,52,0.1,1.0,22.60508155822754,0.9726475477218628,0.3500000238418579,0.22605080902576447,16.150358200073242,0.0546625517308712,0.04,0.07243017852306366
height_ik_wheel_lqr_only_b8,0.65,11,53,0.1,1.0,22.60508155822754,0.9726475477218628,0.3500000238418579,0.22605080902576447,16.150358200073242,0.0546625517308712,0.04,0.07243017852306366
height_ik_wheel_lqr_only_b8,0.65,12,54,0.1,1.0,22.60508155822754,0.9726475477218628,0.3500000238418579,0.22605080902576447,16.150358200073242,0.0546625517308712,0.04,0.07243017852306366
height_ik_wheel_lqr_only_b8,0.65,13,55,0.1,1.0,22.60508155822754,0.9726475477218628,0.3500000238418579,0.22605080902576447,16.150358200073242,0.0546625517308712,0.04,0.07243017852306366
height_ik_wheel_lqr_only_b8,0.65,14,56,0.1,1.0,22.60508155822754,0.9726475477218628,0.3500000238418579,0.22605080902576447,16.150358200073242,0.0546625517308712,0.04,0.07243017852306366
height_ik_wheel_lqr_only_b8,0.65,15,57,0.1,1.0,22.60508155822754,0.9726475477218628,0.3500000238418579,0.22605080902576447,16.150358200073242,0.0546625517308712,0.04,0.07243017852306366
height_ik_wheel_lqr_only_b8,0.65,16,58,0.1,1.0,22.60508155822754,0.9726475477218628,0.3500000238418579,0.22605080902576447,16.150358200073242,0.0546625517308712,0.04,0.07243017852306366
height_ik_wheel_lqr_only_b8,0.65,17,59,0.1,1.0,22.60508155822754,0.9726475477218628,0.3500000238418579,0.22605080902576447,16.150358200073242,0.0546625517308712,0.04,0.07243017852306366
height_ik_wheel_lqr_only_b8,0.65,18,60,0.1,1.0,22.60508155822754,0.9726475477218628,0.3500000238418579,0.22605080902576447,16.150358200073242,0.0546625517308712,0.04,0.07243017852306366
height_ik_wheel_lqr_only_b8,0.65,19,61,0.1,1.0,22.60508155822754,0.9726475477218628,0.3500000238418579,0.22605080902576447,16.150358200073242,0.0546625517308712,0.04,0.07243017852306366
height_ik_wheel_lqr_only_b8,0.6,0,42,0.1,1.0,22.60439109802246,0.9726395010948181,0.3999999761581421,0.2260439097881317,16.148923873901367,0.0562535859644413,0.04,0.0725836232304573
height_ik_wheel_lqr_only_b8,0.6,1,43,0.1,1.0,22.60439109802246,0.9726395010948181,0.3999999761581421,0.2260439097881317,16.148923873901367,0.0562535859644413,0.04,0.0725836232304573
height_ik_wheel_lqr_only_b8,0.6,2,44,0.1,1.0,22.60439109802246,0.9726395010948181,0.3999999761581421,0.2260439097881317,16.148923873901367,0.0562535859644413,0.04,0.0725836232304573
height_ik_wheel_lqr_only_b8,0.6,3,45,0.1,1.0,22.60439109802246,0.9726395010948181,0.3999999761581421,0.2260439097881317,16.148923873901367,0.0562535859644413,0.04,0.0725836232304573
height_ik_wheel_lqr_only_b8,0.6,4,46,0.1,1.0,22.60439109802246,0.9726395010948181,0.3999999761581421,0.2260439097881317,16.148923873901367,0.0562535859644413,0.04,0.0725836232304573
height_ik_wheel_lqr_only_b8,0.6,5,47,0.1,1.0,22.60439109802246,0.9726395010948181,0.3999999761581421,0.2260439097881317,16.148923873901367,0.0562535859644413,0.04,0.0725836232304573
height_ik_wheel_lqr_only_b8,0.6,6,48,0.1,1.0,22.60439109802246,0.9726395010948181,0.3999999761581421,0.2260439097881317,16.148923873901367,0.0562535859644413,0.04,0.0725836232304573
height_ik_wheel_lqr_only_b8,0.6,7,49,0.1,1.0,22.60439109802246,0.9726395010948181,0.3999999761581421,0.2260439097881317,16.148923873901367,0.0562535859644413,0.04,0.0725836232304573
height_ik_wheel_lqr_only_b8,0.6,8,50,0.1,1.0,22.60439109802246,0.9726395010948181,0.3999999761581421,0.2260439097881317,16.148923873901367,0.0562535859644413,0.04,0.0725836232304573
height_ik_wheel_lqr_only_b8,0.6,9,51,0.1,1.0,22.60439109802246,0.9726395010948181,0.3999999761581421,0.2260439097881317,16.148923873901367,0.0562535859644413,0.04,0.0725836232304573
height_ik_wheel_lqr_only_b8,0.6,10,52,0.1,1.0,22.60439109802246,0.9726395010948181,0.3999999761581421,0.2260439097881317,16.148923873901367,0.0562535859644413,0.04,0.0725836232304573
height_ik_wheel_lqr_only_b8,0.6,11,53,0.1,1.0,22.60439109802246,0.9726395010948181,0.3999999761581421,0.2260439097881317,16.148923873901367,0.0562535859644413,0.04,0.0725836232304573
height_ik_wheel_lqr_only_b8,0.6,12,54,0.1,1.0,22.60439109802246,0.9726395010948181,0.3999999761581421,0.2260439097881317,16.148923873901367,0.0562535859644413,0.04,0.0725836232304573
height_ik_wheel_lqr_only_b8,0.6,13,55,0.1,1.0,22.60439109802246,0.9726395010948181,0.3999999761581421,0.2260439097881317,16.148923873901367,0.0562535859644413,0.04,0.0725836232304573
height_ik_wheel_lqr_only_b8,0.6,14,56,0.1,1.0,22.60439109802246,0.9726395010948181,0.3999999761581421,0.2260439097881317,16.148923873901367,0.0562535859644413,0.04,0.0725836232304573
height_ik_wheel_lqr_only_b8,0.6,15,57,0.1,1.0,22.60439109802246,0.9726395010948181,0.3999999761581421,0.2260439097881317,16.148923873901367,0.0562535859644413,0.04,0.0725836232304573
height_ik_wheel_lqr_only_b8,0.6,16,58,0.1,1.0,22.60439109802246,0.9726395010948181,0.3999999761581421,0.2260439097881317,16.148923873901367,0.0562535859644413,0.04,0.0725836232304573
height_ik_wheel_lqr_only_b8,0.6,17,59,0.1,1.0,22.60439109802246,0.9726395010948181,0.3999999761581421,0.2260439097881317,16.148923873901367,0.0562535859644413,0.04,0.0725836232304573
height_ik_wheel_lqr_only_b8,0.6,18,60,0.1,1.0,22.60439109802246,0.9726395010948181,0.3999999761581421,0.2260439097881317,16.148923873901367,0.0562535859644413,0.04,0.0725836232304573
height_ik_wheel_lqr_only_b8,0.6,19,61,0.1,1.0,22.60439109802246,0.9726395010948181,0.3999999761581421,0.2260439097881317,16.148923873901367,0.0562535859644413,0.04,0.0725836232304573
height_ik_wheel_lqr_only_b8,0.55,0,42,0.12,1.0,24.26114845275879,0.7305376529693604,0.44999998807907104,0.24261148273944855,15.288890838623047,0.10379143804311752,0.0,0.060216743499040604
height_ik_wheel_lqr_only_b8,0.55,1,43,0.12,1.0,24.26114845275879,0.7305376529693604,0.44999998807907104,0.24261148273944855,15.288890838623047,0.10379143804311752,0.0,0.060216743499040604
height_ik_wheel_lqr_only_b8,0.55,2,44,0.12,1.0,24.26114845275879,0.7305376529693604,0.44999998807907104,0.24261148273944855,15.288890838623047,0.10379143804311752,0.0,0.060216743499040604
height_ik_wheel_lqr_only_b8,0.55,3,45,0.12,1.0,24.26114845275879,0.7305376529693604,0.44999998807907104,0.24261148273944855,15.288890838623047,0.10379143804311752,0.0,0.060216743499040604
height_ik_wheel_lqr_only_b8,0.55,4,46,0.12,1.0,24.26114845275879,0.7305376529693604,0.44999998807907104,0.24261148273944855,15.288890838623047,0.10379143804311752,0.0,0.060216743499040604
height_ik_wheel_lqr_only_b8,0.55,5,47,0.12,1.0,24.26114845275879,0.7305376529693604,0.44999998807907104,0.24261148273944855,15.288890838623047,0.10379143804311752,0.0,0.060216743499040604
height_ik_wheel_lqr_only_b8,0.55,6,48,0.12,1.0,24.26114845275879,0.7305376529693604,0.44999998807907104,0.24261148273944855,15.288890838623047,0.10379143804311752,0.0,0.060216743499040604
height_ik_wheel_lqr_only_b8,0.55,7,49,0.12,1.0,24.26114845275879,0.7305376529693604,0.44999998807907104,0.24261148273944855,15.288890838623047,0.10379143804311752,0.0,0.060216743499040604
height_ik_wheel_lqr_only_b8,0.55,8,50,0.12,1.0,24.26114845275879,0.7305376529693604,0.44999998807907104,0.24261148273944855,15.288890838623047,0.10379143804311752,0.0,0.060216743499040604
height_ik_wheel_lqr_only_b8,0.55,9,51,0.12,1.0,24.26114845275879,0.7305376529693604,0.44999998807907104,0.24261148273944855,15.288890838623047,0.10379143804311752,0.0,0.060216743499040604
height_ik_wheel_lqr_only_b8,0.55,10,52,0.12,1.0,24.26114845275879,0.7305376529693604,0.44999998807907104,0.24261148273944855,15.288890838623047,0.10379143804311752,0.0,0.060216743499040604
height_ik_wheel_lqr_only_b8,0.55,11,53,0.12,1.0,24.26114845275879,0.7305376529693604,0.44999998807907104,0.24261148273944855,15.288890838623047,0.10379143804311752,0.0,0.060216743499040604
height_ik_wheel_lqr_only_b8,0.55,12,54,0.12,1.0,24.26114845275879,0.7305376529693604,0.44999998807907104,0.24261148273944855,15.288890838623047,0.10379143804311752,0.0,0.060216743499040604
height_ik_wheel_lqr_only_b8,0.55,13,55,0.12,1.0,24.26114845275879,0.7305376529693604,0.44999998807907104,0.24261148273944855,15.288890838623047,0.10379143804311752,0.0,0.060216743499040604
height_ik_wheel_lqr_only_b8,0.55,14,56,0.12,1.0,24.26114845275879,0.7305376529693604,0.44999998807907104,0.24261148273944855,15.288890838623047,0.10379143804311752,0.0,0.060216743499040604
height_ik_wheel_lqr_only_b8,0.55,15,57,0.12,1.0,24.26114845275879,0.7305376529693604,0.44999998807907104,0.24261148273944855,15.288890838623047,0.10379143804311752,0.0,0.060216743499040604
height_ik_wheel_lqr_only_b8,0.55,16,58,0.12,1.0,24.26114845275879,0.7305376529693604,0.44999998807907104,0.24261148273944855,15.288890838623047,0.10379143804311752,0.0,0.060216743499040604
height_ik_wheel_lqr_only_b8,0.55,17,59,0.12,1.0,24.26114845275879,0.7305376529693604,0.44999998807907104,0.24261148273944855,15.288890838623047,0.10379143804311752,0.0,0.060216743499040604
height_ik_wheel_lqr_only_b8,0.55,18,60,0.12,1.0,24.26114845275879,0.7305376529693604,0.44999998807907104,0.24261148273944855,15.288890838623047,0.10379143804311752,0.0,0.060216743499040604
height_ik_wheel_lqr_only_b8,0.55,19,61,0.12,1.0,24.26114845275879,0.7305376529693604,0.44999998807907104,0.24261148273944855,15.288890838623047,0.10379143804311752,0.0,0.060216743499040604
height_ik_wheel_lqr_only_b8,0.5,0,42,0.36,1.0,24.12843132019043,1.4010652303695679,0.42365562915802,0.2412843108177185,16.897802352905273,0.16515502333641052,0.0,0.020460473373532295
height_ik_wheel_lqr_only_b8,0.5,1,43,0.36,1.0,24.12843132019043,1.4010652303695679,0.42365562915802,0.2412843108177185,16.897802352905273,0.16515502333641052,0.0,0.020460473373532295
height_ik_wheel_lqr_only_b8,0.5,2,44,0.36,1.0,24.12843132019043,1.4010652303695679,0.42365562915802,0.2412843108177185,16.897802352905273,0.16515502333641052,0.0,0.020460473373532295
height_ik_wheel_lqr_only_b8,0.5,3,45,0.36,1.0,24.12843132019043,1.4010652303695679,0.42365562915802,0.2412843108177185,16.897802352905273,0.16515502333641052,0.0,0.020460473373532295
height_ik_wheel_lqr_only_b8,0.5,4,46,0.36,1.0,24.12843132019043,1.4010652303695679,0.42365562915802,0.2412843108177185,16.897802352905273,0.16515502333641052,0.0,0.020460473373532295
height_ik_wheel_lqr_only_b8,0.5,5,47,0.36,1.0,24.12843132019043,1.4010652303695679,0.42365562915802,0.2412843108177185,16.897802352905273,0.16515502333641052,0.0,0.020460473373532295
height_ik_wheel_lqr_only_b8,0.5,6,48,0.36,1.0,24.12843132019043,1.4010652303695679,0.42365562915802,0.2412843108177185,16.897802352905273,0.16515502333641052,0.0,0.020460473373532295
height_ik_wheel_lqr_only_b8,0.5,7,49,0.36,1.0,24.12843132019043,1.4010652303695679,0.42365562915802,0.2412843108177185,16.897802352905273,0.16515502333641052,0.0,0.020460473373532295
height_ik_wheel_lqr_only_b8,0.5,8,50,0.36,1.0,24.12843132019043,1.4010652303695679,0.42365562915802,0.2412843108177185,16.897802352905273,0.16515502333641052,0.0,0.020460473373532295
height_ik_wheel_lqr_only_b8,0.5,9,51,0.36,1.0,24.12843132019043,1.4010652303695679,0.42365562915802,0.2412843108177185,16.897802352905273,0.16515502333641052,0.0,0.020460473373532295
height_ik_wheel_lqr_only_b8,0.5,10,52,0.36,1.0,24.12843132019043,1.4010652303695679,0.42365562915802,0.2412843108177185,16.897802352905273,0.16515502333641052,0.0,0.020460473373532295
height_ik_wheel_lqr_only_b8,0.5,11,53,0.36,1.0,24.12843132019043,1.4010652303695679,0.42365562915802,0.2412843108177185,16.897802352905273,0.16515502333641052,0.0,0.020460473373532295
height_ik_wheel_lqr_only_b8,0.5,12,54,0.36,1.0,24.12843132019043,1.4010652303695679,0.42365562915802,0.2412843108177185,16.897802352905273,0.16515502333641052,0.0,0.020460473373532295
height_ik_wheel_lqr_only_b8,0.5,13,55,0.36,1.0,24.12843132019043,1.4010652303695679,0.42365562915802,0.2412843108177185,16.897802352905273,0.16515502333641052,0.0,0.020460473373532295
height_ik_wheel_lqr_only_b8,0.5,14,56,0.36,1.0,24.12843132019043,1.4010652303695679,0.42365562915802,0.2412843108177185,16.897802352905273,0.16515502333641052,0.0,0.020460473373532295
height_ik_wheel_lqr_only_b8,0.5,15,57,0.36,1.0,24.12843132019043,1.4010652303695679,0.42365562915802,0.2412843108177185,16.897802352905273,0.16515502333641052,0.0,0.020460473373532295
height_ik_wheel_lqr_only_b8,0.5,16,58,0.36,1.0,24.12843132019043,1.4010652303695679,0.42365562915802,0.2412843108177185,16.897802352905273,0.16515502333641052,0.0,0.020460473373532295
height_ik_wheel_lqr_only_b8,0.5,17,59,0.36,1.0,24.12843132019043,1.4010652303695679,0.42365562915802,0.2412843108177185,16.897802352905273,0.16515502333641052,0.0,0.020460473373532295
height_ik_wheel_lqr_only_b8,0.5,18,60,0.36,1.0,24.12843132019043,1.4010652303695679,0.42365562915802,0.2412843108177185,16.897802352905273,0.16515502333641052,0.0,0.020460473373532295
height_ik_wheel_lqr_only_b8,0.5,19,61,0.36,1.0,24.12843132019043,1.4010652303695679,0.42365562915802,0.2412843108177185,16.897802352905273,0.16515502333641052,0.0,0.020460473373532295
height_ik_wheel_lqr_only_b8,0.45,0,42,0.84,1.0,26.89375877380371,1.6575627326965332,0.5387793183326721,0.2689375877380371,19.261802673339844,0.5882124304771423,0.0,0.025602782145142555
height_ik_wheel_lqr_only_b8,0.45,1,43,0.84,1.0,26.89375877380371,1.6575627326965332,0.5387793183326721,0.2689375877380371,19.261802673339844,0.5882124304771423,0.0,0.025602782145142555
height_ik_wheel_lqr_only_b8,0.45,2,44,0.84,1.0,26.89375877380371,1.6575627326965332,0.5387793183326721,0.2689375877380371,19.261802673339844,0.5882124304771423,0.0,0.025602782145142555
height_ik_wheel_lqr_only_b8,0.45,3,45,0.84,1.0,26.89375877380371,1.6575627326965332,0.5387793183326721,0.2689375877380371,19.261802673339844,0.5882124304771423,0.0,0.025602782145142555
height_ik_wheel_lqr_only_b8,0.45,4,46,0.84,1.0,26.89375877380371,1.6575627326965332,0.5387793183326721,0.2689375877380371,19.261802673339844,0.5882124304771423,0.0,0.025602782145142555
height_ik_wheel_lqr_only_b8,0.45,5,47,0.84,1.0,26.89375877380371,1.6575627326965332,0.5387793183326721,0.2689375877380371,19.261802673339844,0.5882124304771423,0.0,0.025602782145142555
height_ik_wheel_lqr_only_b8,0.45,6,48,0.84,1.0,26.89375877380371,1.6575627326965332,0.5387793183326721,0.2689375877380371,19.261802673339844,0.5882124304771423,0.0,0.025602782145142555
height_ik_wheel_lqr_only_b8,0.45,7,49,0.84,1.0,26.89375877380371,1.6575627326965332,0.5387793183326721,0.2689375877380371,19.261802673339844,0.5882124304771423,0.0,0.025602782145142555
height_ik_wheel_lqr_only_b8,0.45,8,50,0.84,1.0,26.89375877380371,1.6575627326965332,0.5387793183326721,0.2689375877380371,19.261802673339844,0.5882124304771423,0.0,0.025602782145142555
height_ik_wheel_lqr_only_b8,0.45,9,51,0.84,1.0,26.89375877380371,1.6575627326965332,0.5387793183326721,0.2689375877380371,19.261802673339844,0.5882124304771423,0.0,0.025602782145142555
height_ik_wheel_lqr_only_b8,0.45,10,52,0.84,1.0,26.89375877380371,1.6575627326965332,0.5387793183326721,0.2689375877380371,19.261802673339844,0.5882124304771423,0.0,0.025602782145142555
height_ik_wheel_lqr_only_b8,0.45,11,53,0.84,1.0,26.89375877380371,1.6575627326965332,0.5387793183326721,0.2689375877380371,19.261802673339844,0.5882124304771423,0.0,0.025602782145142555
height_ik_wheel_lqr_only_b8,0.45,12,54,0.84,1.0,26.89375877380371,1.6575627326965332,0.5387793183326721,0.2689375877380371,19.261802673339844,0.5882124304771423,0.0,0.025602782145142555
height_ik_wheel_lqr_only_b8,0.45,13,55,0.84,1.0,26.89375877380371,1.6575627326965332,0.5387793183326721,0.2689375877380371,19.261802673339844,0.5882124304771423,0.0,0.025602782145142555
height_ik_wheel_lqr_only_b8,0.45,14,56,0.84,1.0,26.89375877380371,1.6575627326965332,0.5387793183326721,0.2689375877380371,19.261802673339844,0.5882124304771423,0.0,0.025602782145142555
height_ik_wheel_lqr_only_b8,0.45,15,57,0.84,1.0,26.89375877380371,1.6575627326965332,0.5387793183326721,0.2689375877380371,19.261802673339844,0.5882124304771423,0.0,0.025602782145142555
height_ik_wheel_lqr_only_b8,0.45,16,58,0.84,1.0,26.89375877380371,1.6575627326965332,0.5387793183326721,0.2689375877380371,19.261802673339844,0.5882124304771423,0.0,0.025602782145142555
height_ik_wheel_lqr_only_b8,0.45,17,59,0.84,1.0,26.89375877380371,1.6575627326965332,0.5387793183326721,0.2689375877380371,19.261802673339844,0.5882124304771423,0.0,0.025602782145142555
height_ik_wheel_lqr_only_b8,0.45,18,60,0.84,1.0,26.89375877380371,1.6575627326965332,0.5387793183326721,0.2689375877380371,19.261802673339844,0.5882124304771423,0.0,0.025602782145142555
height_ik_wheel_lqr_only_b8,0.45,19,61,0.84,1.0,26.89375877380371,1.6575627326965332,0.5387793183326721,0.2689375877380371,19.261802673339844,0.5882124304771423,0.0,0.025602782145142555
height_ik_wheel_lqr_only_b8,0.4,0,42,0.4,1.0,19.910362243652344,0.6916216015815735,0.3907753825187683,0.19910362362861633,18.08301544189453,0.1544964611530304,0.0,0.017949575558304787
height_ik_wheel_lqr_only_b8,0.4,1,43,0.4,1.0,19.910362243652344,0.6916216015815735,0.3907753825187683,0.19910362362861633,18.08301544189453,0.1544964611530304,0.0,0.017949575558304787
height_ik_wheel_lqr_only_b8,0.4,2,44,0.4,1.0,19.910362243652344,0.6916216015815735,0.3907753825187683,0.19910362362861633,18.08301544189453,0.1544964611530304,0.0,0.017949575558304787
height_ik_wheel_lqr_only_b8,0.4,3,45,0.4,1.0,19.910362243652344,0.6916216015815735,0.3907753825187683,0.19910362362861633,18.08301544189453,0.1544964611530304,0.0,0.017949575558304787
height_ik_wheel_lqr_only_b8,0.4,4,46,0.4,1.0,19.910362243652344,0.6916216015815735,0.3907753825187683,0.19910362362861633,18.08301544189453,0.1544964611530304,0.0,0.017949575558304787
height_ik_wheel_lqr_only_b8,0.4,5,47,0.4,1.0,19.910362243652344,0.6916216015815735,0.3907753825187683,0.19910362362861633,18.08301544189453,0.1544964611530304,0.0,0.017949575558304787
height_ik_wheel_lqr_only_b8,0.4,6,48,0.4,1.0,19.910362243652344,0.6916216015815735,0.3907753825187683,0.19910362362861633,18.08301544189453,0.1544964611530304,0.0,0.017949575558304787
height_ik_wheel_lqr_only_b8,0.4,7,49,0.4,1.0,19.910362243652344,0.6916216015815735,0.3907753825187683,0.19910362362861633,18.08301544189453,0.1544964611530304,0.0,0.017949575558304787
height_ik_wheel_lqr_only_b8,0.4,8,50,0.4,1.0,19.910362243652344,0.6916216015815735,0.3907753825187683,0.19910362362861633,18.08301544189453,0.1544964611530304,0.0,0.017949575558304787
height_ik_wheel_lqr_only_b8,0.4,9,51,0.4,1.0,19.910362243652344,0.6916216015815735,0.3907753825187683,0.19910362362861633,18.08301544189453,0.1544964611530304,0.0,0.017949575558304787
height_ik_wheel_lqr_only_b8,0.4,10,52,0.4,1.0,19.910362243652344,0.6916216015815735,0.3907753825187683,0.19910362362861633,18.08301544189453,0.1544964611530304,0.0,0.017949575558304787
height_ik_wheel_lqr_only_b8,0.4,11,53,0.4,1.0,19.910362243652344,0.6916216015815735,0.3907753825187683,0.19910362362861633,18.08301544189453,0.1544964611530304,0.0,0.017949575558304787
height_ik_wheel_lqr_only_b8,0.4,12,54,0.4,1.0,19.910362243652344,0.6916216015815735,0.3907753825187683,0.19910362362861633,18.08301544189453,0.1544964611530304,0.0,0.017949575558304787
height_ik_wheel_lqr_only_b8,0.4,13,55,0.4,1.0,19.910362243652344,0.6916216015815735,0.3907753825187683,0.19910362362861633,18.08301544189453,0.1544964611530304,0.0,0.017949575558304787
height_ik_wheel_lqr_only_b8,0.4,14,56,0.4,1.0,19.910362243652344,0.6916216015815735,0.3907753825187683,0.19910362362861633,18.08301544189453,0.1544964611530304,0.0,0.017949575558304787
height_ik_wheel_lqr_only_b8,0.4,15,57,0.4,1.0,19.910362243652344,0.6916216015815735,0.3907753825187683,0.19910362362861633,18.08301544189453,0.1544964611530304,0.0,0.017949575558304787
height_ik_wheel_lqr_only_b8,0.4,16,58,0.4,1.0,19.910362243652344,0.6916216015815735,0.3907753825187683,0.19910362362861633,18.08301544189453,0.1544964611530304,0.0,0.017949575558304787
height_ik_wheel_lqr_only_b8,0.4,17,59,0.4,1.0,19.910362243652344,0.6916216015815735,0.3907753825187683,0.19910362362861633,18.08301544189453,0.1544964611530304,0.0,0.017949575558304787
height_ik_wheel_lqr_only_b8,0.4,18,60,0.4,1.0,19.910362243652344,0.6916216015815735,0.3907753825187683,0.19910362362861633,18.08301544189453,0.1544964611530304,0.0,0.017949575558304787
height_ik_wheel_lqr_only_b8,0.4,19,61,0.4,1.0,19.910362243652344,0.6916216015815735,0.3907753825187683,0.19910362362861633,18.08301544189453,0.1544964611530304,0.0,0.017949575558304787
hierarchical_vmc_lqr,0.7,0,42,0.1,1.0,23.529170989990234,1.0336991548538208,0.30000001192092896,0.23529170453548431,16.6716251373291,0.058689869940280914,0.0,0.1685255765914917
hierarchical_vmc_lqr,0.7,1,43,0.1,1.0,23.529170989990234,1.0336991548538208,0.30000001192092896,0.23529170453548431,16.6716251373291,0.058689869940280914,0.0,0.1685255765914917
hierarchical_vmc_lqr,0.7,2,44,0.1,1.0,23.529170989990234,1.0336991548538208,0.30000001192092896,0.23529170453548431,16.6716251373291,0.058689869940280914,0.0,0.1685255765914917
hierarchical_vmc_lqr,0.7,3,45,0.1,1.0,23.529170989990234,1.0336991548538208,0.30000001192092896,0.23529170453548431,16.6716251373291,0.058689869940280914,0.0,0.1685255765914917
hierarchical_vmc_lqr,0.7,4,46,0.1,1.0,23.529170989990234,1.0336991548538208,0.30000001192092896,0.23529170453548431,16.6716251373291,0.058689869940280914,0.0,0.1685255765914917
hierarchical_vmc_lqr,0.7,5,47,0.1,1.0,23.529170989990234,1.0336991548538208,0.30000001192092896,0.23529170453548431,16.6716251373291,0.058689869940280914,0.0,0.1685255765914917
hierarchical_vmc_lqr,0.7,6,48,0.1,1.0,23.529170989990234,1.0336991548538208,0.30000001192092896,0.23529170453548431,16.6716251373291,0.058689869940280914,0.0,0.1685255765914917
hierarchical_vmc_lqr,0.7,7,49,0.1,1.0,23.529170989990234,1.0336991548538208,0.30000001192092896,0.23529170453548431,16.6716251373291,0.058689869940280914,0.0,0.1685255765914917
hierarchical_vmc_lqr,0.7,8,50,0.1,1.0,23.529170989990234,1.0336991548538208,0.30000001192092896,0.23529170453548431,16.6716251373291,0.058689869940280914,0.0,0.1685255765914917
hierarchical_vmc_lqr,0.7,9,51,0.1,1.0,23.529170989990234,1.0336991548538208,0.30000001192092896,0.23529170453548431,16.6716251373291,0.058689869940280914,0.0,0.1685255765914917
hierarchical_vmc_lqr,0.7,10,52,0.1,1.0,23.529170989990234,1.0336991548538208,0.30000001192092896,0.23529170453548431,16.6716251373291,0.058689869940280914,0.0,0.1685255765914917
hierarchical_vmc_lqr,0.7,11,53,0.1,1.0,23.529170989990234,1.0336991548538208,0.30000001192092896,0.23529170453548431,16.6716251373291,0.058689869940280914,0.0,0.1685255765914917
hierarchical_vmc_lqr,0.7,12,54,0.1,1.0,23.529170989990234,1.0336991548538208,0.30000001192092896,0.23529170453548431,16.6716251373291,0.058689869940280914,0.0,0.1685255765914917
hierarchical_vmc_lqr,0.7,13,55,0.1,1.0,23.529170989990234,1.0336991548538208,0.30000001192092896,0.23529170453548431,16.6716251373291,0.058689869940280914,0.0,0.1685255765914917
hierarchical_vmc_lqr,0.7,14,56,0.1,1.0,23.529170989990234,1.0336991548538208,0.30000001192092896,0.23529170453548431,16.6716251373291,0.058689869940280914,0.0,0.1685255765914917
hierarchical_vmc_lqr,0.7,15,57,0.1,1.0,23.529170989990234,1.0336991548538208,0.30000001192092896,0.23529170453548431,16.6716251373291,0.058689869940280914,0.0,0.1685255765914917
hierarchical_vmc_lqr,0.7,16,58,0.1,1.0,23.529170989990234,1.0336991548538208,0.30000001192092896,0.23529170453548431,16.6716251373291,0.058689869940280914,0.0,0.1685255765914917
hierarchical_vmc_lqr,0.7,17,59,0.1,1.0,23.529170989990234,1.0336991548538208,0.30000001192092896,0.23529170453548431,16.6716251373291,0.058689869940280914,0.0,0.1685255765914917
hierarchical_vmc_lqr,0.7,18,60,0.1,1.0,23.529170989990234,1.0336991548538208,0.30000001192092896,0.23529170453548431,16.6716251373291,0.058689869940280914,0.0,0.1685255765914917
hierarchical_vmc_lqr,0.7,19,61,0.1,1.0,23.529170989990234,1.0336991548538208,0.30000001192092896,0.23529170453548431,16.6716251373291,0.058689869940280914,0.0,0.1685255765914917
hierarchical_vmc_lqr,0.65,0,42,0.1,1.0,23.528610229492188,1.0337090492248535,0.3500000238418579,0.23528610169887543,16.67000961303711,0.061954375356435776,0.0,0.16862769424915314
hierarchical_vmc_lqr,0.65,1,43,0.1,1.0,23.528610229492188,1.0337090492248535,0.3500000238418579,0.23528610169887543,16.67000961303711,0.061954375356435776,0.0,0.16862769424915314
hierarchical_vmc_lqr,0.65,2,44,0.1,1.0,23.528610229492188,1.0337090492248535,0.3500000238418579,0.23528610169887543,16.67000961303711,0.061954375356435776,0.0,0.16862769424915314
hierarchical_vmc_lqr,0.65,3,45,0.1,1.0,23.528610229492188,1.0337090492248535,0.3500000238418579,0.23528610169887543,16.67000961303711,0.061954375356435776,0.0,0.16862769424915314
hierarchical_vmc_lqr,0.65,4,46,0.1,1.0,23.528610229492188,1.0337090492248535,0.3500000238418579,0.23528610169887543,16.67000961303711,0.061954375356435776,0.0,0.16862769424915314
hierarchical_vmc_lqr,0.65,5,47,0.1,1.0,23.528610229492188,1.0337090492248535,0.3500000238418579,0.23528610169887543,16.67000961303711,0.061954375356435776,0.0,0.16862769424915314
hierarchical_vmc_lqr,0.65,6,48,0.1,1.0,23.528610229492188,1.0337090492248535,0.3500000238418579,0.23528610169887543,16.67000961303711,0.061954375356435776,0.0,0.16862769424915314
hierarchical_vmc_lqr,0.65,7,49,0.1,1.0,23.528610229492188,1.0337090492248535,0.3500000238418579,0.23528610169887543,16.67000961303711,0.061954375356435776,0.0,0.16862769424915314
hierarchical_vmc_lqr,0.65,8,50,0.1,1.0,23.528610229492188,1.0337090492248535,0.3500000238418579,0.23528610169887543,16.67000961303711,0.061954375356435776,0.0,0.16862769424915314
hierarchical_vmc_lqr,0.65,9,51,0.1,1.0,23.528610229492188,1.0337090492248535,0.3500000238418579,0.23528610169887543,16.67000961303711,0.061954375356435776,0.0,0.16862769424915314
hierarchical_vmc_lqr,0.65,10,52,0.1,1.0,23.528610229492188,1.0337090492248535,0.3500000238418579,0.23528610169887543,16.67000961303711,0.061954375356435776,0.0,0.16862769424915314
hierarchical_vmc_lqr,0.65,11,53,0.1,1.0,23.528610229492188,1.0337090492248535,0.3500000238418579,0.23528610169887543,16.67000961303711,0.061954375356435776,0.0,0.16862769424915314
hierarchical_vmc_lqr,0.65,12,54,0.1,1.0,23.528610229492188,1.0337090492248535,0.3500000238418579,0.23528610169887543,16.67000961303711,0.061954375356435776,0.0,0.16862769424915314
hierarchical_vmc_lqr,0.65,13,55,0.1,1.0,23.528610229492188,1.0337090492248535,0.3500000238418579,0.23528610169887543,16.67000961303711,0.061954375356435776,0.0,0.16862769424915314
hierarchical_vmc_lqr,0.65,14,56,0.1,1.0,23.528610229492188,1.0337090492248535,0.3500000238418579,0.23528610169887543,16.67000961303711,0.061954375356435776,0.0,0.16862769424915314
hierarchical_vmc_lqr,0.65,15,57,0.1,1.0,23.528610229492188,1.0337090492248535,0.3500000238418579,0.23528610169887543,16.67000961303711,0.061954375356435776,0.0,0.16862769424915314
hierarchical_vmc_lqr,0.65,16,58,0.1,1.0,23.528610229492188,1.0337090492248535,0.3500000238418579,0.23528610169887543,16.67000961303711,0.061954375356435776,0.0,0.16862769424915314
hierarchical_vmc_lqr,0.65,17,59,0.1,1.0,23.528610229492188,1.0337090492248535,0.3500000238418579,0.23528610169887543,16.67000961303711,0.061954375356435776,0.0,0.16862769424915314
hierarchical_vmc_lqr,0.65,18,60,0.1,1.0,23.528610229492188,1.0337090492248535,0.3500000238418579,0.23528610169887543,16.67000961303711,0.061954375356435776,0.0,0.16862769424915314
hierarchical_vmc_lqr,0.65,19,61,0.1,1.0,23.528610229492188,1.0337090492248535,0.3500000238418579,0.23528610169887543,16.67000961303711,0.061954375356435776,0.0,0.16862769424915314
hierarchical_vmc_lqr,0.6,0,42,0.1,1.0,23.528051376342773,1.033718466758728,0.3999999761581421,0.23528051376342773,16.668397903442383,0.06422610580921173,0.0,0.16872075200080872
hierarchical_vmc_lqr,0.6,1,43,0.1,1.0,23.528051376342773,1.033718466758728,0.3999999761581421,0.23528051376342773,16.668397903442383,0.06422610580921173,0.0,0.16872075200080872
hierarchical_vmc_lqr,0.6,2,44,0.1,1.0,23.528051376342773,1.033718466758728,0.3999999761581421,0.23528051376342773,16.668397903442383,0.06422610580921173,0.0,0.16872075200080872
hierarchical_vmc_lqr,0.6,3,45,0.1,1.0,23.528051376342773,1.033718466758728,0.3999999761581421,0.23528051376342773,16.668397903442383,0.06422610580921173,0.0,0.16872075200080872
hierarchical_vmc_lqr,0.6,4,46,0.1,1.0,23.528051376342773,1.033718466758728,0.3999999761581421,0.23528051376342773,16.668397903442383,0.06422610580921173,0.0,0.16872075200080872
hierarchical_vmc_lqr,0.6,5,47,0.1,1.0,23.528051376342773,1.033718466758728,0.3999999761581421,0.23528051376342773,16.668397903442383,0.06422610580921173,0.0,0.16872075200080872
hierarchical_vmc_lqr,0.6,6,48,0.1,1.0,23.528051376342773,1.033718466758728,0.3999999761581421,0.23528051376342773,16.668397903442383,0.06422610580921173,0.0,0.16872075200080872
hierarchical_vmc_lqr,0.6,7,49,0.1,1.0,23.528051376342773,1.033718466758728,0.3999999761581421,0.23528051376342773,16.668397903442383,0.06422610580921173,0.0,0.16872075200080872
hierarchical_vmc_lqr,0.6,8,50,0.1,1.0,23.528051376342773,1.033718466758728,0.3999999761581421,0.23528051376342773,16.668397903442383,0.06422610580921173,0.0,0.16872075200080872
hierarchical_vmc_lqr,0.6,9,51,0.1,1.0,23.528051376342773,1.033718466758728,0.3999999761581421,0.23528051376342773,16.668397903442383,0.06422610580921173,0.0,0.16872075200080872
hierarchical_vmc_lqr,0.6,10,52,0.1,1.0,23.528051376342773,1.033718466758728,0.3999999761581421,0.23528051376342773,16.668397903442383,0.06422610580921173,0.0,0.16872075200080872
hierarchical_vmc_lqr,0.6,11,53,0.1,1.0,23.528051376342773,1.033718466758728,0.3999999761581421,0.23528051376342773,16.668397903442383,0.06422610580921173,0.0,0.16872075200080872
hierarchical_vmc_lqr,0.6,12,54,0.1,1.0,23.528051376342773,1.033718466758728,0.3999999761581421,0.23528051376342773,16.668397903442383,0.06422610580921173,0.0,0.16872075200080872
hierarchical_vmc_lqr,0.6,13,55,0.1,1.0,23.528051376342773,1.033718466758728,0.3999999761581421,0.23528051376342773,16.668397903442383,0.06422610580921173,0.0,0.16872075200080872
hierarchical_vmc_lqr,0.6,14,56,0.1,1.0,23.528051376342773,1.033718466758728,0.3999999761581421,0.23528051376342773,16.668397903442383,0.06422610580921173,0.0,0.16872075200080872
hierarchical_vmc_lqr,0.6,15,57,0.1,1.0,23.528051376342773,1.033718466758728,0.3999999761581421,0.23528051376342773,16.668397903442383,0.06422610580921173,0.0,0.16872075200080872
hierarchical_vmc_lqr,0.6,16,58,0.1,1.0,23.528051376342773,1.033718466758728,0.3999999761581421,0.23528051376342773,16.668397903442383,0.06422610580921173,0.0,0.16872075200080872
hierarchical_vmc_lqr,0.6,17,59,0.1,1.0,23.528051376342773,1.033718466758728,0.3999999761581421,0.23528051376342773,16.668397903442383,0.06422610580921173,0.0,0.16872075200080872
hierarchical_vmc_lqr,0.6,18,60,0.1,1.0,23.528051376342773,1.033718466758728,0.3999999761581421,0.23528051376342773,16.668397903442383,0.06422610580921173,0.0,0.16872075200080872
hierarchical_vmc_lqr,0.6,19,61,0.1,1.0,23.528051376342773,1.033718466758728,0.3999999761581421,0.23528051376342773,16.668397903442383,0.06422610580921173,0.0,0.16872075200080872
hierarchical_vmc_lqr,0.55,0,42,0.1,1.0,20.29511260986328,0.7305225729942322,0.44999998807907104,0.202951118350029,14.996797561645508,0.06386932730674744,0.0,0.16708415746688843
hierarchical_vmc_lqr,0.55,1,43,0.1,1.0,20.29511260986328,0.7305225729942322,0.44999998807907104,0.202951118350029,14.996797561645508,0.06386932730674744,0.0,0.16708415746688843
hierarchical_vmc_lqr,0.55,2,44,0.1,1.0,20.29511260986328,0.7305225729942322,0.44999998807907104,0.202951118350029,14.996797561645508,0.06386932730674744,0.0,0.16708415746688843
hierarchical_vmc_lqr,0.55,3,45,0.1,1.0,20.29511260986328,0.7305225729942322,0.44999998807907104,0.202951118350029,14.996797561645508,0.06386932730674744,0.0,0.16708415746688843
hierarchical_vmc_lqr,0.55,4,46,0.1,1.0,20.29511260986328,0.7305225729942322,0.44999998807907104,0.202951118350029,14.996797561645508,0.06386932730674744,0.0,0.16708415746688843
hierarchical_vmc_lqr,0.55,5,47,0.1,1.0,20.29511260986328,0.7305225729942322,0.44999998807907104,0.202951118350029,14.996797561645508,0.06386932730674744,0.0,0.16708415746688843
hierarchical_vmc_lqr,0.55,6,48,0.1,1.0,20.29511260986328,0.7305225729942322,0.44999998807907104,0.202951118350029,14.996797561645508,0.06386932730674744,0.0,0.16708415746688843
hierarchical_vmc_lqr,0.55,7,49,0.1,1.0,20.29511260986328,0.7305225729942322,0.44999998807907104,0.202951118350029,14.996797561645508,0.06386932730674744,0.0,0.16708415746688843
hierarchical_vmc_lqr,0.55,8,50,0.1,1.0,20.29511260986328,0.7305225729942322,0.44999998807907104,0.202951118350029,14.996797561645508,0.06386932730674744,0.0,0.16708415746688843
hierarchical_vmc_lqr,0.55,9,51,0.1,1.0,20.29511260986328,0.7305225729942322,0.44999998807907104,0.202951118350029,14.996797561645508,0.06386932730674744,0.0,0.16708415746688843
hierarchical_vmc_lqr,0.55,10,52,0.1,1.0,20.29511260986328,0.7305225729942322,0.44999998807907104,0.202951118350029,14.996797561645508,0.06386932730674744,0.0,0.16708415746688843
hierarchical_vmc_lqr,0.55,11,53,0.1,1.0,20.29511260986328,0.7305225729942322,0.44999998807907104,0.202951118350029,14.996797561645508,0.06386932730674744,0.0,0.16708415746688843
hierarchical_vmc_lqr,0.55,12,54,0.1,1.0,20.29511260986328,0.7305225729942322,0.44999998807907104,0.202951118350029,14.996797561645508,0.06386932730674744,0.0,0.16708415746688843
hierarchical_vmc_lqr,0.55,13,55,0.1,1.0,20.29511260986328,0.7305225729942322,0.44999998807907104,0.202951118350029,14.996797561645508,0.06386932730674744,0.0,0.16708415746688843
hierarchical_vmc_lqr,0.55,14,56,0.1,1.0,20.29511260986328,0.7305225729942322,0.44999998807907104,0.202951118350029,14.996797561645508,0.06386932730674744,0.0,0.16708415746688843
hierarchical_vmc_lqr,0.55,15,57,0.1,1.0,20.29511260986328,0.7305225729942322,0.44999998807907104,0.202951118350029,14.996797561645508,0.06386932730674744,0.0,0.16708415746688843
hierarchical_vmc_lqr,0.55,16,58,0.1,1.0,20.29511260986328,0.7305225729942322,0.44999998807907104,0.202951118350029,14.996797561645508,0.06386932730674744,0.0,0.16708415746688843
hierarchical_vmc_lqr,0.55,17,59,0.1,1.0,20.29511260986328,0.7305225729942322,0.44999998807907104,0.202951118350029,14.996797561645508,0.06386932730674744,0.0,0.16708415746688843
hierarchical_vmc_lqr,0.55,18,60,0.1,1.0,20.29511260986328,0.7305225729942322,0.44999998807907104,0.202951118350029,14.996797561645508,0.06386932730674744,0.0,0.16708415746688843
hierarchical_vmc_lqr,0.55,19,61,0.1,1.0,20.29511260986328,0.7305225729942322,0.44999998807907104,0.202951118350029,14.996797561645508,0.06386932730674744,0.0,0.16708415746688843
hierarchical_vmc_lqr,0.5,0,42,0.32,1.0,25.806705474853516,0.6482433080673218,0.4629533886909485,0.2580670416355133,16.81882095336914,0.26853814721107483,0.0875,0.24215544760227203
hierarchical_vmc_lqr,0.5,1,43,0.32,1.0,25.806705474853516,0.6482433080673218,0.4629533886909485,0.2580670416355133,16.81882095336914,0.26853814721107483,0.0875,0.24215544760227203
hierarchical_vmc_lqr,0.5,2,44,0.32,1.0,25.806705474853516,0.6482433080673218,0.4629533886909485,0.2580670416355133,16.81882095336914,0.26853814721107483,0.0875,0.24215544760227203
hierarchical_vmc_lqr,0.5,3,45,0.32,1.0,25.806705474853516,0.6482433080673218,0.4629533886909485,0.2580670416355133,16.81882095336914,0.26853814721107483,0.0875,0.24215544760227203
hierarchical_vmc_lqr,0.5,4,46,0.32,1.0,25.806705474853516,0.6482433080673218,0.4629533886909485,0.2580670416355133,16.81882095336914,0.26853814721107483,0.0875,0.24215544760227203
hierarchical_vmc_lqr,0.5,5,47,0.32,1.0,25.806705474853516,0.6482433080673218,0.4629533886909485,0.2580670416355133,16.81882095336914,0.26853814721107483,0.0875,0.24215544760227203
hierarchical_vmc_lqr,0.5,6,48,0.32,1.0,25.806705474853516,0.6482433080673218,0.4629533886909485,0.2580670416355133,16.81882095336914,0.26853814721107483,0.0875,0.24215544760227203
hierarchical_vmc_lqr,0.5,7,49,0.32,1.0,25.806705474853516,0.6482433080673218,0.4629533886909485,0.2580670416355133,16.81882095336914,0.26853814721107483,0.0875,0.24215544760227203
hierarchical_vmc_lqr,0.5,8,50,0.32,1.0,25.806705474853516,0.6482433080673218,0.4629533886909485,0.2580670416355133,16.81882095336914,0.26853814721107483,0.0875,0.24215544760227203
hierarchical_vmc_lqr,0.5,9,51,0.32,1.0,25.806705474853516,0.6482433080673218,0.4629533886909485,0.2580670416355133,16.81882095336914,0.26853814721107483,0.0875,0.24215544760227203
hierarchical_vmc_lqr,0.5,10,52,0.32,1.0,25.806705474853516,0.6482433080673218,0.4629533886909485,0.2580670416355133,16.81882095336914,0.26853814721107483,0.0875,0.24215544760227203
hierarchical_vmc_lqr,0.5,11,53,0.32,1.0,25.806705474853516,0.6482433080673218,0.4629533886909485,0.2580670416355133,16.81882095336914,0.26853814721107483,0.0875,0.24215544760227203
hierarchical_vmc_lqr,0.5,12,54,0.32,1.0,25.806705474853516,0.6482433080673218,0.4629533886909485,0.2580670416355133,16.81882095336914,0.26853814721107483,0.0875,0.24215544760227203
hierarchical_vmc_lqr,0.5,13,55,0.32,1.0,25.806705474853516,0.6482433080673218,0.4629533886909485,0.2580670416355133,16.81882095336914,0.26853814721107483,0.0875,0.24215544760227203
hierarchical_vmc_lqr,0.5,14,56,0.32,1.0,25.806705474853516,0.6482433080673218,0.4629533886909485,0.2580670416355133,16.81882095336914,0.26853814721107483,0.0875,0.24215544760227203
hierarchical_vmc_lqr,0.5,15,57,0.32,1.0,25.806705474853516,0.6482433080673218,0.4629533886909485,0.2580670416355133,16.81882095336914,0.26853814721107483,0.0875,0.24215544760227203
hierarchical_vmc_lqr,0.5,16,58,0.32,1.0,25.806705474853516,0.6482433080673218,0.4629533886909485,0.2580670416355133,16.81882095336914,0.26853814721107483,0.0875,0.24215544760227203
hierarchical_vmc_lqr,0.5,17,59,0.32,1.0,25.806705474853516,0.6482433080673218,0.4629533886909485,0.2580670416355133,16.81882095336914,0.26853814721107483,0.0875,0.24215544760227203
hierarchical_vmc_lqr,0.5,18,60,0.32,1.0,25.806705474853516,0.6482433080673218,0.4629533886909485,0.2580670416355133,16.81882095336914,0.26853814721107483,0.0875,0.24215544760227203
hierarchical_vmc_lqr,0.5,19,61,0.32,1.0,25.806705474853516,0.6482433080673218,0.4629533886909485,0.2580670416355133,16.81882095336914,0.26853814721107483,0.0875,0.24215544760227203
hierarchical_vmc_lqr,0.45,0,42,0.68,1.0,17.145139694213867,2.6724801063537598,0.457364559173584,0.1714513897895813,19.369155883789062,0.20458094775676727,0.3352941176470588,0.249672070145607
hierarchical_vmc_lqr,0.45,1,43,0.68,1.0,17.145139694213867,2.6724801063537598,0.457364559173584,0.1714513897895813,19.369155883789062,0.20458094775676727,0.3352941176470588,0.249672070145607
hierarchical_vmc_lqr,0.45,2,44,0.68,1.0,17.145139694213867,2.6724801063537598,0.457364559173584,0.1714513897895813,19.369155883789062,0.20458094775676727,0.3352941176470588,0.249672070145607
hierarchical_vmc_lqr,0.45,3,45,0.68,1.0,17.145139694213867,2.6724801063537598,0.457364559173584,0.1714513897895813,19.369155883789062,0.20458094775676727,0.3352941176470588,0.249672070145607
hierarchical_vmc_lqr,0.45,4,46,0.68,1.0,17.145139694213867,2.6724801063537598,0.457364559173584,0.1714513897895813,19.369155883789062,0.20458094775676727,0.3352941176470588,0.249672070145607
hierarchical_vmc_lqr,0.45,5,47,0.68,1.0,17.145139694213867,2.6724801063537598,0.457364559173584,0.1714513897895813,19.369155883789062,0.20458094775676727,0.3352941176470588,0.249672070145607
hierarchical_vmc_lqr,0.45,6,48,0.68,1.0,17.145139694213867,2.6724801063537598,0.457364559173584,0.1714513897895813,19.369155883789062,0.20458094775676727,0.3352941176470588,0.249672070145607
hierarchical_vmc_lqr,0.45,7,49,0.68,1.0,17.145139694213867,2.6724801063537598,0.457364559173584,0.1714513897895813,19.369155883789062,0.20458094775676727,0.3352941176470588,0.249672070145607
hierarchical_vmc_lqr,0.45,8,50,0.68,1.0,17.145139694213867,2.6724801063537598,0.457364559173584,0.1714513897895813,19.369155883789062,0.20458094775676727,0.3352941176470588,0.249672070145607
hierarchical_vmc_lqr,0.45,9,51,0.68,1.0,17.145139694213867,2.6724801063537598,0.457364559173584,0.1714513897895813,19.369155883789062,0.20458094775676727,0.3352941176470588,0.249672070145607
hierarchical_vmc_lqr,0.45,10,52,0.68,1.0,17.145139694213867,2.6724801063537598,0.457364559173584,0.1714513897895813,19.369155883789062,0.20458094775676727,0.3352941176470588,0.249672070145607
hierarchical_vmc_lqr,0.45,11,53,0.68,1.0,17.145139694213867,2.6724801063537598,0.457364559173584,0.1714513897895813,19.369155883789062,0.20458094775676727,0.3352941176470588,0.249672070145607
hierarchical_vmc_lqr,0.45,12,54,0.68,1.0,17.145139694213867,2.6724801063537598,0.457364559173584,0.1714513897895813,19.369155883789062,0.20458094775676727,0.3352941176470588,0.249672070145607
hierarchical_vmc_lqr,0.45,13,55,0.68,1.0,17.145139694213867,2.6724801063537598,0.457364559173584,0.1714513897895813,19.369155883789062,0.20458094775676727,0.3352941176470588,0.249672070145607
hierarchical_vmc_lqr,0.45,14,56,0.68,1.0,17.145139694213867,2.6724801063537598,0.457364559173584,0.1714513897895813,19.369155883789062,0.20458094775676727,0.3352941176470588,0.249672070145607
hierarchical_vmc_lqr,0.45,15,57,0.68,1.0,17.145139694213867,2.6724801063537598,0.457364559173584,0.1714513897895813,19.369155883789062,0.20458094775676727,0.3352941176470588,0.249672070145607
hierarchical_vmc_lqr,0.45,16,58,0.68,1.0,17.145139694213867,2.6724801063537598,0.457364559173584,0.1714513897895813,19.369155883789062,0.20458094775676727,0.3352941176470588,0.249672070145607
hierarchical_vmc_lqr,0.45,17,59,0.68,1.0,17.145139694213867,2.6724801063537598,0.457364559173584,0.1714513897895813,19.369155883789062,0.20458094775676727,0.3352941176470588,0.249672070145607
hierarchical_vmc_lqr,0.45,18,60,0.68,1.0,17.145139694213867,2.6724801063537598,0.457364559173584,0.1714513897895813,19.369155883789062,0.20458094775676727,0.3352941176470588,0.249672070145607
hierarchical_vmc_lqr,0.45,19,61,0.68,1.0,17.145139694213867,2.6724801063537598,0.457364559173584,0.1714513897895813,19.369155883789062,0.20458094775676727,0.3352941176470588,0.249672070145607
hierarchical_vmc_lqr,0.4,0,42,0.36,1.0,14.245587348937988,0.6797016859054565,0.37312522530555725,0.14245587587356567,17.75217628479004,0.26430976390838623,0.14444444444444443,0.16269148886203766
hierarchical_vmc_lqr,0.4,1,43,0.36,1.0,14.245587348937988,0.6797016859054565,0.37312522530555725,0.14245587587356567,17.75217628479004,0.26430976390838623,0.14444444444444443,0.16269148886203766
hierarchical_vmc_lqr,0.4,2,44,0.36,1.0,14.245587348937988,0.6797016859054565,0.37312522530555725,0.14245587587356567,17.75217628479004,0.26430976390838623,0.14444444444444443,0.16269148886203766
hierarchical_vmc_lqr,0.4,3,45,0.36,1.0,14.245587348937988,0.6797016859054565,0.37312522530555725,0.14245587587356567,17.75217628479004,0.26430976390838623,0.14444444444444443,0.16269148886203766
hierarchical_vmc_lqr,0.4,4,46,0.36,1.0,14.245587348937988,0.6797016859054565,0.37312522530555725,0.14245587587356567,17.75217628479004,0.26430976390838623,0.14444444444444443,0.16269148886203766
hierarchical_vmc_lqr,0.4,5,47,0.36,1.0,14.245587348937988,0.6797016859054565,0.37312522530555725,0.14245587587356567,17.75217628479004,0.26430976390838623,0.14444444444444443,0.16269148886203766
hierarchical_vmc_lqr,0.4,6,48,0.36,1.0,14.245587348937988,0.6797016859054565,0.37312522530555725,0.14245587587356567,17.75217628479004,0.26430976390838623,0.14444444444444443,0.16269148886203766
hierarchical_vmc_lqr,0.4,7,49,0.36,1.0,14.245587348937988,0.6797016859054565,0.37312522530555725,0.14245587587356567,17.75217628479004,0.26430976390838623,0.14444444444444443,0.16269148886203766
hierarchical_vmc_lqr,0.4,8,50,0.36,1.0,14.245587348937988,0.6797016859054565,0.37312522530555725,0.14245587587356567,17.75217628479004,0.26430976390838623,0.14444444444444443,0.16269148886203766
hierarchical_vmc_lqr,0.4,9,51,0.36,1.0,14.245587348937988,0.6797016859054565,0.37312522530555725,0.14245587587356567,17.75217628479004,0.26430976390838623,0.14444444444444443,0.16269148886203766
hierarchical_vmc_lqr,0.4,10,52,0.36,1.0,14.245587348937988,0.6797016859054565,0.37312522530555725,0.14245587587356567,17.75217628479004,0.26430976390838623,0.14444444444444443,0.16269148886203766
hierarchical_vmc_lqr,0.4,11,53,0.36,1.0,14.245587348937988,0.6797016859054565,0.37312522530555725,0.14245587587356567,17.75217628479004,0.26430976390838623,0.14444444444444443,0.16269148886203766
hierarchical_vmc_lqr,0.4,12,54,0.36,1.0,14.245587348937988,0.6797016859054565,0.37312522530555725,0.14245587587356567,17.75217628479004,0.26430976390838623,0.14444444444444443,0.16269148886203766
hierarchical_vmc_lqr,0.4,13,55,0.36,1.0,14.245587348937988,0.6797016859054565,0.37312522530555725,0.14245587587356567,17.75217628479004,0.26430976390838623,0.14444444444444443,0.16269148886203766
hierarchical_vmc_lqr,0.4,14,56,0.36,1.0,14.245587348937988,0.6797016859054565,0.37312522530555725,0.14245587587356567,17.75217628479004,0.26430976390838623,0.14444444444444443,0.16269148886203766
hierarchical_vmc_lqr,0.4,15,57,0.36,1.0,14.245587348937988,0.6797016859054565,0.37312522530555725,0.14245587587356567,17.75217628479004,0.26430976390838623,0.14444444444444443,0.16269148886203766
hierarchical_vmc_lqr,0.4,16,58,0.36,1.0,14.245587348937988,0.6797016859054565,0.37312522530555725,0.14245587587356567,17.75217628479004,0.26430976390838623,0.14444444444444443,0.16269148886203766
hierarchical_vmc_lqr,0.4,17,59,0.36,1.0,14.245587348937988,0.6797016859054565,0.37312522530555725,0.14245587587356567,17.75217628479004,0.26430976390838623,0.14444444444444443,0.16269148886203766
hierarchical_vmc_lqr,0.4,18,60,0.36,1.0,14.245587348937988,0.6797016859054565,0.37312522530555725,0.14245587587356567,17.75217628479004,0.26430976390838623,0.14444444444444443,0.16269148886203766
hierarchical_vmc_lqr,0.4,19,61,0.36,1.0,14.245587348937988,0.6797016859054565,0.37312522530555725,0.14245587587356567,17.75217628479004,0.26430976390838623,0.14444444444444443,0.16269148886203766
hierarchical_vmc_lqr_v2,0.7,0,42,0.1,1.0,23.513376235961914,1.0339730978012085,0.30000001192092896,0.23513375222682953,16.62628746032715,0.046774640679359436,0.0,0.1682497262954712
hierarchical_vmc_lqr_v2,0.7,1,43,0.1,1.0,23.513376235961914,1.0339730978012085,0.30000001192092896,0.23513375222682953,16.62628746032715,0.046774640679359436,0.0,0.1682497262954712
hierarchical_vmc_lqr_v2,0.7,2,44,0.1,1.0,23.513376235961914,1.0339730978012085,0.30000001192092896,0.23513375222682953,16.62628746032715,0.046774640679359436,0.0,0.1682497262954712
hierarchical_vmc_lqr_v2,0.7,3,45,0.1,1.0,23.513376235961914,1.0339730978012085,0.30000001192092896,0.23513375222682953,16.62628746032715,0.046774640679359436,0.0,0.1682497262954712
hierarchical_vmc_lqr_v2,0.7,4,46,0.1,1.0,23.513376235961914,1.0339730978012085,0.30000001192092896,0.23513375222682953,16.62628746032715,0.046774640679359436,0.0,0.1682497262954712
hierarchical_vmc_lqr_v2,0.7,5,47,0.1,1.0,23.513376235961914,1.0339730978012085,0.30000001192092896,0.23513375222682953,16.62628746032715,0.046774640679359436,0.0,0.1682497262954712
hierarchical_vmc_lqr_v2,0.7,6,48,0.1,1.0,23.513376235961914,1.0339730978012085,0.30000001192092896,0.23513375222682953,16.62628746032715,0.046774640679359436,0.0,0.1682497262954712
hierarchical_vmc_lqr_v2,0.7,7,49,0.1,1.0,23.513376235961914,1.0339730978012085,0.30000001192092896,0.23513375222682953,16.62628746032715,0.046774640679359436,0.0,0.1682497262954712
hierarchical_vmc_lqr_v2,0.7,8,50,0.1,1.0,23.513376235961914,1.0339730978012085,0.30000001192092896,0.23513375222682953,16.62628746032715,0.046774640679359436,0.0,0.1682497262954712
hierarchical_vmc_lqr_v2,0.7,9,51,0.1,1.0,23.513376235961914,1.0339730978012085,0.30000001192092896,0.23513375222682953,16.62628746032715,0.046774640679359436,0.0,0.1682497262954712
hierarchical_vmc_lqr_v2,0.7,10,52,0.1,1.0,23.513376235961914,1.0339730978012085,0.30000001192092896,0.23513375222682953,16.62628746032715,0.046774640679359436,0.0,0.1682497262954712
hierarchical_vmc_lqr_v2,0.7,11,53,0.1,1.0,23.513376235961914,1.0339730978012085,0.30000001192092896,0.23513375222682953,16.62628746032715,0.046774640679359436,0.0,0.1682497262954712
hierarchical_vmc_lqr_v2,0.7,12,54,0.1,1.0,23.513376235961914,1.0339730978012085,0.30000001192092896,0.23513375222682953,16.62628746032715,0.046774640679359436,0.0,0.1682497262954712
hierarchical_vmc_lqr_v2,0.7,13,55,0.1,1.0,23.513376235961914,1.0339730978012085,0.30000001192092896,0.23513375222682953,16.62628746032715,0.046774640679359436,0.0,0.1682497262954712
hierarchical_vmc_lqr_v2,0.7,14,56,0.1,1.0,23.513376235961914,1.0339730978012085,0.30000001192092896,0.23513375222682953,16.62628746032715,0.046774640679359436,0.0,0.1682497262954712
hierarchical_vmc_lqr_v2,0.7,15,57,0.1,1.0,23.513376235961914,1.0339730978012085,0.30000001192092896,0.23513375222682953,16.62628746032715,0.046774640679359436,0.0,0.1682497262954712
hierarchical_vmc_lqr_v2,0.7,16,58,0.1,1.0,23.513376235961914,1.0339730978012085,0.30000001192092896,0.23513375222682953,16.62628746032715,0.046774640679359436,0.0,0.1682497262954712
hierarchical_vmc_lqr_v2,0.7,17,59,0.1,1.0,23.513376235961914,1.0339730978012085,0.30000001192092896,0.23513375222682953,16.62628746032715,0.046774640679359436,0.0,0.1682497262954712
hierarchical_vmc_lqr_v2,0.7,18,60,0.1,1.0,23.513376235961914,1.0339730978012085,0.30000001192092896,0.23513375222682953,16.62628746032715,0.046774640679359436,0.0,0.1682497262954712
hierarchical_vmc_lqr_v2,0.7,19,61,0.1,1.0,23.513376235961914,1.0339730978012085,0.30000001192092896,0.23513375222682953,16.62628746032715,0.046774640679359436,0.0,0.1682497262954712
hierarchical_vmc_lqr_v2,0.65,0,42,0.1,1.0,23.510847091674805,1.034016489982605,0.3500000238418579,0.23510846495628357,16.619064331054688,0.048439960926771164,0.0,0.16830074787139893
hierarchical_vmc_lqr_v2,0.65,1,43,0.1,1.0,23.510847091674805,1.034016489982605,0.3500000238418579,0.23510846495628357,16.619064331054688,0.048439960926771164,0.0,0.16830074787139893
hierarchical_vmc_lqr_v2,0.65,2,44,0.1,1.0,23.510847091674805,1.034016489982605,0.3500000238418579,0.23510846495628357,16.619064331054688,0.048439960926771164,0.0,0.16830074787139893
hierarchical_vmc_lqr_v2,0.65,3,45,0.1,1.0,23.510847091674805,1.034016489982605,0.3500000238418579,0.23510846495628357,16.619064331054688,0.048439960926771164,0.0,0.16830074787139893
hierarchical_vmc_lqr_v2,0.65,4,46,0.1,1.0,23.510847091674805,1.034016489982605,0.3500000238418579,0.23510846495628357,16.619064331054688,0.048439960926771164,0.0,0.16830074787139893
hierarchical_vmc_lqr_v2,0.65,5,47,0.1,1.0,23.510847091674805,1.034016489982605,0.3500000238418579,0.23510846495628357,16.619064331054688,0.048439960926771164,0.0,0.16830074787139893
hierarchical_vmc_lqr_v2,0.65,6,48,0.1,1.0,23.510847091674805,1.034016489982605,0.3500000238418579,0.23510846495628357,16.619064331054688,0.048439960926771164,0.0,0.16830074787139893
hierarchical_vmc_lqr_v2,0.65,7,49,0.1,1.0,23.510847091674805,1.034016489982605,0.3500000238418579,0.23510846495628357,16.619064331054688,0.048439960926771164,0.0,0.16830074787139893
hierarchical_vmc_lqr_v2,0.65,8,50,0.1,1.0,23.510847091674805,1.034016489982605,0.3500000238418579,0.23510846495628357,16.619064331054688,0.048439960926771164,0.0,0.16830074787139893
hierarchical_vmc_lqr_v2,0.65,9,51,0.1,1.0,23.510847091674805,1.034016489982605,0.3500000238418579,0.23510846495628357,16.619064331054688,0.048439960926771164,0.0,0.16830074787139893
hierarchical_vmc_lqr_v2,0.65,10,52,0.1,1.0,23.510847091674805,1.034016489982605,0.3500000238418579,0.23510846495628357,16.619064331054688,0.048439960926771164,0.0,0.16830074787139893
hierarchical_vmc_lqr_v2,0.65,11,53,0.1,1.0,23.510847091674805,1.034016489982605,0.3500000238418579,0.23510846495628357,16.619064331054688,0.048439960926771164,0.0,0.16830074787139893
hierarchical_vmc_lqr_v2,0.65,12,54,0.1,1.0,23.510847091674805,1.034016489982605,0.3500000238418579,0.23510846495628357,16.619064331054688,0.048439960926771164,0.0,0.16830074787139893
hierarchical_vmc_lqr_v2,0.65,13,55,0.1,1.0,23.510847091674805,1.034016489982605,0.3500000238418579,0.23510846495628357,16.619064331054688,0.048439960926771164,0.0,0.16830074787139893
hierarchical_vmc_lqr_v2,0.65,14,56,0.1,1.0,23.510847091674805,1.034016489982605,0.3500000238418579,0.23510846495628357,16.619064331054688,0.048439960926771164,0.0,0.16830074787139893
hierarchical_vmc_lqr_v2,0.65,15,57,0.1,1.0,23.510847091674805,1.034016489982605,0.3500000238418579,0.23510846495628357,16.619064331054688,0.048439960926771164,0.0,0.16830074787139893
hierarchical_vmc_lqr_v2,0.65,16,58,0.1,1.0,23.510847091674805,1.034016489982605,0.3500000238418579,0.23510846495628357,16.619064331054688,0.048439960926771164,0.0,0.16830074787139893
hierarchical_vmc_lqr_v2,0.65,17,59,0.1,1.0,23.510847091674805,1.034016489982605,0.3500000238418579,0.23510846495628357,16.619064331054688,0.048439960926771164,0.0,0.16830074787139893
hierarchical_vmc_lqr_v2,0.65,18,60,0.1,1.0,23.510847091674805,1.034016489982605,0.3500000238418579,0.23510846495628357,16.619064331054688,0.048439960926771164,0.0,0.16830074787139893
hierarchical_vmc_lqr_v2,0.65,19,61,0.1,1.0,23.510847091674805,1.034016489982605,0.3500000238418579,0.23510846495628357,16.619064331054688,0.048439960926771164,0.0,0.16830074787139893
hierarchical_vmc_lqr_v2,0.6,0,42,0.1,1.0,23.508310317993164,1.0340603590011597,0.3999999761581421,0.23508310317993164,16.611852645874023,0.048716410994529724,0.0,0.16833625733852386
hierarchical_vmc_lqr_v2,0.6,1,43,0.1,1.0,23.508310317993164,1.0340603590011597,0.3999999761581421,0.23508310317993164,16.611852645874023,0.048716410994529724,0.0,0.16833625733852386
hierarchical_vmc_lqr_v2,0.6,2,44,0.1,1.0,23.508310317993164,1.0340603590011597,0.3999999761581421,0.23508310317993164,16.611852645874023,0.048716410994529724,0.0,0.16833625733852386
hierarchical_vmc_lqr_v2,0.6,3,45,0.1,1.0,23.508310317993164,1.0340603590011597,0.3999999761581421,0.23508310317993164,16.611852645874023,0.048716410994529724,0.0,0.16833625733852386
hierarchical_vmc_lqr_v2,0.6,4,46,0.1,1.0,23.508310317993164,1.0340603590011597,0.3999999761581421,0.23508310317993164,16.611852645874023,0.048716410994529724,0.0,0.16833625733852386
hierarchical_vmc_lqr_v2,0.6,5,47,0.1,1.0,23.508310317993164,1.0340603590011597,0.3999999761581421,0.23508310317993164,16.611852645874023,0.048716410994529724,0.0,0.16833625733852386
hierarchical_vmc_lqr_v2,0.6,6,48,0.1,1.0,23.508310317993164,1.0340603590011597,0.3999999761581421,0.23508310317993164,16.611852645874023,0.048716410994529724,0.0,0.16833625733852386
hierarchical_vmc_lqr_v2,0.6,7,49,0.1,1.0,23.508310317993164,1.0340603590011597,0.3999999761581421,0.23508310317993164,16.611852645874023,0.048716410994529724,0.0,0.16833625733852386
hierarchical_vmc_lqr_v2,0.6,8,50,0.1,1.0,23.508310317993164,1.0340603590011597,0.3999999761581421,0.23508310317993164,16.611852645874023,0.048716410994529724,0.0,0.16833625733852386
hierarchical_vmc_lqr_v2,0.6,9,51,0.1,1.0,23.508310317993164,1.0340603590011597,0.3999999761581421,0.23508310317993164,16.611852645874023,0.048716410994529724,0.0,0.16833625733852386
hierarchical_vmc_lqr_v2,0.6,10,52,0.1,1.0,23.508310317993164,1.0340603590011597,0.3999999761581421,0.23508310317993164,16.611852645874023,0.048716410994529724,0.0,0.16833625733852386
hierarchical_vmc_lqr_v2,0.6,11,53,0.1,1.0,23.508310317993164,1.0340603590011597,0.3999999761581421,0.23508310317993164,16.611852645874023,0.048716410994529724,0.0,0.16833625733852386
hierarchical_vmc_lqr_v2,0.6,12,54,0.1,1.0,23.508310317993164,1.0340603590011597,0.3999999761581421,0.23508310317993164,16.611852645874023,0.048716410994529724,0.0,0.16833625733852386
hierarchical_vmc_lqr_v2,0.6,13,55,0.1,1.0,23.508310317993164,1.0340603590011597,0.3999999761581421,0.23508310317993164,16.611852645874023,0.048716410994529724,0.0,0.16833625733852386
hierarchical_vmc_lqr_v2,0.6,14,56,0.1,1.0,23.508310317993164,1.0340603590011597,0.3999999761581421,0.23508310317993164,16.611852645874023,0.048716410994529724,0.0,0.16833625733852386
hierarchical_vmc_lqr_v2,0.6,15,57,0.1,1.0,23.508310317993164,1.0340603590011597,0.3999999761581421,0.23508310317993164,16.611852645874023,0.048716410994529724,0.0,0.16833625733852386
hierarchical_vmc_lqr_v2,0.6,16,58,0.1,1.0,23.508310317993164,1.0340603590011597,0.3999999761581421,0.23508310317993164,16.611852645874023,0.048716410994529724,0.0,0.16833625733852386
hierarchical_vmc_lqr_v2,0.6,17,59,0.1,1.0,23.508310317993164,1.0340603590011597,0.3999999761581421,0.23508310317993164,16.611852645874023,0.048716410994529724,0.0,0.16833625733852386
hierarchical_vmc_lqr_v2,0.6,18,60,0.1,1.0,23.508310317993164,1.0340603590011597,0.3999999761581421,0.23508310317993164,16.611852645874023,0.048716410994529724,0.0,0.16833625733852386
hierarchical_vmc_lqr_v2,0.6,19,61,0.1,1.0,23.508310317993164,1.0340603590011597,0.3999999761581421,0.23508310317993164,16.611852645874023,0.048716410994529724,0.0,0.16833625733852386
hierarchical_vmc_lqr_v2,0.55,0,42,0.1,1.0,20.383909225463867,0.7279818654060364,0.44999998807907104,0.20383909344673157,15.415874481201172,0.046079788357019424,0.0,0.16648341715335846
hierarchical_vmc_lqr_v2,0.55,1,43,0.1,1.0,20.383909225463867,0.7279818654060364,0.44999998807907104,0.20383909344673157,15.415874481201172,0.046079788357019424,0.0,0.16648341715335846
hierarchical_vmc_lqr_v2,0.55,2,44,0.1,1.0,20.383909225463867,0.7279818654060364,0.44999998807907104,0.20383909344673157,15.415874481201172,0.046079788357019424,0.0,0.16648341715335846
hierarchical_vmc_lqr_v2,0.55,3,45,0.1,1.0,20.383909225463867,0.7279818654060364,0.44999998807907104,0.20383909344673157,15.415874481201172,0.046079788357019424,0.0,0.16648341715335846
hierarchical_vmc_lqr_v2,0.55,4,46,0.1,1.0,20.383909225463867,0.7279818654060364,0.44999998807907104,0.20383909344673157,15.415874481201172,0.046079788357019424,0.0,0.16648341715335846
hierarchical_vmc_lqr_v2,0.55,5,47,0.1,1.0,20.383909225463867,0.7279818654060364,0.44999998807907104,0.20383909344673157,15.415874481201172,0.046079788357019424,0.0,0.16648341715335846
hierarchical_vmc_lqr_v2,0.55,6,48,0.1,1.0,20.383909225463867,0.7279818654060364,0.44999998807907104,0.20383909344673157,15.415874481201172,0.046079788357019424,0.0,0.16648341715335846
hierarchical_vmc_lqr_v2,0.55,7,49,0.1,1.0,20.383909225463867,0.7279818654060364,0.44999998807907104,0.20383909344673157,15.415874481201172,0.046079788357019424,0.0,0.16648341715335846
hierarchical_vmc_lqr_v2,0.55,8,50,0.1,1.0,20.383909225463867,0.7279818654060364,0.44999998807907104,0.20383909344673157,15.415874481201172,0.046079788357019424,0.0,0.16648341715335846
hierarchical_vmc_lqr_v2,0.55,9,51,0.1,1.0,20.383909225463867,0.7279818654060364,0.44999998807907104,0.20383909344673157,15.415874481201172,0.046079788357019424,0.0,0.16648341715335846
hierarchical_vmc_lqr_v2,0.55,10,52,0.1,1.0,20.383909225463867,0.7279818654060364,0.44999998807907104,0.20383909344673157,15.415874481201172,0.046079788357019424,0.0,0.16648341715335846
hierarchical_vmc_lqr_v2,0.55,11,53,0.1,1.0,20.383909225463867,0.7279818654060364,0.44999998807907104,0.20383909344673157,15.415874481201172,0.046079788357019424,0.0,0.16648341715335846
hierarchical_vmc_lqr_v2,0.55,12,54,0.1,1.0,20.383909225463867,0.7279818654060364,0.44999998807907104,0.20383909344673157,15.415874481201172,0.046079788357019424,0.0,0.16648341715335846
hierarchical_vmc_lqr_v2,0.55,13,55,0.1,1.0,20.383909225463867,0.7279818654060364,0.44999998807907104,0.20383909344673157,15.415874481201172,0.046079788357019424,0.0,0.16648341715335846
hierarchical_vmc_lqr_v2,0.55,14,56,0.1,1.0,20.383909225463867,0.7279818654060364,0.44999998807907104,0.20383909344673157,15.415874481201172,0.046079788357019424,0.0,0.16648341715335846
hierarchical_vmc_lqr_v2,0.55,15,57,0.1,1.0,20.383909225463867,0.7279818654060364,0.44999998807907104,0.20383909344673157,15.415874481201172,0.046079788357019424,0.0,0.16648341715335846
hierarchical_vmc_lqr_v2,0.55,16,58,0.1,1.0,20.383909225463867,0.7279818654060364,0.44999998807907104,0.20383909344673157,15.415874481201172,0.046079788357019424,0.0,0.16648341715335846
hierarchical_vmc_lqr_v2,0.55,17,59,0.1,1.0,20.383909225463867,0.7279818654060364,0.44999998807907104,0.20383909344673157,15.415874481201172,0.046079788357019424,0.0,0.16648341715335846
hierarchical_vmc_lqr_v2,0.55,18,60,0.1,1.0,20.383909225463867,0.7279818654060364,0.44999998807907104,0.20383909344673157,15.415874481201172,0.046079788357019424,0.0,0.16648341715335846
hierarchical_vmc_lqr_v2,0.55,19,61,0.1,1.0,20.383909225463867,0.7279818654060364,0.44999998807907104,0.20383909344673157,15.415874481201172,0.046079788357019424,0.0,0.16648341715335846
hierarchical_vmc_lqr_v2,0.5,0,42,0.28,1.0,23.60276222229004,0.6598520278930664,0.4599994421005249,0.23602761328220367,16.45257568359375,0.19665640592575073,0.07142857142857142,0.1825619339942932
hierarchical_vmc_lqr_v2,0.5,1,43,0.28,1.0,23.60276222229004,0.6598520278930664,0.4599994421005249,0.23602761328220367,16.45257568359375,0.19665640592575073,0.07142857142857142,0.1825619339942932
hierarchical_vmc_lqr_v2,0.5,2,44,0.28,1.0,23.60276222229004,0.6598520278930664,0.4599994421005249,0.23602761328220367,16.45257568359375,0.19665640592575073,0.07142857142857142,0.1825619339942932
hierarchical_vmc_lqr_v2,0.5,3,45,0.28,1.0,23.60276222229004,0.6598520278930664,0.4599994421005249,0.23602761328220367,16.45257568359375,0.19665640592575073,0.07142857142857142,0.1825619339942932
hierarchical_vmc_lqr_v2,0.5,4,46,0.28,1.0,23.60276222229004,0.6598520278930664,0.4599994421005249,0.23602761328220367,16.45257568359375,0.19665640592575073,0.07142857142857142,0.1825619339942932
hierarchical_vmc_lqr_v2,0.5,5,47,0.28,1.0,23.60276222229004,0.6598520278930664,0.4599994421005249,0.23602761328220367,16.45257568359375,0.19665640592575073,0.07142857142857142,0.1825619339942932
hierarchical_vmc_lqr_v2,0.5,6,48,0.28,1.0,23.60276222229004,0.6598520278930664,0.4599994421005249,0.23602761328220367,16.45257568359375,0.19665640592575073,0.07142857142857142,0.1825619339942932
hierarchical_vmc_lqr_v2,0.5,7,49,0.28,1.0,23.60276222229004,0.6598520278930664,0.4599994421005249,0.23602761328220367,16.45257568359375,0.19665640592575073,0.07142857142857142,0.1825619339942932
hierarchical_vmc_lqr_v2,0.5,8,50,0.28,1.0,23.60276222229004,0.6598520278930664,0.4599994421005249,0.23602761328220367,16.45257568359375,0.19665640592575073,0.07142857142857142,0.1825619339942932
hierarchical_vmc_lqr_v2,0.5,9,51,0.28,1.0,23.60276222229004,0.6598520278930664,0.4599994421005249,0.23602761328220367,16.45257568359375,0.19665640592575073,0.07142857142857142,0.1825619339942932
hierarchical_vmc_lqr_v2,0.5,10,52,0.28,1.0,23.60276222229004,0.6598520278930664,0.4599994421005249,0.23602761328220367,16.45257568359375,0.19665640592575073,0.07142857142857142,0.1825619339942932
hierarchical_vmc_lqr_v2,0.5,11,53,0.28,1.0,23.60276222229004,0.6598520278930664,0.4599994421005249,0.23602761328220367,16.45257568359375,0.19665640592575073,0.07142857142857142,0.1825619339942932
hierarchical_vmc_lqr_v2,0.5,12,54,0.28,1.0,23.60276222229004,0.6598520278930664,0.4599994421005249,0.23602761328220367,16.45257568359375,0.19665640592575073,0.07142857142857142,0.1825619339942932
hierarchical_vmc_lqr_v2,0.5,13,55,0.28,1.0,23.60276222229004,0.6598520278930664,0.4599994421005249,0.23602761328220367,16.45257568359375,0.19665640592575073,0.07142857142857142,0.1825619339942932
hierarchical_vmc_lqr_v2,0.5,14,56,0.28,1.0,23.60276222229004,0.6598520278930664,0.4599994421005249,0.23602761328220367,16.45257568359375,0.19665640592575073,0.07142857142857142,0.1825619339942932
hierarchical_vmc_lqr_v2,0.5,15,57,0.28,1.0,23.60276222229004,0.6598520278930664,0.4599994421005249,0.23602761328220367,16.45257568359375,0.19665640592575073,0.07142857142857142,0.1825619339942932
hierarchical_vmc_lqr_v2,0.5,16,58,0.28,1.0,23.60276222229004,0.6598520278930664,0.4599994421005249,0.23602761328220367,16.45257568359375,0.19665640592575073,0.07142857142857142,0.1825619339942932
hierarchical_vmc_lqr_v2,0.5,17,59,0.28,1.0,23.60276222229004,0.6598520278930664,0.4599994421005249,0.23602761328220367,16.45257568359375,0.19665640592575073,0.07142857142857142,0.1825619339942932
hierarchical_vmc_lqr_v2,0.5,18,60,0.28,1.0,23.60276222229004,0.6598520278930664,0.4599994421005249,0.23602761328220367,16.45257568359375,0.19665640592575073,0.07142857142857142,0.1825619339942932
hierarchical_vmc_lqr_v2,0.5,19,61,0.28,1.0,23.60276222229004,0.6598520278930664,0.4599994421005249,0.23602761328220367,16.45257568359375,0.19665640592575073,0.07142857142857142,0.1825619339942932
hierarchical_vmc_lqr_v2,0.45,0,42,0.62,1.0,15.406657218933105,6.408980846405029,0.45937469601631165,0.1540665626525879,19.82497215270996,0.071137435734272,0.32903225806451614,0.2396974265575409
hierarchical_vmc_lqr_v2,0.45,1,43,0.62,1.0,15.406657218933105,6.408980846405029,0.45937469601631165,0.1540665626525879,19.82497215270996,0.071137435734272,0.32903225806451614,0.2396974265575409
hierarchical_vmc_lqr_v2,0.45,2,44,0.62,1.0,15.406657218933105,6.408980846405029,0.45937469601631165,0.1540665626525879,19.82497215270996,0.071137435734272,0.32903225806451614,0.2396974265575409
hierarchical_vmc_lqr_v2,0.45,3,45,0.62,1.0,15.406657218933105,6.408980846405029,0.45937469601631165,0.1540665626525879,19.82497215270996,0.071137435734272,0.32903225806451614,0.2396974265575409
hierarchical_vmc_lqr_v2,0.45,4,46,0.62,1.0,15.406657218933105,6.408980846405029,0.45937469601631165,0.1540665626525879,19.82497215270996,0.071137435734272,0.32903225806451614,0.2396974265575409
hierarchical_vmc_lqr_v2,0.45,5,47,0.62,1.0,15.406657218933105,6.408980846405029,0.45937469601631165,0.1540665626525879,19.82497215270996,0.071137435734272,0.32903225806451614,0.2396974265575409
hierarchical_vmc_lqr_v2,0.45,6,48,0.62,1.0,15.406657218933105,6.408980846405029,0.45937469601631165,0.1540665626525879,19.82497215270996,0.071137435734272,0.32903225806451614,0.2396974265575409
hierarchical_vmc_lqr_v2,0.45,7,49,0.62,1.0,15.406657218933105,6.408980846405029,0.45937469601631165,0.1540665626525879,19.82497215270996,0.071137435734272,0.32903225806451614,0.2396974265575409
hierarchical_vmc_lqr_v2,0.45,8,50,0.62,1.0,15.406657218933105,6.408980846405029,0.45937469601631165,0.1540665626525879,19.82497215270996,0.071137435734272,0.32903225806451614,0.2396974265575409
hierarchical_vmc_lqr_v2,0.45,9,51,0.62,1.0,15.406657218933105,6.408980846405029,0.45937469601631165,0.1540665626525879,19.82497215270996,0.071137435734272,0.32903225806451614,0.2396974265575409
hierarchical_vmc_lqr_v2,0.45,10,52,0.62,1.0,15.406657218933105,6.408980846405029,0.45937469601631165,0.1540665626525879,19.82497215270996,0.071137435734272,0.32903225806451614,0.2396974265575409
hierarchical_vmc_lqr_v2,0.45,11,53,0.62,1.0,15.406657218933105,6.408980846405029,0.45937469601631165,0.1540665626525879,19.82497215270996,0.071137435734272,0.32903225806451614,0.2396974265575409
hierarchical_vmc_lqr_v2,0.45,12,54,0.62,1.0,15.406657218933105,6.408980846405029,0.45937469601631165,0.1540665626525879,19.82497215270996,0.071137435734272,0.32903225806451614,0.2396974265575409
hierarchical_vmc_lqr_v2,0.45,13,55,0.62,1.0,15.406657218933105,6.408980846405029,0.45937469601631165,0.1540665626525879,19.82497215270996,0.071137435734272,0.32903225806451614,0.2396974265575409
hierarchical_vmc_lqr_v2,0.45,14,56,0.62,1.0,15.406657218933105,6.408980846405029,0.45937469601631165,0.1540665626525879,19.82497215270996,0.071137435734272,0.32903225806451614,0.2396974265575409
hierarchical_vmc_lqr_v2,0.45,15,57,0.62,1.0,15.406657218933105,6.408980846405029,0.45937469601631165,0.1540665626525879,19.82497215270996,0.071137435734272,0.32903225806451614,0.2396974265575409
hierarchical_vmc_lqr_v2,0.45,16,58,0.62,1.0,15.406657218933105,6.408980846405029,0.45937469601631165,0.1540665626525879,19.82497215270996,0.071137435734272,0.32903225806451614,0.2396974265575409
hierarchical_vmc_lqr_v2,0.45,17,59,0.62,1.0,15.406657218933105,6.408980846405029,0.45937469601631165,0.1540665626525879,19.82497215270996,0.071137435734272,0.32903225806451614,0.2396974265575409
hierarchical_vmc_lqr_v2,0.45,18,60,0.62,1.0,15.406657218933105,6.408980846405029,0.45937469601631165,0.1540665626525879,19.82497215270996,0.071137435734272,0.32903225806451614,0.2396974265575409
hierarchical_vmc_lqr_v2,0.45,19,61,0.62,1.0,15.406657218933105,6.408980846405029,0.45937469601631165,0.1540665626525879,19.82497215270996,0.071137435734272,0.32903225806451614,0.2396974265575409
hierarchical_vmc_lqr_v2,0.4,0,42,0.74,1.0,18.5555477142334,0.5295764803886414,0.33940088748931885,0.18555547297000885,17.36875343322754,0.3312942385673523,0.17297297297297298,0.2222972959280014
hierarchical_vmc_lqr_v2,0.4,1,43,0.74,1.0,18.5555477142334,0.5295764803886414,0.33940088748931885,0.18555547297000885,17.36875343322754,0.3312942385673523,0.17297297297297298,0.2222972959280014
hierarchical_vmc_lqr_v2,0.4,2,44,0.74,1.0,18.5555477142334,0.5295764803886414,0.33940088748931885,0.18555547297000885,17.36875343322754,0.3312942385673523,0.17297297297297298,0.2222972959280014
hierarchical_vmc_lqr_v2,0.4,3,45,0.74,1.0,18.5555477142334,0.5295764803886414,0.33940088748931885,0.18555547297000885,17.36875343322754,0.3312942385673523,0.17297297297297298,0.2222972959280014
hierarchical_vmc_lqr_v2,0.4,4,46,0.74,1.0,18.5555477142334,0.5295764803886414,0.33940088748931885,0.18555547297000885,17.36875343322754,0.3312942385673523,0.17297297297297298,0.2222972959280014
hierarchical_vmc_lqr_v2,0.4,5,47,0.74,1.0,18.5555477142334,0.5295764803886414,0.33940088748931885,0.18555547297000885,17.36875343322754,0.3312942385673523,0.17297297297297298,0.2222972959280014
hierarchical_vmc_lqr_v2,0.4,6,48,0.74,1.0,18.5555477142334,0.5295764803886414,0.33940088748931885,0.18555547297000885,17.36875343322754,0.3312942385673523,0.17297297297297298,0.2222972959280014
hierarchical_vmc_lqr_v2,0.4,7,49,0.74,1.0,18.5555477142334,0.5295764803886414,0.33940088748931885,0.18555547297000885,17.36875343322754,0.3312942385673523,0.17297297297297298,0.2222972959280014
hierarchical_vmc_lqr_v2,0.4,8,50,0.74,1.0,18.5555477142334,0.5295764803886414,0.33940088748931885,0.18555547297000885,17.36875343322754,0.3312942385673523,0.17297297297297298,0.2222972959280014
hierarchical_vmc_lqr_v2,0.4,9,51,0.74,1.0,18.5555477142334,0.5295764803886414,0.33940088748931885,0.18555547297000885,17.36875343322754,0.3312942385673523,0.17297297297297298,0.2222972959280014
hierarchical_vmc_lqr_v2,0.4,10,52,0.74,1.0,18.5555477142334,0.5295764803886414,0.33940088748931885,0.18555547297000885,17.36875343322754,0.3312942385673523,0.17297297297297298,0.2222972959280014
hierarchical_vmc_lqr_v2,0.4,11,53,0.74,1.0,18.5555477142334,0.5295764803886414,0.33940088748931885,0.18555547297000885,17.36875343322754,0.3312942385673523,0.17297297297297298,0.2222972959280014
hierarchical_vmc_lqr_v2,0.4,12,54,0.74,1.0,18.5555477142334,0.5295764803886414,0.33940088748931885,0.18555547297000885,17.36875343322754,0.3312942385673523,0.17297297297297298,0.2222972959280014
hierarchical_vmc_lqr_v2,0.4,13,55,0.74,1.0,18.5555477142334,0.5295764803886414,0.33940088748931885,0.18555547297000885,17.36875343322754,0.3312942385673523,0.17297297297297298,0.2222972959280014
hierarchical_vmc_lqr_v2,0.4,14,56,0.74,1.0,18.5555477142334,0.5295764803886414,0.33940088748931885,0.18555547297000885,17.36875343322754,0.3312942385673523,0.17297297297297298,0.2222972959280014
hierarchical_vmc_lqr_v2,0.4,15,57,0.74,1.0,18.5555477142334,0.5295764803886414,0.33940088748931885,0.18555547297000885,17.36875343322754,0.3312942385673523,0.17297297297297298,0.2222972959280014
hierarchical_vmc_lqr_v2,0.4,16,58,0.74,1.0,18.5555477142334,0.5295764803886414,0.33940088748931885,0.18555547297000885,17.36875343322754,0.3312942385673523,0.17297297297297298,0.2222972959280014
hierarchical_vmc_lqr_v2,0.4,17,59,0.74,1.0,18.5555477142334,0.5295764803886414,0.33940088748931885,0.18555547297000885,17.36875343322754,0.3312942385673523,0.17297297297297298,0.2222972959280014
hierarchical_vmc_lqr_v2,0.4,18,60,0.74,1.0,18.5555477142334,0.5295764803886414,0.33940088748931885,0.18555547297000885,17.36875343322754,0.3312942385673523,0.17297297297297298,0.2222972959280014
hierarchical_vmc_lqr_v2,0.4,19,61,0.74,1.0,18.5555477142334,0.5295764803886414,0.33940088748931885,0.18555547297000885,17.36875343322754,0.3312942385673523,0.17297297297297298,0.2222972959280014
hierarchical_vmc_lqr_v3,0.7,0,42,0.1,1.0,21.709115982055664,0.8999207615852356,0.30000001192092896,0.2170911580324173,16.538082122802734,0.05823368951678276,0.04,0.14759616553783417
hierarchical_vmc_lqr_v3,0.7,1,43,0.1,1.0,21.709115982055664,0.8999207615852356,0.30000001192092896,0.2170911580324173,16.538082122802734,0.05823368951678276,0.04,0.14759616553783417
hierarchical_vmc_lqr_v3,0.7,2,44,0.1,1.0,21.709115982055664,0.8999207615852356,0.30000001192092896,0.2170911580324173,16.538082122802734,0.05823368951678276,0.04,0.14759616553783417
hierarchical_vmc_lqr_v3,0.7,3,45,0.1,1.0,21.709115982055664,0.8999207615852356,0.30000001192092896,0.2170911580324173,16.538082122802734,0.05823368951678276,0.04,0.14759616553783417
hierarchical_vmc_lqr_v3,0.7,4,46,0.1,1.0,21.709115982055664,0.8999207615852356,0.30000001192092896,0.2170911580324173,16.538082122802734,0.05823368951678276,0.04,0.14759616553783417
hierarchical_vmc_lqr_v3,0.7,5,47,0.1,1.0,21.709115982055664,0.8999207615852356,0.30000001192092896,0.2170911580324173,16.538082122802734,0.05823368951678276,0.04,0.14759616553783417
hierarchical_vmc_lqr_v3,0.7,6,48,0.1,1.0,21.709115982055664,0.8999207615852356,0.30000001192092896,0.2170911580324173,16.538082122802734,0.05823368951678276,0.04,0.14759616553783417
hierarchical_vmc_lqr_v3,0.7,7,49,0.1,1.0,21.709115982055664,0.8999207615852356,0.30000001192092896,0.2170911580324173,16.538082122802734,0.05823368951678276,0.04,0.14759616553783417
hierarchical_vmc_lqr_v3,0.7,8,50,0.1,1.0,21.709115982055664,0.8999207615852356,0.30000001192092896,0.2170911580324173,16.538082122802734,0.05823368951678276,0.04,0.14759616553783417
hierarchical_vmc_lqr_v3,0.7,9,51,0.1,1.0,21.709115982055664,0.8999207615852356,0.30000001192092896,0.2170911580324173,16.538082122802734,0.05823368951678276,0.04,0.14759616553783417
hierarchical_vmc_lqr_v3,0.7,10,52,0.1,1.0,21.709115982055664,0.8999207615852356,0.30000001192092896,0.2170911580324173,16.538082122802734,0.05823368951678276,0.04,0.14759616553783417
hierarchical_vmc_lqr_v3,0.7,11,53,0.1,1.0,21.709115982055664,0.8999207615852356,0.30000001192092896,0.2170911580324173,16.538082122802734,0.05823368951678276,0.04,0.14759616553783417
hierarchical_vmc_lqr_v3,0.7,12,54,0.1,1.0,21.709115982055664,0.8999207615852356,0.30000001192092896,0.2170911580324173,16.538082122802734,0.05823368951678276,0.04,0.14759616553783417
hierarchical_vmc_lqr_v3,0.7,13,55,0.1,1.0,21.709115982055664,0.8999207615852356,0.30000001192092896,0.2170911580324173,16.538082122802734,0.05823368951678276,0.04,0.14759616553783417
hierarchical_vmc_lqr_v3,0.7,14,56,0.1,1.0,21.709115982055664,0.8999207615852356,0.30000001192092896,0.2170911580324173,16.538082122802734,0.05823368951678276,0.04,0.14759616553783417
hierarchical_vmc_lqr_v3,0.7,15,57,0.1,1.0,21.709115982055664,0.8999207615852356,0.30000001192092896,0.2170911580324173,16.538082122802734,0.05823368951678276,0.04,0.14759616553783417
hierarchical_vmc_lqr_v3,0.7,16,58,0.1,1.0,21.709115982055664,0.8999207615852356,0.30000001192092896,0.2170911580324173,16.538082122802734,0.05823368951678276,0.04,0.14759616553783417
hierarchical_vmc_lqr_v3,0.7,17,59,0.1,1.0,21.709115982055664,0.8999207615852356,0.30000001192092896,0.2170911580324173,16.538082122802734,0.05823368951678276,0.04,0.14759616553783417
hierarchical_vmc_lqr_v3,0.7,18,60,0.1,1.0,21.709115982055664,0.8999207615852356,0.30000001192092896,0.2170911580324173,16.538082122802734,0.05823368951678276,0.04,0.14759616553783417
hierarchical_vmc_lqr_v3,0.7,19,61,0.1,1.0,21.709115982055664,0.8999207615852356,0.30000001192092896,0.2170911580324173,16.538082122802734,0.05823368951678276,0.04,0.14759616553783417
hierarchical_vmc_lqr_v3,0.65,0,42,0.1,1.0,21.708431243896484,0.8999178409576416,0.3500000238418579,0.21708430349826813,16.53655433654785,0.06143737584352493,0.04,0.14770324528217316
hierarchical_vmc_lqr_v3,0.65,1,43,0.1,1.0,21.708431243896484,0.8999178409576416,0.3500000238418579,0.21708430349826813,16.53655433654785,0.06143737584352493,0.04,0.14770324528217316
hierarchical_vmc_lqr_v3,0.65,2,44,0.1,1.0,21.708431243896484,0.8999178409576416,0.3500000238418579,0.21708430349826813,16.53655433654785,0.06143737584352493,0.04,0.14770324528217316
hierarchical_vmc_lqr_v3,0.65,3,45,0.1,1.0,21.708431243896484,0.8999178409576416,0.3500000238418579,0.21708430349826813,16.53655433654785,0.06143737584352493,0.04,0.14770324528217316
hierarchical_vmc_lqr_v3,0.65,4,46,0.1,1.0,21.708431243896484,0.8999178409576416,0.3500000238418579,0.21708430349826813,16.53655433654785,0.06143737584352493,0.04,0.14770324528217316
hierarchical_vmc_lqr_v3,0.65,5,47,0.1,1.0,21.708431243896484,0.8999178409576416,0.3500000238418579,0.21708430349826813,16.53655433654785,0.06143737584352493,0.04,0.14770324528217316
hierarchical_vmc_lqr_v3,0.65,6,48,0.1,1.0,21.708431243896484,0.8999178409576416,0.3500000238418579,0.21708430349826813,16.53655433654785,0.06143737584352493,0.04,0.14770324528217316
hierarchical_vmc_lqr_v3,0.65,7,49,0.1,1.0,21.708431243896484,0.8999178409576416,0.3500000238418579,0.21708430349826813,16.53655433654785,0.06143737584352493,0.04,0.14770324528217316
hierarchical_vmc_lqr_v3,0.65,8,50,0.1,1.0,21.708431243896484,0.8999178409576416,0.3500000238418579,0.21708430349826813,16.53655433654785,0.06143737584352493,0.04,0.14770324528217316
hierarchical_vmc_lqr_v3,0.65,9,51,0.1,1.0,21.708431243896484,0.8999178409576416,0.3500000238418579,0.21708430349826813,16.53655433654785,0.06143737584352493,0.04,0.14770324528217316
hierarchical_vmc_lqr_v3,0.65,10,52,0.1,1.0,21.708431243896484,0.8999178409576416,0.3500000238418579,0.21708430349826813,16.53655433654785,0.06143737584352493,0.04,0.14770324528217316
hierarchical_vmc_lqr_v3,0.65,11,53,0.1,1.0,21.708431243896484,0.8999178409576416,0.3500000238418579,0.21708430349826813,16.53655433654785,0.06143737584352493,0.04,0.14770324528217316
hierarchical_vmc_lqr_v3,0.65,12,54,0.1,1.0,21.708431243896484,0.8999178409576416,0.3500000238418579,0.21708430349826813,16.53655433654785,0.06143737584352493,0.04,0.14770324528217316
hierarchical_vmc_lqr_v3,0.65,13,55,0.1,1.0,21.708431243896484,0.8999178409576416,0.3500000238418579,0.21708430349826813,16.53655433654785,0.06143737584352493,0.04,0.14770324528217316
hierarchical_vmc_lqr_v3,0.65,14,56,0.1,1.0,21.708431243896484,0.8999178409576416,0.3500000238418579,0.21708430349826813,16.53655433654785,0.06143737584352493,0.04,0.14770324528217316
hierarchical_vmc_lqr_v3,0.65,15,57,0.1,1.0,21.708431243896484,0.8999178409576416,0.3500000238418579,0.21708430349826813,16.53655433654785,0.06143737584352493,0.04,0.14770324528217316
hierarchical_vmc_lqr_v3,0.65,16,58,0.1,1.0,21.708431243896484,0.8999178409576416,0.3500000238418579,0.21708430349826813,16.53655433654785,0.06143737584352493,0.04,0.14770324528217316
hierarchical_vmc_lqr_v3,0.65,17,59,0.1,1.0,21.708431243896484,0.8999178409576416,0.3500000238418579,0.21708430349826813,16.53655433654785,0.06143737584352493,0.04,0.14770324528217316
hierarchical_vmc_lqr_v3,0.65,18,60,0.1,1.0,21.708431243896484,0.8999178409576416,0.3500000238418579,0.21708430349826813,16.53655433654785,0.06143737584352493,0.04,0.14770324528217316
hierarchical_vmc_lqr_v3,0.65,19,61,0.1,1.0,21.708431243896484,0.8999178409576416,0.3500000238418579,0.21708430349826813,16.53655433654785,0.06143737584352493,0.04,0.14770324528217316
hierarchical_vmc_lqr_v3,0.6,0,42,0.1,1.0,21.707746505737305,0.8999152183532715,0.3999999761581421,0.21707746386528015,16.5350284576416,0.06370051205158234,0.04,0.1477992683649063
hierarchical_vmc_lqr_v3,0.6,1,43,0.1,1.0,21.707746505737305,0.8999152183532715,0.3999999761581421,0.21707746386528015,16.5350284576416,0.06370051205158234,0.04,0.1477992683649063
hierarchical_vmc_lqr_v3,0.6,2,44,0.1,1.0,21.707746505737305,0.8999152183532715,0.3999999761581421,0.21707746386528015,16.5350284576416,0.06370051205158234,0.04,0.1477992683649063
hierarchical_vmc_lqr_v3,0.6,3,45,0.1,1.0,21.707746505737305,0.8999152183532715,0.3999999761581421,0.21707746386528015,16.5350284576416,0.06370051205158234,0.04,0.1477992683649063
hierarchical_vmc_lqr_v3,0.6,4,46,0.1,1.0,21.707746505737305,0.8999152183532715,0.3999999761581421,0.21707746386528015,16.5350284576416,0.06370051205158234,0.04,0.1477992683649063
hierarchical_vmc_lqr_v3,0.6,5,47,0.1,1.0,21.707746505737305,0.8999152183532715,0.3999999761581421,0.21707746386528015,16.5350284576416,0.06370051205158234,0.04,0.1477992683649063
hierarchical_vmc_lqr_v3,0.6,6,48,0.1,1.0,21.707746505737305,0.8999152183532715,0.3999999761581421,0.21707746386528015,16.5350284576416,0.06370051205158234,0.04,0.1477992683649063
hierarchical_vmc_lqr_v3,0.6,7,49,0.1,1.0,21.707746505737305,0.8999152183532715,0.3999999761581421,0.21707746386528015,16.5350284576416,0.06370051205158234,0.04,0.1477992683649063
hierarchical_vmc_lqr_v3,0.6,8,50,0.1,1.0,21.707746505737305,0.8999152183532715,0.3999999761581421,0.21707746386528015,16.5350284576416,0.06370051205158234,0.04,0.1477992683649063
hierarchical_vmc_lqr_v3,0.6,9,51,0.1,1.0,21.707746505737305,0.8999152183532715,0.3999999761581421,0.21707746386528015,16.5350284576416,0.06370051205158234,0.04,0.1477992683649063
hierarchical_vmc_lqr_v3,0.6,10,52,0.1,1.0,21.707746505737305,0.8999152183532715,0.3999999761581421,0.21707746386528015,16.5350284576416,0.06370051205158234,0.04,0.1477992683649063
hierarchical_vmc_lqr_v3,0.6,11,53,0.1,1.0,21.707746505737305,0.8999152183532715,0.3999999761581421,0.21707746386528015,16.5350284576416,0.06370051205158234,0.04,0.1477992683649063
hierarchical_vmc_lqr_v3,0.6,12,54,0.1,1.0,21.707746505737305,0.8999152183532715,0.3999999761581421,0.21707746386528015,16.5350284576416,0.06370051205158234,0.04,0.1477992683649063
hierarchical_vmc_lqr_v3,0.6,13,55,0.1,1.0,21.707746505737305,0.8999152183532715,0.3999999761581421,0.21707746386528015,16.5350284576416,0.06370051205158234,0.04,0.1477992683649063
hierarchical_vmc_lqr_v3,0.6,14,56,0.1,1.0,21.707746505737305,0.8999152183532715,0.3999999761581421,0.21707746386528015,16.5350284576416,0.06370051205158234,0.04,0.1477992683649063
hierarchical_vmc_lqr_v3,0.6,15,57,0.1,1.0,21.707746505737305,0.8999152183532715,0.3999999761581421,0.21707746386528015,16.5350284576416,0.06370051205158234,0.04,0.1477992683649063
hierarchical_vmc_lqr_v3,0.6,16,58,0.1,1.0,21.707746505737305,0.8999152183532715,0.3999999761581421,0.21707746386528015,16.5350284576416,0.06370051205158234,0.04,0.1477992683649063
hierarchical_vmc_lqr_v3,0.6,17,59,0.1,1.0,21.707746505737305,0.8999152183532715,0.3999999761581421,0.21707746386528015,16.5350284576416,0.06370051205158234,0.04,0.1477992683649063
hierarchical_vmc_lqr_v3,0.6,18,60,0.1,1.0,21.707746505737305,0.8999152183532715,0.3999999761581421,0.21707746386528015,16.5350284576416,0.06370051205158234,0.04,0.1477992683649063
hierarchical_vmc_lqr_v3,0.6,19,61,0.1,1.0,21.707746505737305,0.8999152183532715,0.3999999761581421,0.21707746386528015,16.5350284576416,0.06370051205158234,0.04,0.1477992683649063
hierarchical_vmc_lqr_v3,0.55,0,42,0.14,1.0,26.764692306518555,0.6165021061897278,0.44999998807907104,0.2676469087600708,16.51172637939453,0.15220294892787933,0.02857142857142857,0.14467383921146393
hierarchical_vmc_lqr_v3,0.55,1,43,0.14,1.0,26.764692306518555,0.6165021061897278,0.44999998807907104,0.2676469087600708,16.51172637939453,0.15220294892787933,0.02857142857142857,0.14467383921146393
hierarchical_vmc_lqr_v3,0.55,2,44,0.14,1.0,26.764692306518555,0.6165021061897278,0.44999998807907104,0.2676469087600708,16.51172637939453,0.15220294892787933,0.02857142857142857,0.14467383921146393
hierarchical_vmc_lqr_v3,0.55,3,45,0.14,1.0,26.764692306518555,0.6165021061897278,0.44999998807907104,0.2676469087600708,16.51172637939453,0.15220294892787933,0.02857142857142857,0.14467383921146393
hierarchical_vmc_lqr_v3,0.55,4,46,0.14,1.0,26.764692306518555,0.6165021061897278,0.44999998807907104,0.2676469087600708,16.51172637939453,0.15220294892787933,0.02857142857142857,0.14467383921146393
hierarchical_vmc_lqr_v3,0.55,5,47,0.14,1.0,26.764692306518555,0.6165021061897278,0.44999998807907104,0.2676469087600708,16.51172637939453,0.15220294892787933,0.02857142857142857,0.14467383921146393
hierarchical_vmc_lqr_v3,0.55,6,48,0.14,1.0,26.764692306518555,0.6165021061897278,0.44999998807907104,0.2676469087600708,16.51172637939453,0.15220294892787933,0.02857142857142857,0.14467383921146393
hierarchical_vmc_lqr_v3,0.55,7,49,0.14,1.0,26.764692306518555,0.6165021061897278,0.44999998807907104,0.2676469087600708,16.51172637939453,0.15220294892787933,0.02857142857142857,0.14467383921146393
hierarchical_vmc_lqr_v3,0.55,8,50,0.14,1.0,26.764692306518555,0.6165021061897278,0.44999998807907104,0.2676469087600708,16.51172637939453,0.15220294892787933,0.02857142857142857,0.14467383921146393
hierarchical_vmc_lqr_v3,0.55,9,51,0.14,1.0,26.764692306518555,0.6165021061897278,0.44999998807907104,0.2676469087600708,16.51172637939453,0.15220294892787933,0.02857142857142857,0.14467383921146393
hierarchical_vmc_lqr_v3,0.55,10,52,0.14,1.0,26.764692306518555,0.6165021061897278,0.44999998807907104,0.2676469087600708,16.51172637939453,0.15220294892787933,0.02857142857142857,0.14467383921146393
hierarchical_vmc_lqr_v3,0.55,11,53,0.14,1.0,26.764692306518555,0.6165021061897278,0.44999998807907104,0.2676469087600708,16.51172637939453,0.15220294892787933,0.02857142857142857,0.14467383921146393
hierarchical_vmc_lqr_v3,0.55,12,54,0.14,1.0,26.764692306518555,0.6165021061897278,0.44999998807907104,0.2676469087600708,16.51172637939453,0.15220294892787933,0.02857142857142857,0.14467383921146393
hierarchical_vmc_lqr_v3,0.55,13,55,0.14,1.0,26.764692306518555,0.6165021061897278,0.44999998807907104,0.2676469087600708,16.51172637939453,0.15220294892787933,0.02857142857142857,0.14467383921146393
hierarchical_vmc_lqr_v3,0.55,14,56,0.14,1.0,26.764692306518555,0.6165021061897278,0.44999998807907104,0.2676469087600708,16.51172637939453,0.15220294892787933,0.02857142857142857,0.14467383921146393
hierarchical_vmc_lqr_v3,0.55,15,57,0.14,1.0,26.764692306518555,0.6165021061897278,0.44999998807907104,0.2676469087600708,16.51172637939453,0.15220294892787933,0.02857142857142857,0.14467383921146393
hierarchical_vmc_lqr_v3,0.55,16,58,0.14,1.0,26.764692306518555,0.6165021061897278,0.44999998807907104,0.2676469087600708,16.51172637939453,0.15220294892787933,0.02857142857142857,0.14467383921146393
hierarchical_vmc_lqr_v3,0.55,17,59,0.14,1.0,26.764692306518555,0.6165021061897278,0.44999998807907104,0.2676469087600708,16.51172637939453,0.15220294892787933,0.02857142857142857,0.14467383921146393
hierarchical_vmc_lqr_v3,0.55,18,60,0.14,1.0,26.764692306518555,0.6165021061897278,0.44999998807907104,0.2676469087600708,16.51172637939453,0.15220294892787933,0.02857142857142857,0.14467383921146393
hierarchical_vmc_lqr_v3,0.55,19,61,0.14,1.0,26.764692306518555,0.6165021061897278,0.44999998807907104,0.2676469087600708,16.51172637939453,0.15220294892787933,0.02857142857142857,0.14467383921146393
hierarchical_vmc_lqr_v3,0.5,0,42,0.36,1.0,23.223846435546875,1.6966615915298462,0.430562824010849,0.23223845660686493,16.669153213500977,0.1580059826374054,0.0,0.28373926877975464
hierarchical_vmc_lqr_v3,0.5,1,43,0.36,1.0,23.223846435546875,1.6966615915298462,0.430562824010849,0.23223845660686493,16.669153213500977,0.1580059826374054,0.0,0.28373926877975464
hierarchical_vmc_lqr_v3,0.5,2,44,0.36,1.0,23.223846435546875,1.6966615915298462,0.430562824010849,0.23223845660686493,16.669153213500977,0.1580059826374054,0.0,0.28373926877975464
hierarchical_vmc_lqr_v3,0.5,3,45,0.36,1.0,23.223846435546875,1.6966615915298462,0.430562824010849,0.23223845660686493,16.669153213500977,0.1580059826374054,0.0,0.28373926877975464
hierarchical_vmc_lqr_v3,0.5,4,46,0.36,1.0,23.223846435546875,1.6966615915298462,0.430562824010849,0.23223845660686493,16.669153213500977,0.1580059826374054,0.0,0.28373926877975464
hierarchical_vmc_lqr_v3,0.5,5,47,0.36,1.0,23.223846435546875,1.6966615915298462,0.430562824010849,0.23223845660686493,16.669153213500977,0.1580059826374054,0.0,0.28373926877975464
hierarchical_vmc_lqr_v3,0.5,6,48,0.36,1.0,23.223846435546875,1.6966615915298462,0.430562824010849,0.23223845660686493,16.669153213500977,0.1580059826374054,0.0,0.28373926877975464
hierarchical_vmc_lqr_v3,0.5,7,49,0.36,1.0,23.223846435546875,1.6966615915298462,0.430562824010849,0.23223845660686493,16.669153213500977,0.1580059826374054,0.0,0.28373926877975464
hierarchical_vmc_lqr_v3,0.5,8,50,0.36,1.0,23.223846435546875,1.6966615915298462,0.430562824010849,0.23223845660686493,16.669153213500977,0.1580059826374054,0.0,0.28373926877975464
hierarchical_vmc_lqr_v3,0.5,9,51,0.36,1.0,23.223846435546875,1.6966615915298462,0.430562824010849,0.23223845660686493,16.669153213500977,0.1580059826374054,0.0,0.28373926877975464
hierarchical_vmc_lqr_v3,0.5,10,52,0.36,1.0,23.223846435546875,1.6966615915298462,0.430562824010849,0.23223845660686493,16.669153213500977,0.1580059826374054,0.0,0.28373926877975464
hierarchical_vmc_lqr_v3,0.5,11,53,0.36,1.0,23.223846435546875,1.6966615915298462,0.430562824010849,0.23223845660686493,16.669153213500977,0.1580059826374054,0.0,0.28373926877975464
hierarchical_vmc_lqr_v3,0.5,12,54,0.36,1.0,23.223846435546875,1.6966615915298462,0.430562824010849,0.23223845660686493,16.669153213500977,0.1580059826374054,0.0,0.28373926877975464
hierarchical_vmc_lqr_v3,0.5,13,55,0.36,1.0,23.223846435546875,1.6966615915298462,0.430562824010849,0.23223845660686493,16.669153213500977,0.1580059826374054,0.0,0.28373926877975464
hierarchical_vmc_lqr_v3,0.5,14,56,0.36,1.0,23.223846435546875,1.6966615915298462,0.430562824010849,0.23223845660686493,16.669153213500977,0.1580059826374054,0.0,0.28373926877975464
hierarchical_vmc_lqr_v3,0.5,15,57,0.36,1.0,23.223846435546875,1.6966615915298462,0.430562824010849,0.23223845660686493,16.669153213500977,0.1580059826374054,0.0,0.28373926877975464
hierarchical_vmc_lqr_v3,0.5,16,58,0.36,1.0,23.223846435546875,1.6966615915298462,0.430562824010849,0.23223845660686493,16.669153213500977,0.1580059826374054,0.0,0.28373926877975464
hierarchical_vmc_lqr_v3,0.5,17,59,0.36,1.0,23.223846435546875,1.6966615915298462,0.430562824010849,0.23223845660686493,16.669153213500977,0.1580059826374054,0.0,0.28373926877975464
hierarchical_vmc_lqr_v3,0.5,18,60,0.36,1.0,23.223846435546875,1.6966615915298462,0.430562824010849,0.23223845660686493,16.669153213500977,0.1580059826374054,0.0,0.28373926877975464
hierarchical_vmc_lqr_v3,0.5,19,61,0.36,1.0,23.223846435546875,1.6966615915298462,0.430562824010849,0.23223845660686493,16.669153213500977,0.1580059826374054,0.0,0.28373926877975464
hierarchical_vmc_lqr_v3,0.45,0,42,0.62,1.0,24.491634368896484,1.2376407384872437,0.5394183397293091,0.24491633474826813,19.065378189086914,0.36753785610198975,0.0,0.2879788875579834
hierarchical_vmc_lqr_v3,0.45,1,43,0.62,1.0,24.491634368896484,1.2376407384872437,0.5394183397293091,0.24491633474826813,19.065378189086914,0.36753785610198975,0.0,0.2879788875579834
hierarchical_vmc_lqr_v3,0.45,2,44,0.62,1.0,24.491634368896484,1.2376407384872437,0.5394183397293091,0.24491633474826813,19.065378189086914,0.36753785610198975,0.0,0.2879788875579834
hierarchical_vmc_lqr_v3,0.45,3,45,0.62,1.0,24.491634368896484,1.2376407384872437,0.5394183397293091,0.24491633474826813,19.065378189086914,0.36753785610198975,0.0,0.2879788875579834
hierarchical_vmc_lqr_v3,0.45,4,46,0.62,1.0,24.491634368896484,1.2376407384872437,0.5394183397293091,0.24491633474826813,19.065378189086914,0.36753785610198975,0.0,0.2879788875579834
hierarchical_vmc_lqr_v3,0.45,5,47,0.62,1.0,24.491634368896484,1.2376407384872437,0.5394183397293091,0.24491633474826813,19.065378189086914,0.36753785610198975,0.0,0.2879788875579834
hierarchical_vmc_lqr_v3,0.45,6,48,0.62,1.0,24.491634368896484,1.2376407384872437,0.5394183397293091,0.24491633474826813,19.065378189086914,0.36753785610198975,0.0,0.2879788875579834
hierarchical_vmc_lqr_v3,0.45,7,49,0.62,1.0,24.491634368896484,1.2376407384872437,0.5394183397293091,0.24491633474826813,19.065378189086914,0.36753785610198975,0.0,0.2879788875579834
hierarchical_vmc_lqr_v3,0.45,8,50,0.62,1.0,24.491634368896484,1.2376407384872437,0.5394183397293091,0.24491633474826813,19.065378189086914,0.36753785610198975,0.0,0.2879788875579834
hierarchical_vmc_lqr_v3,0.45,9,51,0.62,1.0,24.491634368896484,1.2376407384872437,0.5394183397293091,0.24491633474826813,19.065378189086914,0.36753785610198975,0.0,0.2879788875579834
hierarchical_vmc_lqr_v3,0.45,10,52,0.62,1.0,24.491634368896484,1.2376407384872437,0.5394183397293091,0.24491633474826813,19.065378189086914,0.36753785610198975,0.0,0.2879788875579834
hierarchical_vmc_lqr_v3,0.45,11,53,0.62,1.0,24.491634368896484,1.2376407384872437,0.5394183397293091,0.24491633474826813,19.065378189086914,0.36753785610198975,0.0,0.2879788875579834
hierarchical_vmc_lqr_v3,0.45,12,54,0.62,1.0,24.491634368896484,1.2376407384872437,0.5394183397293091,0.24491633474826813,19.065378189086914,0.36753785610198975,0.0,0.2879788875579834
hierarchical_vmc_lqr_v3,0.45,13,55,0.62,1.0,24.491634368896484,1.2376407384872437,0.5394183397293091,0.24491633474826813,19.065378189086914,0.36753785610198975,0.0,0.2879788875579834
hierarchical_vmc_lqr_v3,0.45,14,56,0.62,1.0,24.491634368896484,1.2376407384872437,0.5394183397293091,0.24491633474826813,19.065378189086914,0.36753785610198975,0.0,0.2879788875579834
hierarchical_vmc_lqr_v3,0.45,15,57,0.62,1.0,24.491634368896484,1.2376407384872437,0.5394183397293091,0.24491633474826813,19.065378189086914,0.36753785610198975,0.0,0.2879788875579834
hierarchical_vmc_lqr_v3,0.45,16,58,0.62,1.0,24.491634368896484,1.2376407384872437,0.5394183397293091,0.24491633474826813,19.065378189086914,0.36753785610198975,0.0,0.2879788875579834
hierarchical_vmc_lqr_v3,0.45,17,59,0.62,1.0,24.491634368896484,1.2376407384872437,0.5394183397293091,0.24491633474826813,19.065378189086914,0.36753785610198975,0.0,0.2879788875579834
hierarchical_vmc_lqr_v3,0.45,18,60,0.62,1.0,24.491634368896484,1.2376407384872437,0.5394183397293091,0.24491633474826813,19.065378189086914,0.36753785610198975,0.0,0.2879788875579834
hierarchical_vmc_lqr_v3,0.45,19,61,0.62,1.0,24.491634368896484,1.2376407384872437,0.5394183397293091,0.24491633474826813,19.065378189086914,0.36753785610198975,0.0,0.2879788875579834
hierarchical_vmc_lqr_v3,0.4,0,42,0.38,1.0,17.395797729492188,1.6424458026885986,0.390587717294693,0.1739579737186432,17.78677749633789,0.15523001551628113,0.021052631578947368,0.2011820524930954
hierarchical_vmc_lqr_v3,0.4,1,43,0.38,1.0,17.395797729492188,1.6424458026885986,0.390587717294693,0.1739579737186432,17.78677749633789,0.15523001551628113,0.021052631578947368,0.2011820524930954
hierarchical_vmc_lqr_v3,0.4,2,44,0.38,1.0,17.395797729492188,1.6424458026885986,0.390587717294693,0.1739579737186432,17.78677749633789,0.15523001551628113,0.021052631578947368,0.2011820524930954
hierarchical_vmc_lqr_v3,0.4,3,45,0.38,1.0,17.395797729492188,1.6424458026885986,0.390587717294693,0.1739579737186432,17.78677749633789,0.15523001551628113,0.021052631578947368,0.2011820524930954
hierarchical_vmc_lqr_v3,0.4,4,46,0.38,1.0,17.395797729492188,1.6424458026885986,0.390587717294693,0.1739579737186432,17.78677749633789,0.15523001551628113,0.021052631578947368,0.2011820524930954
hierarchical_vmc_lqr_v3,0.4,5,47,0.38,1.0,17.395797729492188,1.6424458026885986,0.390587717294693,0.1739579737186432,17.78677749633789,0.15523001551628113,0.021052631578947368,0.2011820524930954
hierarchical_vmc_lqr_v3,0.4,6,48,0.38,1.0,17.395797729492188,1.6424458026885986,0.390587717294693,0.1739579737186432,17.78677749633789,0.15523001551628113,0.021052631578947368,0.2011820524930954
hierarchical_vmc_lqr_v3,0.4,7,49,0.38,1.0,17.395797729492188,1.6424458026885986,0.390587717294693,0.1739579737186432,17.78677749633789,0.15523001551628113,0.021052631578947368,0.2011820524930954
hierarchical_vmc_lqr_v3,0.4,8,50,0.38,1.0,17.395797729492188,1.6424458026885986,0.390587717294693,0.1739579737186432,17.78677749633789,0.15523001551628113,0.021052631578947368,0.2011820524930954
hierarchical_vmc_lqr_v3,0.4,9,51,0.38,1.0,17.395797729492188,1.6424458026885986,0.390587717294693,0.1739579737186432,17.78677749633789,0.15523001551628113,0.021052631578947368,0.2011820524930954
hierarchical_vmc_lqr_v3,0.4,10,52,0.38,1.0,17.395797729492188,1.6424458026885986,0.390587717294693,0.1739579737186432,17.78677749633789,0.15523001551628113,0.021052631578947368,0.2011820524930954
hierarchical_vmc_lqr_v3,0.4,11,53,0.38,1.0,17.395797729492188,1.6424458026885986,0.390587717294693,0.1739579737186432,17.78677749633789,0.15523001551628113,0.021052631578947368,0.2011820524930954
hierarchical_vmc_lqr_v3,0.4,12,54,0.38,1.0,17.395797729492188,1.6424458026885986,0.390587717294693,0.1739579737186432,17.78677749633789,0.15523001551628113,0.021052631578947368,0.2011820524930954
hierarchical_vmc_lqr_v3,0.4,13,55,0.38,1.0,17.395797729492188,1.6424458026885986,0.390587717294693,0.1739579737186432,17.78677749633789,0.15523001551628113,0.021052631578947368,0.2011820524930954
hierarchical_vmc_lqr_v3,0.4,14,56,0.38,1.0,17.395797729492188,1.6424458026885986,0.390587717294693,0.1739579737186432,17.78677749633789,0.15523001551628113,0.021052631578947368,0.2011820524930954
hierarchical_vmc_lqr_v3,0.4,15,57,0.38,1.0,17.395797729492188,1.6424458026885986,0.390587717294693,0.1739579737186432,17.78677749633789,0.15523001551628113,0.021052631578947368,0.2011820524930954
hierarchical_vmc_lqr_v3,0.4,16,58,0.38,1.0,17.395797729492188,1.6424458026885986,0.390587717294693,0.1739579737186432,17.78677749633789,0.15523001551628113,0.021052631578947368,0.2011820524930954
hierarchical_vmc_lqr_v3,0.4,17,59,0.38,1.0,17.395797729492188,1.6424458026885986,0.390587717294693,0.1739579737186432,17.78677749633789,0.15523001551628113,0.021052631578947368,0.2011820524930954
hierarchical_vmc_lqr_v3,0.4,18,60,0.38,1.0,17.395797729492188,1.6424458026885986,0.390587717294693,0.1739579737186432,17.78677749633789,0.15523001551628113,0.021052631578947368,0.2011820524930954
hierarchical_vmc_lqr_v3,0.4,19,61,0.38,1.0,17.395797729492188,1.6424458026885986,0.390587717294693,0.1739579737186432,17.78677749633789,0.15523001551628113,0.021052631578947368,0.2011820524930954
