case_name,stage,row_index,source_step_index,time_s,failure_reasons,l_hip_yaw_pos,r_hip_yaw_pos,sagittal_position_error_m,control_pitch_x,control_roll_y
low_0p300,step_c,77,77,0.77,pitch=0.1002,-0.0044704820029437,0.0062634265050292,0.1266848992015075,0.1002079522372148,0.0042905845553563
low_0p300,step_c,78,78,0.78,pitch=0.1013,-0.0044435188174247,0.0063192760571837,0.1286830311354644,0.1013176905149982,0.0043260682853504
low_0p300,step_c,79,79,0.79,pitch=0.1024,-0.0044150189496576,0.0063741281628608,0.1306374856334758,0.1023558033105437,0.0043633128295183
low_0p300,step_c,80,80,0.8,pitch=0.1033,-0.0043850010260939,0.0064279944635927,0.1325481765150304,0.1033247822757196,0.0044022491491807
low_0p300,step_c,81,81,0.81,pitch=0.1042,-0.0043535060249269,0.0064809098839759,0.1344146769138953,0.1042260374421299,0.0044428139645657
low_0p300,step_c,82,82,0.8200000000000001,pitch=0.1051,-0.0043205334804952,0.0065328781493008,0.1362369146762058,0.1050616096755454,0.0044849439760772
low_0p300,step_c,83,83,0.8300000000000001,pitch=0.1058,-0.0042861015535891,0.0065839169546961,0.1380148726159339,0.1058337028108054,0.0045285813331096
low_0p300,step_c,84,84,0.84,pitch=0.1065,-0.0042502433061599,0.0066340621560812,0.1397483978671499,0.1065440623755794,0.0045736720280043
low_0p300,step_c,85,85,0.85,pitch=0.1072,-0.0042129787616431,0.0066833454184234,0.1414374492966166,0.1071945312900604,0.0046201612199611
low_0p300,step_c,86,86,0.86,pitch=0.1078,-0.0041716140694916,0.0067288926802575,0.1430817421716655,0.1077856774530305,0.0046692889494215
low_0p300,step_c,87,87,0.87,pitch=0.1083,-0.0041329697705805,0.0067506320774555,0.1446802635849128,0.1083168357719039,0.0047269922955412
low_0p300,step_c,88,88,0.88,pitch=0.1088,-0.0041224397718906,0.0067482301965355,0.146234615640406,0.1087973864675058,0.0047854793848466
low_0p300,step_c,89,89,0.89,pitch=0.1092,-0.0041316258721053,0.0067308451980352,0.1477449055128949,0.109228658261502,0.0048371538366498
low_0p300,step_c,90,90,0.9,pitch=0.1096,-0.004153833258897,0.0067069735378026,0.1492097312276479,0.1096086727258898,0.0048785199590583
low_0p300,step_c,91,91,0.91,support=0.1506; pitch=0.1099,-0.0041833990253508,0.0066838432103395,0.1506296675639359,0.1099397992725182,0.0049084028344625
low_0p300,step_c,92,92,0.92,support=0.1520; pitch=0.1102,-0.0042156549170613,0.0066673480905592,0.1520054637086478,0.1102255673094325,0.0049273785517845
low_0p300,step_c,93,93,0.93,support=0.1533; pitch=0.1105,-0.0042586610652506,0.0066684950143098,0.1533370119796184,0.110468480414476,0.0049335875864077
low_0p300,step_c,94,94,0.9400000000000001,support=0.1546; pitch=0.1107,-0.0042970282956957,0.0066991136409342,0.1546243011650807,0.1106666417980093,0.0049285462827267
low_0p300,step_c,95,95,0.9500000000000001,support=0.1559; pitch=0.1108,-0.0043258480727672,0.0067474627867341,0.1558671901831181,0.1108200491293691,0.0049218949445664
low_0p300,step_c,96,96,0.96,support=0.1571; pitch=0.1109,-0.0043507805094122,0.0068058692850172,0.1570674827432017,0.1109342749792044,0.0049176295827775
low_0p300,step_c,97,97,0.97,support=0.1582; pitch=0.1110,-0.0043732379563152,0.0068705864250659,0.1582250701769342,0.1110098681559461,0.0049169546180168
low_0p300,step_c,98,98,0.98,support=0.1593; pitch=0.1110,-0.0043932683765888,0.0069395434111356,0.1593396254231678,0.1110455917387231,0.0049200438472227
low_0p300,step_c,99,99,0.99,support=0.1604; pitch=0.1110,-0.0044106631539762,0.0070113176479935,0.1604124826950024,0.1110444907121991,0.0049268189296614
low_0p300,step_c,100,100,1.0,support=0.1614; pitch=0.1110,-0.0044254441745579,0.0070850932970643,0.1614442266043496,0.1110085197567862,0.0049371387702942
low_0p300,step_c,101,101,1.01,support=0.1624; pitch=0.1109,-0.0044377548620104,0.0071603627875447,0.1624348934440879,0.1109379923482795,0.0049508546503708
low_0p300,step_c,102,102,1.02,support=0.1634; pitch=0.1108,-0.0044477214105427,0.0072367256507277,0.1633851465176103,0.1108346218512928,0.0049678159318737
low_0p300,step_c,103,103,1.03,support=0.1643; pitch=0.1107,-0.0044555361382663,0.0073139383457601,0.1642955798167296,0.1107002038198609,0.0049878781047172
low_0p300,step_c,104,104,1.04,support=0.1652; pitch=0.1105,-0.0044614281505346,0.0073918639682233,0.1651664886136063,0.1105357096851729,0.0050109054411679
low_0p300,step_c,105,105,1.05,support=0.1660; pitch=0.1103,-0.004465592559427,0.0074703944846987,0.1659983670829403,0.1103424505422409,0.0050367651306072
low_0p300,step_c,106,106,1.06,support=0.1668; pitch=0.1101,-0.004468216560781,0.0075494665652513,0.1667917648739827,0.1101219101777645,0.0050653296136027
low_0p300,step_c,107,107,1.07,support=0.1675; pitch=0.1099,-0.0044694924727082,0.0076290545985102,0.1675471106869114,0.1098752328633299,0.0050964812844191
low_0p300,step_c,108,108,1.08,support=0.1683; pitch=0.1096,-0.0044695837423205,0.0077091436833143,0.1682648924335459,0.1096036094464808,0.0051301054495442
low_0p300,step_c,109,109,1.09,support=0.1689; pitch=0.1093,-0.0044686351902782,0.0077897370792925,0.1689456393511695,0.1093082979625437,0.0051660895195576
low_0p300,step_c,110,110,1.1,support=0.1696; pitch=0.1090,-0.0044667869806289,0.0078708501532673,0.1695898405346431,0.108990424245253,0.0052043293278689
low_0p300,step_c,111,111,1.11,support=0.1702; pitch=0.1087,-0.0044641615822911,0.0079525038599967,0.1701980148061567,0.1086511174380047,0.0052447253627581
low_0p300,step_c,112,112,1.12,support=0.1708; pitch=0.1083,-0.0044608688913285,0.0080347266048192,0.1707706905897136,0.1082914943404141,0.0052871806263566
low_0p300,step_c,113,113,1.1300000000000001,support=0.1713; pitch=0.1079,-0.0044570118188858,0.0081175565719604,0.1713083873880342,0.1079126009159563,0.0053316029352299
low_0p300,step_c,114,114,1.1400000000000001,support=0.1718; pitch=0.1075,-0.0044526848942041,0.008201029151678,0.1718116294685715,0.107515455823276,0.0053779054280984
low_0p300,step_c,115,115,1.1500000000000001,support=0.1723; pitch=0.1071,-0.0044479700736701,0.008285186253488,0.1722809694688933,0.1071011071424958,0.005426003013485
low_0p300,step_c,116,116,1.16,support=0.1727; pitch=0.1067,-0.0044429483823478,0.0083700735121965,0.172716951609665,0.1066705471658256,0.0054758154728177
low_0p300,step_c,117,117,1.17,support=0.1731; pitch=0.1062,-0.0044376975856721,0.0084557384252548,0.1731201039929841,0.1062246953943688,0.0055272666387421
low_0p300,step_c,118,118,1.18,support=0.1735; pitch=0.1058,-0.00443228892982,0.0085422312840819,0.1734909789782741,0.1057644856782335,0.0055802838902325
low_0p300,step_c,119,119,1.19,support=0.1738; pitch=0.1053,-0.0044267913326621,0.0086296051740646,0.1738301178141361,0.1052908050456605,0.0056347963336099
low_0p300,step_c,120,120,1.2,support=0.1741; pitch=0.1048,-0.0044212690554559,0.0087179113179445,0.1741380687197835,0.1048045227077253,0.005690736396925
low_0p300,step_c,121,121,1.21,support=0.1744; pitch=0.1043,-0.0044157868251204,0.0088072037324309,0.1744153915924094,0.1043065137268347,0.0057480407357053
low_0p300,step_c,122,122,1.22,support=0.1747; pitch=0.1038,-0.0044104089029133,0.0088975382968783,0.1746626299878005,0.1037975896189152,0.0058066489387604
low_0p300,step_c,123,123,1.23,support=0.1749; pitch=0.1033,-0.0044051958248019,0.0089889746159315,0.1748803205941577,0.103278516864051,0.0058664996988231
low_0p300,step_c,124,124,1.24,support=0.1751; pitch=0.1028,-0.0044002090580761,0.0090815695002675,0.1750690173355861,0.1027500802750454,0.0059275376682793
low_0p300,step_c,125,125,1.25,support=0.1752; pitch=0.1022,-0.0043955100700259,0.0091753788292407,0.1752292706704843,0.1022130412938259,0.005989709622106
low_0p300,step_c,126,126,1.26,support=0.1754; pitch=0.1017,-0.0043911603279411,0.0092704650014638,0.1753616084544907,0.1016680897090136,0.0060529631058346
low_0p300,step_c,127,127,1.27,support=0.1755; pitch=0.1011,-0.0043872199021279,0.0093668866902589,0.1754665726181845,0.1011159212650206,0.0061172487373907
low_0p300,step_c,128,128,1.28,support=0.1755; pitch=0.1006,-0.0043830312788486,0.0094608813524246,0.175544080431982,0.1005555961480159,0.0061839994739399
low_0p300,step_c,129,129,1.29,support=0.1756,-0.004384902305901,0.0095408540219068,0.1755939671821687,0.099986119181761,0.0062564298963814
low_0p300,step_c,130,130,1.3,support=0.1756,-0.0044062510132789,0.0096039827913045,0.1756175884699543,0.0994129246557618,0.0063305087893712
low_0p300,step_c,131,131,1.31,support=0.1756,-0.0044470881111919,0.0096567794680595,0.1756169880135997,0.0988411466161136,0.0064007134408954
low_0p300,step_c,132,132,1.32,support=0.1756,-0.0044995322823524,0.0097070829942822,0.1755900915603928,0.0982648006982335,0.0064645326673718
low_0p300,step_c,133,133,1.33,support=0.1755,-0.004563826136291,0.009765057824552,0.1755377687264335,0.0976847349215047,0.0065190697650551
low_0p300,step_c,134,134,1.34,support=0.1755,-0.0046300012618303,0.0098464414477348,0.1754627727800362,0.0971051988443722,0.0065622511203994
low_0p300,step_c,135,135,1.35,support=0.1754,-0.0046834666281938,0.0099451933056116,0.175363302022622,0.0965194073668256,0.0066018847161862
low_0p300,step_c,136,136,1.36,support=0.1752,-0.0047309366054832,0.0100541254505515,0.1752411908488843,0.0959315870296419,0.0066421674885325
low_0p300,step_c,137,137,1.37,support=0.1751,-0.0047749751247465,0.0101696252822875,0.175097694654096,0.0953448095206965,0.0066844259937248
low_0p300,step_c,138,138,1.3800000000000001,support=0.1749,-0.0048165959306061,0.0102901039645075,0.1749318945713271,0.0947558668851196,0.0067288792772044
low_0p300,step_c,139,139,1.3900000000000001,support=0.1747,-0.0048560951836407,0.0104144159704446,0.1747447483412151,0.0941654310618711,0.0067754467975495
low_0p300,step_c,140,140,1.4000000000000001,support=0.1745,-0.0048937452957034,0.0105418618768453,0.1745374154579752,0.0935756126013314,0.0068239847804366
low_0p300,step_c,141,141,1.41,support=0.1743,-0.0049299895763397,0.0106721436604857,0.1743099323147305,0.0929858675804752,0.0068743548717321
low_0p300,step_c,142,142,1.42,support=0.1741,-0.0049651814624667,0.0108050191774964,0.1740627424736412,0.0923962782438336,0.0069264264821897
low_0p300,step_c,143,143,1.43,support=0.1738,-0.0049996343441307,0.0109403058886528,0.1737965799264601,0.0918078927202663,0.0069800824250349
low_0p300,step_c,144,144,1.44,support=0.1735,-0.0050337025895714,0.0110779432579875,0.1735117954151258,0.0912209332830302,0.0070352192865597
low_0p300,step_c,145,145,1.45,support=0.1732,-0.005067694466561,0.0112178996205329,0.1732087506580308,0.0906355107514809,0.0070917400445541
low_0p300,step_c,146,146,1.46,support=0.1729,-0.0051018656231462,0.0113601414486765,0.1728879788330757,0.0900521842161219,0.0071495554418994
low_0p300,step_c,147,147,1.47,support=0.1725,-0.0051364656537771,0.0115046743303537,0.172549891674416,0.0894712887889949,0.0072085843791442
low_0p300,step_c,148,148,1.48,support=0.1722,-0.0051717180758714,0.011651518754661,0.1721948548873321,0.0888929975945093,0.0072687521647401
low_0p300,step_c,149,149,1.49,support=0.1718,-0.0052078086882829,0.0118006821721792,0.1718233170134907,0.0883176786297531,0.0073299910651454
low_0p300,step_c,150,150,1.5,support=0.1714,-0.0052449074573814,0.0119521925225853,0.1714356804924767,0.0877456236016745,0.0073922345773979
low_0p300,step_c,151,151,1.51,support=0.1710,-0.0052831643261015,0.0121060833334922,0.171032316981555,0.0871770367376936,0.0074554189479464
low_0p300,step_c,152,152,1.52,support=0.1706,-0.0053227143362164,0.0122623844072222,0.1706136184335259,0.0866121595997083,0.0075194878730359
low_0p300,step_c,153,153,1.53,support=0.1702,-0.0053636753000319,0.0124211274087429,0.1701799587095627,0.0860512202090602,0.0075843869815097
low_0p300,step_c,154,154,1.54,support=0.1697,-0.0054061515256762,0.0125823449343442,0.1697317214079388,0.0854944573348163,0.0076500635403002
low_0p300,step_c,155,155,1.55,support=0.1693,-0.0054502426646649,0.0127460779622197,0.1692692516422769,0.0849420318649475,0.0077164683975043
low_0p300,step_c,156,156,1.56,support=0.1688,-0.0054960371926426,0.0129123628139495,0.1687928933335124,0.0843940979768362,0.0077835544968221
low_0p300,step_c,157,157,1.57,support=0.1683,-0.0055436114780604,0.0130812330171465,0.1683030073328263,0.0838508653909068,0.0078512772040455
low_0p300,step_c,158,158,1.58,support=0.1678,-0.0055930418893694,0.0132527267560362,0.1677999307729981,0.0833124940344444,0.0079195946859342
low_0p300,step_c,159,159,1.59,support=0.1673,-0.0056443978101015,0.0134268831461668,0.1672839775710555,0.082779100722066,0.0079884644621303
low_0p300,step_c,160,160,1.6,support=0.1668,-0.0056977439671754,0.0136037413030862,0.1667554767324386,0.0822508291808983,0.0080578473239692
low_0p300,step_c,161,161,1.61,support=0.1662,-0.0057531436905264,0.0137833384796977,0.1662147277290039,0.0817277831177969,0.0081277060360839
low_0p300,step_c,162,162,1.62,support=0.1657,-0.0058106556534767,0.0139657128602266,0.165662042257724,0.0812100888645362,0.0081980047124506
low_0p300,step_c,163,163,1.6300000000000001,support=0.1651,-0.0058703362010419,0.0141509063541889,0.165097707495386,0.0806978349270171,0.0082687064959401
low_0p300,step_c,164,164,1.6400000000000001,support=0.1645,-0.0059322426095604,0.0143389580771327,0.1645220014023125,0.0801910870193574,0.0083397776828338
low_0p300,step_c,165,165,1.6500000000000001,support=0.1639,-0.0059964279644191,0.0145299043506383,0.1639352101497185,0.0796899501219114,0.0084111864874829
low_0p300,step_c,166,166,1.6600000000000001,support=0.1633,-0.0060629458166658,0.0147237824276089,0.1633376070434646,0.0791945085833635,0.0084829025677941
low_0p300,step_c,167,167,1.67,support=0.1627,-0.0061318487860262,0.0149206379428505,0.1627294366872897,0.0787047881088998,0.008554892305404
low_0p300,step_c,168,168,1.68,support=0.1621,-0.0062031871639192,0.0151205100119113,0.1621109534308756,0.0782208420322029,0.0086271242894868
low_0p300,step_c,169,169,1.69,support=0.1615,-0.0062770131044089,0.0153234349563717,0.1614824114365864,0.0777427417808877,0.0086995716879848
low_0p300,step_c,170,170,1.7,support=0.1608,-0.0063533796928822,0.0155294556170701,0.160844035870415,0.0772705022254431,0.0087722048625679
low_0p300,step_c,171,171,1.71,support=0.1602,-0.0064323404803872,0.0157386157661676,0.1601960455339376,0.0768041319312105,0.0088449963157822
low_0p300,step_c,172,172,1.72,support=0.1595,-0.0065139457583427,0.0159509498625993,0.1595386688703419,0.0763436700132898,0.0089179197580015
low_0p300,step_c,173,173,1.73,support=0.1589,-0.0065982490777969,0.0161665007472038,0.1588721109981689,0.075889119027084,0.0089909481486518
low_0p300,step_c,174,174,1.74,support=0.1582,-0.0066853002645075,0.0163853149861097,0.1581965744475336,0.0754404847310407,0.0090640538187844
low_0p300,step_c,175,175,1.75,support=0.1575,-0.0067751533351838,0.0166074261069297,0.1575122613115059,0.0749977835927378,0.0091372128899967
low_0p300,step_c,176,176,1.76,support=0.1568,-0.0068678655661642,0.0168328806757926,0.1568193463719091,0.0745609806864848,0.0092104007584034
low_0p300,step_c,177,177,1.77,support=0.1561,-0.0069634905084967,0.0170617215335369,0.1561180090257077,0.0741300593315421,0.009283593182017
low_0p300,step_c,178,178,1.78,support=0.1554,-0.0070620793849229,0.0172939877957105,0.1554084317660746,0.0737050270877785,0.0093567654848145
low_0p300,step_c,179,179,1.79,support=0.1547,-0.0071636918000876,0.0175297260284423,0.1546907688963137,0.0732858376241042,0.0094298947716218
low_0p300,step_c,180,180,1.8,support=0.1540,-0.0072683836333453,0.0177689790725708,0.1539651732274596,0.0728724474159358,0.0095029573542865
low_0p300,step_c,181,181,1.81,support=0.1532,-0.007376208435744,0.0180117879062891,0.1532318057489293,0.0724648498320901,0.0095759298900927
low_0p300,step_c,182,182,1.82,support=0.1525,-0.0074872258119285,0.018258199095726,0.1524908052811653,0.0720629994915239,0.0096487900934325
low_0p300,step_c,183,183,1.83,support=0.1517,-0.0076014981605112,0.0185082592070102,0.1517422953225785,0.0716668225165867,0.0097215165133524
low_0p300,step_c,184,184,1.84,support=0.1510,-0.007719081826508,0.0187620092183351,0.1509864178025485,0.0712762953406393,0.0097940880040567
low_0p300,step_c,185,185,1.85,support=0.1502,-0.0078400373458862,0.0190194956958293,0.1502232921766316,0.0708913650984601,0.0098664823858172
low_0p300,step_c,278,278,2.7800000000000002,hip_yaw=0.0702,-0.0475661717355251,0.0701609775424003,0.0460821715559584,0.0278419239967013,0.0132156857366297
low_0p300,step_c,279,279,2.79,hip_yaw=0.0711,-0.0484154671430587,0.0710778683423996,0.0446297137782583,0.0268297136014965,0.0131907171799991
low_0p300,step_c,280,280,2.8000000000000003,hip_yaw=0.0720,-0.0492678023874759,0.0719955638051033,0.0431838547020767,0.0258162419891851,0.0131642300687205
low_0p300,step_c,281,281,2.81,hip_yaw=0.0729,-0.0501226112246513,0.0729134529829025,0.0417454401813998,0.0248024376238343,0.013136244215829
low_0p300,step_c,282,282,2.82,hip_yaw=0.0738,-0.0509793162345886,0.0738309472799301,0.0403153144031723,0.0237892134556305,0.0131067797208525
low_0p300,step_c,283,283,2.83,hip_yaw=0.0747,-0.05183732137084,0.0747474431991577,0.0388943252561343,0.0227774866255923,0.0130758605719581
low_0p300,step_c,284,284,2.84,hip_yaw=0.0757,-0.0526960343122482,0.0756623148918151,0.0374833179468357,0.0217681675741071,0.0130435085977795
low_0p300,step_c,285,285,2.85,hip_yaw=0.0766,-0.0535548478364944,0.0765749588608741,0.0360831336298636,0.0207621521175182,0.0130097481236746
low_0p300,step_c,286,286,2.86,hip_yaw=0.0775,-0.05441315472126,0.0774847418069839,0.0346946125780536,0.0197603326102441,0.0129746070196502
low_0p300,step_c,287,287,2.87,hip_yaw=0.0784,-0.0552703402936458,0.0783910527825355,0.0333185916388077,0.0187635916981123,0.0129381120287059
low_0p300,step_c,288,288,2.88,hip_yaw=0.0793,-0.0561257787048816,0.0792932510375976,0.0319559027846212,0.0177728055091404,0.0129002922235666
low_0p300,step_c,289,289,2.89,hip_yaw=0.0802,-0.0569788552820682,0.0801907256245613,0.0306073736177851,0.01678883645964,0.0128611792666841
low_0p300,step_c,290,290,2.9,hip_yaw=0.0811,-0.0578289330005645,0.0810828283429145,0.0292738259894325,0.0158125403714156,0.012820805178102
low_0p300,step_c,291,291,2.91,hip_yaw=0.0820,-0.0586753897368907,0.0819689407944679,0.0279560771957487,0.0148447660980341,0.012779203411478
low_0p300,step_c,292,292,2.92,hip_yaw=0.0828,-0.0595175884664058,0.0828484296798706,0.0266549352633379,0.0138863472476566,0.012736408173426
low_0p300,step_c,293,293,2.93,hip_yaw=0.0837,-0.0603549033403396,0.083720676600933,0.0253712020310357,0.0129381071829286,0.0126924562909767
low_0p300,step_c,294,294,2.94,hip_yaw=0.0846,-0.0611866973340511,0.084585040807724,0.024105671820697,0.0120008592078647,0.0126473846538971
low_0p300,step_c,295,295,2.95,hip_yaw=0.0854,-0.0620123408734798,0.085440918803215,0.0228591302100938,0.0110754071441333,0.0126012305509796
low_0p300,step_c,296,296,2.96,hip_yaw=0.0863,-0.0628312081098556,0.0862876772880554,0.0216323528513004,0.0101625406389882,0.0125540327173923
low_0p300,step_c,297,297,2.97,hip_yaw=0.0871,-0.0636426657438278,0.0871247202157974,0.0204261052878515,0.0092630353200763,0.0125058328368612
low_0p300,step_c,298,298,2.98,hip_yaw=0.0880,-0.0644460991024971,0.0879514217376709,0.0192411437655765,0.0083776562705182,0.0124566724870996
low_0p300,step_c,299,299,2.99,hip_yaw=0.0888,-0.0652408823370933,0.0887672007083892,0.0180782131201267,0.0075071557687998,0.0124065920581964
low_0p300,step_c,300,300,3.0,hip_yaw=0.0896,-0.0660264119505882,0.0895714536309242,0.0169380461014514,0.0066522731133613,0.0123556350601866
low_0p300,step_c,301,301,3.0100000000000002,hip_yaw=0.0904,-0.0668020695447921,0.0903635993599891,0.0158213630041602,0.0058137320907359,0.0123038450216314
low_0p300,step_c,302,302,3.02,hip_yaw=0.0911,-0.0675672516226768,0.0911430642008781,0.0147288712715547,0.0049922429054492,0.0122512642683235
low_0p300,step_c,303,303,3.0300000000000002,hip_yaw=0.0919,-0.0683213770389556,0.0919092819094657,0.0136612652453786,0.004188502765156,0.0121979391964825
low_0p300,step_c,304,304,3.04,hip_yaw=0.0927,-0.0690638571977615,0.0926616936922073,0.0126192247219491,0.0034031896138565,0.0121439151711433
low_0p300,step_c,305,305,3.0500000000000003,hip_yaw=0.0934,-0.0697941109538078,0.0933997556567192,0.0116034153914038,0.0026369697240827,0.0120892347112417
low_0p300,step_c,306,306,3.06,hip_yaw=0.0941,-0.0705115720629692,0.0941229462623596,0.0106144889814124,0.0018904958039286,0.012033945322064
low_0p300,step_c,307,307,3.0700000000000003,hip_yaw=0.0948,-0.071215696632862,0.0948307439684867,0.009653078560874,0.0011643992059993,0.0119780929063468
low_0p300,step_c,308,308,3.08,hip_yaw=0.0955,-0.0719059333205223,0.0955226421356201,0.0087198031070557,0.0004592992436185,0.0119217230128566
low_0p300,step_c,309,309,3.09,hip_yaw=0.0962,-0.0725817531347274,0.0961981415748596,0.0078152640012237,-0.0002242056106376,0.0118648834967563
low_0p300,step_c,310,310,3.1,hip_yaw=0.0969,-0.073242649435997,0.0968567803502082,0.0069400463893055,-0.0008855311976058,0.0118076203198233
low_0p300,step_c,311,311,3.11,hip_yaw=0.0975,-0.0738881006836891,0.0974980965256691,0.0060947184804351,-0.0015241059670443,0.0117499794292683
low_0p300,step_c,312,312,3.12,hip_yaw=0.0981,-0.0745176300406456,0.0981216430664062,0.0052798259668918,-0.0021393876255865,0.0116920074129415
low_0p300,step_c,313,313,3.13,hip_yaw=0.0987,-0.0751307606697082,0.0987269878387451,0.0044958988015068,-0.0027308463867178,0.0116337490750216
low_0p300,step_c,314,314,3.14,hip_yaw=0.0993,-0.0757270380854606,0.099313735961914,0.0037434511632122,-0.0032979629261187,0.0115752493744998
low_0p300,step_c,315,315,3.15,hip_yaw=0.0999,-0.076306015253067,0.0998814851045608,0.0030229724344409,-0.0038402431412459,0.0115165547837747
low_0p300,step_c,316,316,3.16,hip_yaw=0.1004,-0.0768672749400138,0.1004298627376556,0.0023349313320062,-0.0043572176311544,0.0114577104196358
low_0p300,step_c,317,317,3.17,hip_yaw=0.1010,-0.0774103999137878,0.1009585261344909,0.0016797792449871,-0.0048484303262961,0.0113987611254904
low_0p300,step_c,318,318,3.18,hip_yaw=0.1015,-0.0779350250959396,0.1014671251177787,0.0010579479055477,-0.0053134387627222,0.0113397528535838
low_0p300,step_c,319,319,3.19,hip_yaw=0.1020,-0.0784407630562782,0.1019553542137146,0.0004698428070336,-0.0057518325269096,0.0112807287021069
low_0p300,step_c,320,320,3.2,hip_yaw=0.1024,-0.0789272710680961,0.1024229228496551,-8.414986736302033e-05,-0.0061632146799453,0.0112217303885652
low_0p300,step_c,321,321,3.21,hip_yaw=0.1029,-0.0793942138552665,0.1028695479035377,-0.0006036635650145,-0.0065472071307743,0.0111628013565946
low_0p300,step_c,322,322,3.22,hip_yaw=0.1033,-0.0798412933945655,0.1032949909567833,-0.0010883580889741,-0.00690345409078,0.0111039831807985
low_0p300,step_c,323,323,3.23,hip_yaw=0.1037,-0.0802682116627693,0.103699006140232,-0.0015379135157129,-0.0072316179119348,0.0110453170184393
low_0p300,step_c,324,324,3.24,hip_yaw=0.1041,-0.0806747004389762,0.104081392288208,-0.0019520359196692,-0.0075313871767557,0.0109868427295372
low_0p300,step_c,325,325,3.25,hip_yaw=0.1044,-0.0810605138540268,0.1044419631361961,-0.0023304527407669,-0.0078024723669893,0.010928599004359
low_0p300,step_c,326,326,3.2600000000000002,hip_yaw=0.1048,-0.0814254358410835,0.1047805547714233,-0.0026729147533203,-0.0080445982571811,0.0108706250558102
low_0p300,step_c,327,327,3.27,hip_yaw=0.1051,-0.0817692503333091,0.1050970181822776,-0.0029791982624172,-0.0082575152309851,0.0108129588927077
low_0p300,step_c,328,328,3.2800000000000002,hip_yaw=0.1054,-0.08209178596735,0.1053912416100502,-0.0032491047829438,-0.0084409985074023,0.0107556374565019
low_0p300,step_c,329,329,3.29,hip_yaw=0.1057,-0.0823928862810134,0.1056631207466125,-0.0034824577625195,-0.0085948411065294,0.0106986956238684
low_0p300,step_c,330,330,3.3000000000000003,hip_yaw=0.1059,-0.0826724097132682,0.1059125736355781,-0.0036791058980234,-0.0087188579362978,0.0106421702850889
low_0p300,step_c,331,331,3.31,hip_yaw=0.1061,-0.0829302445054054,0.106139563024044,-0.0038389256224179,-0.0088128893431543,0.0105860948146823
low_0p300,step_c,332,332,3.3200000000000003,hip_yaw=0.1063,-0.0831663012504577,0.1063440442085266,-0.0039618165380305,-0.0088767979514456,0.0105305000290757
low_0p300,step_c,333,333,3.33,hip_yaw=0.1065,-0.0833805054426193,0.1065260171890258,-0.0040477036852695,-0.0089104688766612,0.0104754188665088
low_0p300,step_c,334,334,3.34,hip_yaw=0.1067,-0.0835728198289871,0.106685496866703,-0.0040965370115575,-0.0089138051932814,0.0104208826435509
low_0p300,step_c,335,335,3.35,hip_yaw=0.1068,-0.0837432220578193,0.106822520494461,-0.0041082951556729,-0.0088867390504301,0.0103669209936222
low_0p300,step_c,336,336,3.36,hip_yaw=0.1069,-0.0838917046785354,0.1069371476769447,-0.0040829803174429,-0.0088292245885232,0.0103135622290205
low_0p300,step_c,337,337,3.37,hip_yaw=0.1070,-0.0840182974934578,0.10702945291996,-0.004020619980187,-0.0087412347770092,0.0102608339151765
low_0p300,step_c,338,338,3.38,hip_yaw=0.1071,-0.0841230303049087,0.1070995554327964,-0.0039212702955402,-0.0086227696103935,0.0102087616523467
low_0p300,step_c,339,339,3.39,hip_yaw=0.1071,-0.0842059925198555,0.1071475595235824,-0.0037850129306851,-0.0084738582346973,0.0101573728389158
low_0p300,step_c,340,340,3.4,hip_yaw=0.1072,-0.084267258644104,0.1071736291050911,-0.0036119525910912,-0.0082945398671413,0.0101066913755351
low_0p300,step_c,341,341,3.41,hip_yaw=0.1072,-0.0843069404363632,0.1071779206395149,-0.0034022204631487,-0.0080848759009354,0.0100567382679675
low_0p300,step_c,342,342,3.42,hip_yaw=0.1072,-0.0843251720070838,0.10716063529253,-0.0031559802442168,-0.0078449703143075,0.010007535479828
low_0p300,step_c,343,343,3.43,hip_yaw=0.1071,-0.0843221023678779,0.107121966779232,-0.0028734163628519,-0.0075749360936093,0.0099591055815939
low_0p300,step_c,344,344,3.44,hip_yaw=0.1071,-0.0842979177832603,0.1070621535181999,-0.002554737066112,-0.00727490419316,0.0099114695645038
low_0p300,step_c,345,345,3.45,hip_yaw=0.1070,-0.0842527970671653,0.1069814413785934,-0.0022001842856195,-0.0069450437336486,0.0098646460352804
low_0p300,step_c,346,346,3.46,hip_yaw=0.1069,-0.0841869637370109,0.106880098581314,-0.0018100204351686,-0.0065855420693526,0.0098186522381619
low_0p300,step_c,347,347,3.47,hip_yaw=0.1068,-0.0841006487607956,0.1067584156990051,-0.0013845307425744,-0.0061965938052841,0.0097735045767455
low_0p300,step_c,348,348,3.48,hip_yaw=0.1066,-0.0839941129088401,0.1066166907548904,-0.0009240330684364,-0.0057784366307355,0.0097292189861774
low_0p300,step_c,349,349,3.49,hip_yaw=0.1065,-0.0838676169514656,0.1064552515745163,-0.0004288708587129,-0.0053313288226513,0.0096858102736424
low_0p300,step_c,350,350,3.5,hip_yaw=0.1063,-0.0837214514613151,0.1062744334340095,0.0001005953511773,-0.0048555373158108,0.0096432918243922
low_0p300,step_c,351,351,3.5100000000000002,hip_yaw=0.1061,-0.0835559368133544,0.1060745939612388,0.0006639716972091,-0.0043513620696473,0.0096016776918309
low_0p300,step_c,352,352,3.52,hip_yaw=0.1059,-0.0833713933825492,0.1058561131358146,0.0012608407838623,-0.0038191301965534,0.0095609799183451
low_0p300,step_c,353,353,3.5300000000000002,hip_yaw=0.1056,-0.0831681564450264,0.1056193709373474,0.0018907647839242,-0.0032591774156262,0.0095212080889908
low_0p300,step_c,354,354,3.54,hip_yaw=0.1054,-0.0829465985298156,0.1053647771477699,0.0025532791246552,-0.002671864763363,0.0094823722050492
low_0p300,step_c,355,355,3.5500000000000003,hip_yaw=0.1051,-0.0827070772647857,0.1050927489995956,0.003247890579523,-0.0020575874625963,0.0094444831584146
low_0p300,step_c,356,356,3.56,hip_yaw=0.1048,-0.0824499949812889,0.1048037111759185,0.0039740878589442,-0.0014167484540025,0.0094075484185466
low_0p300,step_c,357,357,3.5700000000000003,hip_yaw=0.1045,-0.0821757391095161,0.1044981181621551,0.0047313348456071,-0.00074977291042,0.0093715740492195
low_0p300,step_c,358,358,3.58,hip_yaw=0.1042,-0.0818847492337226,0.1041764244437217,0.0055190702443956,-5.711234875611392e-05,0.0093365689170585
low_0p300,step_c,359,359,3.59,hip_yaw=0.1038,-0.0815774351358413,0.103839099407196,0.0063367104907035,0.000660762337218,0.0093025381831798
low_0p300,step_c,360,360,3.6,hip_yaw=0.1035,-0.0812542513012886,0.1034866273403167,0.0071836508004788,0.0014033613422455,0.0092694864535002
low_0p300,step_c,361,361,3.61,hip_yaw=0.1031,-0.0809156447649002,0.1031194999814033,0.0080592641045159,0.0021701765709198,0.0092374178568073
low_0p300,step_c,362,362,3.62,hip_yaw=0.1027,-0.0805620849132537,0.1027382165193557,0.008962900614616,0.0029606787152459,0.0092063352400125
low_0p300,step_c,363,363,3.63,hip_yaw=0.1023,-0.0801940485835075,0.1023432835936546,0.0098938888157068,0.0037743172731402,0.0091762424188723
low_0p300,step_c,364,364,3.64,hip_yaw=0.1019,-0.0798120200634002,0.1019352301955223,0.0108515383861266,0.0046105268974946,0.0091471412147472
low_0p300,step_c,365,365,3.65,hip_yaw=0.1015,-0.0794164910912513,0.1015145778656005,0.0118351381144072,0.0054687248244028,0.0091190339481004
low_0p300,step_c,366,366,3.66,hip_yaw=0.1011,-0.0790079832077026,0.101081870496273,0.0128439543272633,0.0063483023450827,0.0090919226540016
low_0p300,step_c,367,367,3.67,hip_yaw=0.1006,-0.0785869807004928,0.1006376445293426,0.0138772371490559,0.0072486434694818,0.0090658060597117
low_0p300,step_c,368,368,3.68,hip_yaw=0.1002,-0.0781540274620056,0.100182443857193,0.014934217523409,0.008169109897311,0.0090406819689732
low_0p300,step_c,369,369,3.69,hip_yaw=0.0997,-0.0777096301317215,0.0997168347239494,0.0160141047694588,0.0091090420850094,0.0090165514715302
low_0p300,step_c,370,370,3.7,hip_yaw=0.0992,-0.077254332602024,0.0992413610219955,0.0171160951932585,0.010067774744183,0.008993413164345
low_0p300,step_c,371,371,3.71,hip_yaw=0.0988,-0.0767886638641357,0.0987566038966178,0.0182393655681906,0.0110446221512796,0.0089712641178838
low_0p300,step_c,372,372,3.72,hip_yaw=0.0983,-0.07631316781044,0.0982631146907806,0.0193830749070786,0.0120388804669182,0.0089501014740976
low_0p300,step_c,373,373,3.73,hip_yaw=0.0978,-0.0758283957839012,0.0977614670991897,0.0205463682600419,0.0130498368422497,0.0089299226653657
low_0p300,step_c,374,374,3.74,hip_yaw=0.0973,-0.0753348916769027,0.0972522348165512,0.021728374501919,0.0140767605732139,0.0089107235379519
low_0p300,step_c,375,375,3.75,hip_yaw=0.0967,-0.0748331993818283,0.0967359989881515,0.022928207170243,0.0151189086762129,0.0088924991927361
low_0p300,step_c,376,376,3.7600000000000002,hip_yaw=0.0962,-0.0743238851428031,0.0962133184075355,0.0241449663451415,0.016175526652002,0.0088752462223332
low_0p300,step_c,377,377,3.77,hip_yaw=0.0957,-0.0738075077533721,0.0956847891211509,0.0253777378440451,0.0172458441297441,0.0088589593840289
low_0p300,step_c,378,378,3.7800000000000002,hip_yaw=0.0952,-0.0732846036553382,0.0951509699225425,0.0266255958620191,0.0183290826534859,0.0088436333227452
low_0p300,step_c,379,379,3.79,hip_yaw=0.0946,-0.072755753993988,0.0946124419569969,0.0278876017384286,0.0194244536820899,0.0088292622122585
low_0p300,step_c,380,380,3.8000000000000003,hip_yaw=0.0941,-0.072221502661705,0.0940697789192199,0.0291628040401654,0.0205311508425803,0.0088158389283792
low_0p300,step_c,381,381,3.81,hip_yaw=0.0935,-0.071682408452034,0.0935235619544982,0.0304502422788045,0.0216483639430632,0.0088033571355621
low_0p300,step_c,382,382,3.8200000000000003,hip_yaw=0.0930,-0.0711390301585197,0.0929743498563766,0.0317489463614356,0.0227752746794337,0.0087918098011689
low_0p300,step_c,383,383,3.83,hip_yaw=0.0924,-0.0705919191241264,0.0924227237701416,0.0330579346154526,0.0239110517369783,0.0087811892106026
low_0p300,step_c,384,384,3.84,hip_yaw=0.0919,-0.0700416341423988,0.0918692350387573,0.0343762179696413,0.0250548564312641,0.0087714880549093
low_0p300,step_c,385,385,3.85,hip_yaw=0.0913,-0.0694887116551399,0.0913144573569297,0.0357027998376122,0.026205845701527,0.0087626979739772
low_0p300,step_c,386,386,3.86,hip_yaw=0.0908,-0.0689337104558944,0.0907589495182037,0.0370366757054022,0.0273631668193412,0.0087548115321159
low_0p300,step_c,387,387,3.87,hip_yaw=0.0902,-0.068377174437046,0.0902032628655433,0.0383768343480545,0.0285259605314707,0.008747818238512
low_0p300,step_c,388,388,3.88,hip_yaw=0.0896,-0.0678196400403976,0.0896479412913322,0.0397222601608389,0.0296933680934968,0.0087417094825537
low_0p300,step_c,389,389,3.89,hip_yaw=0.0891,-0.0672616362571716,0.0890935435891151,0.0410719308269728,0.0308645186055307,0.0087364764009025
low_0p300,step_c,390,390,3.9,hip_yaw=0.0885,-0.0667037069797515,0.0885405987501144,0.0424248197423088,0.0320385364762057,0.0087321077924251
low_0p300,step_c,391,391,3.91,hip_yaw=0.0880,-0.0661463662981987,0.0879896432161331,0.0437798998436961,0.0332145519075271,0.0087285946054496
low_0p300,step_c,392,392,3.92,hip_yaw=0.0874,-0.0655901432037353,0.0874412059783935,0.0451361383287568,0.034391684226208,0.0087259274637395
low_0p300,step_c,393,393,3.93,hip_yaw=0.0869,-0.0650355592370033,0.0868958011269569,0.0464925011841017,0.0355690521277723,0.0087240956986448
low_0p300,step_c,394,394,3.94,hip_yaw=0.0864,-0.0644831135869026,0.0863539576530456,0.0478479543466948,0.0367457742172888,0.0087230870932707
low_0p300,step_c,395,395,3.95,hip_yaw=0.0858,-0.0639333054423332,0.0858161672949791,0.0492014619909149,0.0379209673321191,0.0087228901632909
low_0p300,step_c,396,396,3.96,hip_yaw=0.0853,-0.0633866414427757,0.0852829441428184,0.0505519900103667,0.0390937513086929,0.0087234931749315
low_0p300,step_c,397,397,3.97,hip_yaw=0.0848,-0.0628436133265495,0.0847547799348831,0.0518985046634166,0.0402632420230357,0.0087248846060904
low_0p300,step_c,398,398,3.98,hip_yaw=0.0842,-0.0623047016561031,0.0842321589589119,0.0532399740284838,0.0414285549117368,0.0087270534079255
low_0p300,step_c,399,399,3.99,hip_yaw=0.0837,-0.0617703795433044,0.0837155506014823,0.0545753709745295,0.0425888172601855,0.0087299868418055
low_0p300,step_c,400,400,4.0,hip_yaw=0.0832,-0.0612411201000213,0.0832054391503334,0.0559036708930213,0.0437431531781454,0.0087336715127548
low_0p300,step_c,401,401,4.01,hip_yaw=0.0827,-0.0607173815369606,0.0827022716403007,0.0572238520431839,0.0448906878424323,0.0087380951410034
low_0p300,step_c,402,402,4.0200000000000005,hip_yaw=0.0822,-0.0601996220648288,0.082206517457962,0.0585348992324556,0.0460305513115187,0.0087432450869327
low_0p300,step_c,403,403,4.03,hip_yaw=0.0817,-0.0596882812678813,0.0817186012864112,0.0598358025661137,0.0471618807888815,0.0087491074157614
low_0p300,step_c,404,404,4.04,hip_yaw=0.0812,-0.0591838024556636,0.0812389776110649,0.0611255614830036,0.0482838200645307,0.008755666803811
low_0p300,step_c,405,405,4.05,hip_yaw=0.0808,-0.0586866103112697,0.0807680562138557,0.0624031797046448,0.0493955160327743,0.008762908939006
low_0p300,step_c,406,406,4.0600000000000005,hip_yaw=0.0803,-0.0581971295177936,0.080306276679039,0.0636676698363397,0.0504961218099632,0.00877082018986
low_0p300,step_c,407,407,4.07,hip_yaw=0.0799,-0.0577157735824584,0.0798540264368057,0.0649180554553613,0.0515848009944866,0.0087793871552812
low_0p300,step_c,408,408,4.08,hip_yaw=0.0794,-0.0572429411113262,0.0794117152690887,0.0661533681842148,0.0526607231022854,0.0087885927811781
low_0p300,step_c,409,409,4.09,hip_yaw=0.0790,-0.0567790381610393,0.0789797306060791,0.0673726494671411,0.0537230648672763,0.0087984237529378
low_0p300,step_c,410,410,4.1,hip_yaw=0.0786,-0.056324440985918,0.0785584598779678,0.0685749543582095,0.0547710161435244,0.0088088647387339
low_0p300,step_c,411,411,4.11,hip_yaw=0.0781,-0.0558795370161533,0.0781482607126236,0.0697593503770717,0.0558037772388144,0.0088199002243758
low_0p300,step_c,412,412,4.12,hip_yaw=0.0777,-0.0554446838796138,0.0777495056390762,0.0709249156976291,0.0568205556167598,0.0088315118557416
low_0p300,step_c,413,413,4.13,hip_yaw=0.0774,-0.0550202503800392,0.0773625373840332,0.0720707433456889,0.0578205727853163,0.0088436842938628
low_0p300,step_c,414,414,4.14,hip_yaw=0.0770,-0.0546065866947174,0.0769877135753631,0.0731959405831362,0.0588030603217787,0.0088564014475947
low_0p300,step_c,415,415,4.15,hip_yaw=0.0766,-0.0542040318250656,0.0766253545880317,0.0742996259758623,0.059767256089922,0.0088696442353088
low_0p300,step_c,416,416,4.16,hip_yaw=0.0763,-0.0538129247725009,0.0762757956981659,0.0753809401195563,0.0607124235714187,0.00888339668946
low_0p300,step_c,417,417,4.17,hip_yaw=0.0759,-0.0534335859119892,0.0759393349289894,0.0764390397142054,0.0616378436063506,0.008897641639658
low_0p300,step_c,418,418,4.18,hip_yaw=0.0756,-0.0530663281679153,0.0756162852048873,0.0774730906605507,0.0625427887964955,0.0089123605810393
low_0p300,step_c,419,419,4.19,hip_yaw=0.0753,-0.0527114644646644,0.0753069370985031,0.0784822840368189,0.0634265615222571,0.0089275343614124
low_0p300,step_c,420,420,4.2,hip_yaw=0.0750,-0.0523692816495895,0.0750115886330604,0.0794658290002979,0.0642884861647177,0.0089431440128526
low_0p300,step_c,421,421,4.21,hip_yaw=0.0747,-0.0520400814712047,0.0747304931282997,0.0804229502941445,0.0651278891589921,0.0089591710976007
low_0p300,step_c,422,422,4.22,hip_yaw=0.0745,-0.0517241284251213,0.0744639337062835,0.081352893619158,0.0659441189553453,0.0089755948131028
low_0p300,step_c,423,423,4.23,hip_yaw=0.0742,-0.0514217019081115,0.0742121562361717,0.0822549286013932,0.0667365490093468,0.0089923958412221
low_0p300,step_c,424,424,4.24,hip_yaw=0.0740,-0.0511330626904964,0.0739754140377044,0.0831283389362702,0.0675045540811245,0.009009553952245
low_0p300,step_c,425,425,4.25,hip_yaw=0.0738,-0.0508584603667259,0.0737539380788803,0.0839724331000124,0.068247536163628,0.0090270507034125
low_0p300,step_c,426,426,4.26,hip_yaw=0.0735,-0.0505981408059597,0.0735479518771171,0.0847865470349112,0.068964926038269,0.0090448645712282
low_0p300,step_c,427,427,4.2700000000000005,hip_yaw=0.0734,-0.0503523312509059,0.0733576714992523,0.0855700326456931,0.0696561606575625,0.0090629745547422
low_0p300,step_c,428,428,4.28,hip_yaw=0.0732,-0.0501212626695632,0.0731833055615425,0.086322264193422,0.0703206904915206,0.0090813578249948
low_0p300,step_c,429,429,4.29,hip_yaw=0.0730,-0.0499051511287689,0.0730250626802444,0.0870426432016769,0.0709579981244021,0.009099993042941
low_0p300,step_c,430,430,4.3,hip_yaw=0.0729,-0.0497041977941989,0.0728831067681312,0.0877305991348992,0.071567594215666,0.0091188601740504
low_0p300,step_c,431,431,4.3100000000000005,hip_yaw=0.0728,-0.0495186075568199,0.072757638990879,0.0883855770204363,0.072148990527986,0.0091379352258576
low_0p300,step_c,432,432,4.32,hip_yaw=0.0726,-0.0493485629558563,0.0726488158106803,0.0890070510742794,0.0727017259667874,0.009157193759709
low_0p300,step_c,433,433,4.33,hip_yaw=0.0726,-0.0491942465305328,0.0725567936897277,0.0895945245294512,0.0732253714886024,0.0091766123091289
low_0p300,step_c,434,434,4.34,hip_yaw=0.0725,-0.0490558333694934,0.0724817365407943,0.090147524984259,0.0737195154965369,0.0091961692358144
low_0p300,step_c,435,435,4.3500000000000005,hip_yaw=0.0724,-0.0489334799349308,0.0724237635731697,0.0906656014672088,0.0741837574813551,0.0092158413076315
low_0p300,step_c,436,436,4.36,hip_yaw=0.0724,-0.0488273426890373,0.0723830163478851,0.0911483344749812,0.0746177282216998,0.009235604102857
low_0p300,step_c,437,437,4.37,hip_yaw=0.0724,-0.0487375669181346,0.0723596140742302,0.0915953333662281,0.0750210894001654,0.0092554338076914
low_0p300,step_c,438,438,4.38,hip_yaw=0.0724,-0.0486642867326736,0.0723536685109138,0.0920062353157586,0.075393523935577,0.0092753038775184
low_0p300,step_c,439,439,4.39,hip_yaw=0.0724,-0.0486076213419437,0.0723652765154838,0.0923806997623663,0.0757347266677143,0.0092951882755551
low_0p300,step_c,440,440,4.4,hip_yaw=0.0724,-0.0485677011311054,0.0723945274949073,0.0927184147787179,0.0760444148430293,0.0093150626327843
low_0p300,step_c,441,441,4.41,hip_yaw=0.0724,-0.0485446229577064,0.0724415108561515,0.0930191038041979,0.0763223476992685,0.0093349028200109
low_0p300,step_c,442,442,4.42,hip_yaw=0.0725,-0.0485384948551654,0.0725062862038612,0.093282517731521,0.0765683080560554,0.0093546825001605
low_0p300,step_c,443,443,4.43,hip_yaw=0.0726,-0.0485494062304496,0.0725889280438423,0.0935084271855335,0.0767820771004486,0.0093743756701511
low_0p300,step_c,444,444,4.44,hip_yaw=0.0727,-0.0485774353146553,0.0726894810795784,0.0936966398436915,0.0769634802301054,0.0093939561475752
low_0p300,step_c,445,445,4.45,hip_yaw=0.0728,-0.048622652888298,0.072807990014553,0.0938469984331969,0.0771123848215054,0.0094133972074926
low_0p300,step_c,446,446,4.46,hip_yaw=0.0729,-0.0486851260066032,0.0729444846510887,0.093959363288911,0.0772286533384439,0.0094326722658834
low_0p300,step_c,447,447,4.47,hip_yaw=0.0731,-0.0487649030983448,0.0730989873409271,0.0940336271629611,0.0773121762067612,0.0094517526752689
low_0p300,step_c,448,448,4.48,hip_yaw=0.0733,-0.0488620363175869,0.07327152043581,0.0940697188719318,0.0773628886982863,0.0094706132073285
low_0p300,step_c,449,449,4.49,hip_yaw=0.0735,-0.0489765554666519,0.0734620690345764,0.0940675953139743,0.0773807465421078,0.0094892269225114
low_0p300,step_c,450,450,4.5,hip_yaw=0.0737,-0.0491084866225719,0.0736706405878067,0.0940272379674171,0.0773657194456588,0.0095075666223028
low_0p300,step_c,451,451,4.51,hip_yaw=0.0739,-0.0492578484117984,0.0738972127437591,0.0939486624621714,0.0773178082542572,0.0095256027290032
low_0p300,step_c,452,452,4.5200000000000005,hip_yaw=0.0741,-0.0494246445596218,0.0741417631506919,0.0938319144052403,0.077237040531693,0.0095433080897934
low_0p300,step_c,453,453,4.53,hip_yaw=0.0744,-0.0496088750660419,0.074404239654541,0.0936770688089482,0.0771234694404669,0.0095606563327406
low_0p300,step_c,454,454,4.54,hip_yaw=0.0747,-0.0498105250298976,0.0746846050024032,0.0934842307518877,0.0769771731420528,0.0095776185644878
low_0p300,step_c,455,455,4.55,hip_yaw=0.0750,-0.0500295758247375,0.0749827995896339,0.0932535383276516,0.0767982648430901,0.009594168980112
low_0p300,step_c,456,456,4.5600000000000005,hip_yaw=0.0753,-0.0502659939229488,0.0752987489104271,0.092985154648897,0.0765868711804516,0.0096102810451444
low_0p300,step_c,457,457,4.57,hip_yaw=0.0756,-0.0505197383463382,0.0756323784589767,0.0926792707788107,0.0763431330008705,0.0096259267658716
low_0p300,step_c,458,458,4.58,hip_yaw=0.0760,-0.0507907532155513,0.0759835913777351,0.0923361164904284,0.0760672436469327,0.0096410771760316
low_0p300,step_c,459,459,4.59,hip_yaw=0.0764,-0.051078975200653,0.0763522908091545,0.09195594992796,0.0757594222003587,0.0096557044666362
low_0p300,step_c,460,460,4.6000000000000005,hip_yaw=0.0767,-0.0513843335211277,0.0767383575439453,0.091539047650565,0.0754198832142802,0.0096697825408619
low_0p300,step_c,461,461,4.61,hip_yaw=0.0771,-0.0517067499458789,0.0771416872739791,0.0910857228347849,0.0750488818636238,0.0096832845796619
low_0p300,step_c,462,462,4.62,hip_yaw=0.0776,-0.0520461238920688,0.0775621235370636,0.0905963231066891,0.0746467147557389,0.0096961829996361
low_0p300,step_c,463,463,4.63,hip_yaw=0.0780,-0.0524023547768592,0.0779995396733284,0.0900712149906454,0.074213679433959,0.0097084526116108
low_0p300,step_c,464,464,4.64,hip_yaw=0.0785,-0.0527753308415412,0.0784537643194198,0.0895107960531863,0.0737501020286399,0.0097200686169466
low_0p300,step_c,465,465,4.65,hip_yaw=0.0789,-0.0531649217009544,0.0789246410131454,0.0889154977743375,0.0732563469363344,0.0097310036510355
low_0p300,step_c,466,466,4.66,hip_yaw=0.0794,-0.0535709932446479,0.0794119834899902,0.0882857735135459,0.0727327903036899,0.0097412326623552
low_0p300,step_c,467,467,4.67,hip_yaw=0.0799,-0.0539933964610099,0.0799156054854393,0.0876221043190041,0.072179830533738,0.0097507301475918
low_0p300,step_c,468,468,4.68,hip_yaw=0.0804,-0.0544319711625576,0.0804352983832359,0.0869250037251173,0.0715979000989795,0.0097594714770135
low_0p300,step_c,469,469,4.69,hip_yaw=0.0810,-0.0548865497112274,0.080970861017704,0.0861950048167507,0.0709874406991454,0.0097674335380266
low_0p300,step_c,470,470,4.7,hip_yaw=0.0815,-0.0553569532930851,0.081522062420845,0.0854326725419373,0.0703489293397,0.0097745925272884
low_0p300,step_c,471,471,4.71,hip_yaw=0.0821,-0.0558429844677448,0.0820886716246604,0.0846385980265024,0.0696828650101753,0.009780924319616
low_0p300,step_c,472,472,4.72,hip_yaw=0.0827,-0.0563444383442401,0.0826704278588295,0.0838133940407846,0.0689897596822323,0.0097864079886276
low_0p300,step_c,473,473,4.73,hip_yaw=0.0833,-0.0568611100316047,0.0832670852541923,0.0829576986824006,0.0682701478178032,0.0097910230381679
low_0p300,step_c,474,474,4.74,hip_yaw=0.0839,-0.0573927611112594,0.0838783681392669,0.082072176620674,0.0675245888546995,0.0097947470031746
low_0p300,step_c,475,475,4.75,hip_yaw=0.0845,-0.0579391568899154,0.08450398594141,0.0811575181441746,0.0667536674284492,0.0097975588899861
low_0p300,step_c,476,476,4.76,hip_yaw=0.0851,-0.0585000440478324,0.0851436555385589,0.0802144357357821,0.0659579869865677,0.0097994401309366
low_0p300,step_c,477,477,4.7700000000000005,hip_yaw=0.0858,-0.0590751618146896,0.0857970640063285,0.0792436624674323,0.0651381612122966,0.0098003706309227
low_0p300,step_c,478,478,4.78,hip_yaw=0.0865,-0.0596642345190048,0.0864638984203338,0.0782459563600891,0.0642948308896464,0.0098003332616331
low_0p300,step_c,479,479,4.79,hip_yaw=0.0871,-0.0602669827640056,0.0871438235044479,0.0772220963466025,0.0634286538347592,0.0097993124008862
low_0p300,step_c,480,480,4.8,hip_yaw=0.0878,-0.0608830973505973,0.0878365039825439,0.0761728845336944,0.0625403129570349,0.0097972905319158
low_0p300,step_c,481,481,4.8100000000000005,hip_yaw=0.0885,-0.0615122802555561,0.0885415747761726,0.075099144119854,0.0616305062348349,0.0097942540428934
low_0p300,step_c,482,482,4.82,hip_yaw=0.0893,-0.0621541999280452,0.0892586782574653,0.0740017115702958,0.0606999350249094,0.0097901873737002
low_0p300,step_c,483,483,4.83,hip_yaw=0.0900,-0.0628085285425186,0.0899874493479728,0.0728814521935744,0.0597493352987883,0.0097850782625295
low_0p300,step_c,484,484,4.84,hip_yaw=0.0907,-0.063474915921688,0.0907274782657623,0.0717392449025276,0.0587794533599416,0.009778914933251
low_0p300,step_c,485,485,4.8500000000000005,hip_yaw=0.0915,-0.0641530156135559,0.0914783850312233,0.0705759878514036,0.0577910526703705,0.009771686289342
low_0p300,step_c,486,486,4.86,hip_yaw=0.0922,-0.064842440187931,0.0922397524118423,0.069392598425802,0.0567849107340028,0.0097633815262113
low_0p300,step_c,487,487,4.87,hip_yaw=0.0930,-0.0655428245663642,0.093011163175106,0.0681900065386215,0.0557618169537788,0.0097539920263291
low_0p300,step_c,488,488,4.88,hip_yaw=0.0938,-0.0662537738680839,0.0937921777367591,0.0669691602784532,0.0547225756391904,0.009743510521324
low_0p300,step_c,489,489,4.89,hip_yaw=0.0946,-0.0669748857617378,0.0945823714137077,0.065731025313681,0.0536680070684038,0.0097319315842441
low_0p300,step_c,490,490,4.9,hip_yaw=0.0954,-0.0677057355642318,0.095381274819374,0.0644765798733259,0.0525989471727868,0.0097192492988346
low_0p300,step_c,491,491,4.91,hip_yaw=0.0962,-0.0684459134936332,0.0961884334683418,0.0632068159841434,0.0515162355270537,0.0097054602775974
low_0p300,step_c,492,492,4.92,hip_yaw=0.0970,-0.0691949799656868,0.0970033779740333,0.061922739241383,0.050420730133908,0.0096905617832542
low_0p300,step_c,493,493,4.93,hip_yaw=0.0978,-0.069952480494976,0.0978256165981292,0.0606253690189357,0.0493133001238079,0.009674553337157
low_0p300,step_c,494,494,4.94,hip_yaw=0.0987,-0.0707179605960846,0.0986546650528907,0.0593157335967477,0.0481948194643729,0.009657434414395
low_0p300,step_c,495,495,4.95,hip_yaw=0.0995,-0.0714909583330154,0.0994900315999984,0.0579948727351043,0.0470661743981041,0.0096392049597311
low_0p300,step_c,496,496,4.96,hip_yaw=0.1003,-0.0722709968686103,0.1003311872482299,0.0566638384407638,0.0459282625933422,0.0096198681552157
low_0p300,step_c,497,497,4.97,hip_yaw=0.1012,-0.0730575770139694,0.1011776402592659,0.0553236905696374,0.0447819888182578,0.0095994282833404
low_0p300,step_c,498,498,4.98,hip_yaw=0.1020,-0.0738502219319343,0.1020288467407226,0.0539754966396268,0.0436282628827094,0.0095778909046358
low_0p300,step_c,499,499,4.99,hip_yaw=0.1029,-0.0746484100818634,0.1028842777013778,0.0526203330802874,0.0424680011625562,0.0095552629302289
low_0p300,step_c,500,500,5.0,hip_yaw=0.1037,-0.0754516422748565,0.1037433966994285,0.051259283511896,0.0413021319715846,0.0095315534796901
low_0p300,step_c,501,501,5.01,hip_yaw=0.1046,-0.076259396970272,0.1046056523919105,0.049893435926474,0.0401315845567741,0.0095067715923012
low_0p300,step_c,502,502,5.0200000000000005,hip_yaw=0.1055,-0.0770711302757263,0.1054705008864402,0.0485238848435736,0.0389572926002233,0.0094809275310524
low_0p300,step_c,503,503,5.03,hip_yaw=0.1063,-0.0778863206505775,0.1063373759388923,0.0471517284493404,0.0377801942995173,0.0094540327244393
low_0p300,step_c,504,504,5.04,hip_yaw=0.1072,-0.0787044093012809,0.1072057262063026,0.0457780700366666,0.0366012351682877,0.0094260996280064
low_0p300,step_c,505,505,5.05,hip_yaw=0.1081,-0.0795248672366142,0.1080749705433845,0.0444040144071723,0.0354213598558472,0.0093971435326143
low_0p300,step_c,506,506,5.0600000000000005,hip_yaw=0.1089,-0.0803471207618713,0.1089445427060127,0.0430306670059499,0.0342415150998046,0.0093671814978499
low_0p300,step_c,507,507,5.07,hip_yaw=0.1098,-0.0811706259846687,0.1098138615489006,0.0416591361563288,0.0330626482346482,0.0093362307143259
low_0p300,step_c,508,508,5.08,hip_yaw=0.1107,-0.0819948017597198,0.1106823533773422,0.0402905303384038,0.0318857081991343,0.0093043073624432
low_0p300,step_c,509,509,5.09,hip_yaw=0.1115,-0.0828190818428993,0.111549437046051,0.0389259575644974,0.0307116466755282,0.0092714328571989
low_0p300,step_c,510,510,5.1000000000000005,hip_yaw=0.1124,-0.0836428999900817,0.1124145239591598,0.0375665232520541,0.0295414105571187,0.0092376267356304
low_0p300,step_c,511,511,5.11,hip_yaw=0.1133,-0.0844656750559806,0.1132770404219627,0.0362133308949593,0.0283759462538096,0.0092029111133854
low_0p300,step_c,512,512,5.12,hip_yaw=0.1141,-0.0852868258953094,0.1141363903880119,0.0348674813121813,0.0272161986582276,0.0091673097869309
low_0p300,step_c,513,513,5.13,hip_yaw=0.1150,-0.0861057788133621,0.1149919852614402,0.0335300711548242,0.0260631112455364,0.0091308467417465
low_0p300,step_c,514,514,5.14,hip_yaw=0.1158,-0.0869219377636909,0.1158432513475418,0.0322021914500548,0.0249176202593814,0.0090935464724113
low_0p300,step_c,515,515,5.15,hip_yaw=0.1167,-0.0877347365021705,0.1166896075010299,0.0308849277782458,0.023780656368943,0.0090554353450448
low_0p300,step_c,516,516,5.16,hip_yaw=0.1175,-0.0885435789823532,0.117530457675457,0.029579360704991,0.0226531490903542,0.009016541162276
low_0p300,step_c,517,517,5.17,hip_yaw=0.1184,-0.0893478915095329,0.1183652356266975,0.02828656298764,0.0215360242461574,0.0089768910934892
low_0p300,step_c,518,518,5.18,hip_yaw=0.1192,-0.0901470929384231,0.119193360209465,0.0270075976990054,0.0204301957949438,0.008936514286731
low_0p300,step_c,519,519,5.19,hip_yaw=0.1200,-0.0909406021237373,0.1200142577290535,0.0257435193386375,0.0193365727851681,0.0088954406637579
low_0p300,step_c,520,520,5.2,hip_yaw=0.1208,-0.0917278379201889,0.1208273693919181,0.0244953734776896,0.018256056538423,0.0088536991885809
low_0p300,step_c,521,521,5.21,hip_yaw=0.1216,-0.0925082415342331,0.1216321364045143,0.023264194183061,0.0171895387192329,0.0088113202239411
low_0p300,step_c,522,522,5.22,hip_yaw=0.1224,-0.0932812318205833,0.1224279999732971,0.0220510047209236,0.0161379017251459,0.008768335510213
low_0p300,step_c,523,523,5.23,hip_yaw=0.1232,-0.094046264886856,0.123214416205883,0.0208568159943384,0.0151020219092279,0.0087247794278141
low_0p300,step_c,524,524,5.24,hip_yaw=0.1240,-0.0948027670383453,0.1239908337593078,0.019682625130009,0.0140827610646174,0.008680683621746
low_0p300,step_c,525,525,5.25,hip_yaw=0.1248,-0.0955501943826675,0.1247567385435104,0.0185294152506551,0.0130809662342748,0.0086360806404706
low_0p300,step_c,526,526,5.26,hip_yaw=0.1255,-0.0962880104780197,0.1255115866661071,0.0173981564461125,0.0120974813329626,0.0085910054185155
low_0p300,step_c,527,527,5.2700000000000005,hip_yaw=0.1263,-0.0970156714320182,0.1262548863887787,0.0162898022895237,0.0111331329783353,0.008545491132887
low_0p300,step_c,528,528,5.28,hip_yaw=0.1270,-0.0977326557040214,0.1269861310720443,0.015205289051927,0.0101887325579853,0.0084995720483127
low_0p300,step_c,529,529,5.29,hip_yaw=0.1277,-0.098438449203968,0.1277048140764236,0.0141455378103015,0.0092650803822506,0.0084532830643849
low_0p300,step_c,530,530,5.3,hip_yaw=0.1284,-0.0991325452923774,0.1284104734659195,0.0131114515346788,0.0083629610607905,0.008406658839137
low_0p300,step_c,531,531,5.3100000000000005,hip_yaw=0.1291,-0.0998144447803497,0.1291026473045349,0.0121039137323441,0.0074831451693234,0.008359732907895
low_0p300,step_c,532,532,5.32,hip_yaw=0.1298,-0.1004836708307266,0.1297808587551117,0.0111237898457771,0.0066263854259712,0.0083125405803484
low_0p300,step_c,533,533,5.33,hip_yaw=0.1304,-0.1011397466063499,0.1304446905851364,0.0101719246648804,0.0057934203703938,0.0082651186125007
low_0p300,step_c,534,534,5.34,hip_yaw=0.1311,-0.1017822176218032,0.1310937106609344,0.0092491432232947,0.0049849709639784,0.0082175006469
low_0p300,step_c,535,535,5.3500000000000005,hip_yaw=0.1317,-0.1024106442928314,0.1317274868488311,0.0083562484198218,0.0042017389220882,0.0081697220985265
low_0p300,step_c,536,536,5.36,hip_yaw=0.1323,-0.1030245870351791,0.1323456615209579,0.0074940210812976,0.0034444094107178,0.0081218168730707
low_0p300,step_c,537,537,5.37,hip_yaw=0.1329,-0.1036236360669136,0.1329478323459625,0.0066632195796599,0.002713645182234,0.0080738196568668
low_0p300,step_c,538,538,5.38,hip_yaw=0.1335,-0.1042073890566825,0.1335336416959762,0.0058645805450719,0.0020100987030884,0.0080257641822584
low_0p300,step_c,539,539,5.39,hip_yaw=0.1341,-0.1047754660248756,0.1341027468442917,0.0050988145868915,0.001334395285605,0.0079776835782006
low_0p300,step_c,540,540,5.4,hip_yaw=0.1347,-0.1053274944424629,0.1346548199653625,0.0043666074678298,0.0006871351740534,0.0079296106180068
low_0p300,step_c,541,541,5.41,hip_yaw=0.1352,-0.1058631315827369,0.1351895481348037,0.0036686212897531,6.890568956954069e-05,0.0078815798027004
low_0p300,step_c,542,542,5.42,hip_yaw=0.1357,-0.1063820421695709,0.1357066482305526,0.0030054934851142,-0.000519727172972,0.0078336236408764
low_0p300,step_c,543,543,5.43,hip_yaw=0.1362,-0.1068839132785797,0.1362058520317077,0.0023778335839156,-0.0010782208854867,0.0077857752393444
low_0p300,step_c,544,544,5.44,hip_yaw=0.1367,-0.10736845433712,0.1366868913173675,0.0017862239307716,-0.0016060564476741,0.0077380660507872
low_0p300,step_c,545,545,5.45,hip_yaw=0.1371,-0.1078353822231292,0.1371495425701141,0.0012312193639335,-0.0021027419555348,0.0076905253463541
low_0p300,step_c,546,546,5.46,hip_yaw=0.1376,-0.108284443616867,0.1375935971736908,0.0007133479558905,-0.0025678053932852,0.007643183605964
low_0p300,step_c,547,547,5.47,hip_yaw=0.1380,-0.1087154075503349,0.138018861413002,0.000233109882659,-0.0030007948222734,0.0075960715771571
low_0p300,step_c,548,548,5.48,hip_yaw=0.1384,-0.1091280430555343,0.1384251564741134,-0.0002090229281055,-0.0034012814303095,0.007549216721813
low_0p300,step_c,549,549,5.49,hip_yaw=0.1388,-0.109522171318531,0.1388123333454132,-0.0006126107301401,-0.0037688693949961,0.0075026475305493
low_0p300,step_c,550,550,5.5,hip_yaw=0.1392,-0.10989760607481,0.1391802728176117,-0.0009772434822158,-0.0041031895021985,0.0074563939248027
low_0p300,step_c,551,551,5.51,hip_yaw=0.1395,-0.1102541983127594,0.1395288556814193,-0.0013025371135391,-0.0044038902872432,0.0074104826668653
low_0p300,step_c,552,552,5.5200000000000005,hip_yaw=0.1399,-0.1105918139219284,0.1398580074310302,-0.0015881389663436,-0.0046706434072404,0.0073649390047058
low_0p300,step_c,553,553,5.53,hip_yaw=0.1402,-0.1109103411436081,0.1401676535606384,-0.0018337297520385,-0.0049031536231285,0.0073197873776902
low_0p300,step_c,554,554,5.54,hip_yaw=0.1405,-0.1112096905708313,0.1404577493667602,-0.0020390204996358,-0.0051011533805401,0.0072750516729234
low_0p300,step_c,555,555,5.55,hip_yaw=0.1407,-0.111489787697792,0.1407282650470733,-0.0022037525192083,-0.0052643975036759,0.0072307559734987
low_0p300,step_c,556,556,5.5600000000000005,hip_yaw=0.1410,-0.1117505878210067,0.1409792155027389,-0.0023276973917709,-0.0053926639150335,0.0071869242213184
low_0p300,step_c,557,557,5.57,hip_yaw=0.1412,-0.111992061138153,0.141210600733757,-0.0024106622484417,-0.0054857688596654,0.0071435781398674
low_0p300,step_c,558,558,5.58,hip_yaw=0.1414,-0.1122142150998115,0.1414224803447723,-0.0024524847894205,-0.0055435508854284,0.007100737863391
low_0p300,step_c,559,559,5.59,hip_yaw=0.1416,-0.1124170571565628,0.1416148990392685,-0.0024530323413333,-0.0055658701435844,0.0070584243418385
low_0p300,step_c,560,560,5.6000000000000005,hip_yaw=0.1418,-0.1126006320118904,0.1417879462242126,-0.0024122087427573,-0.0055526225222278,0.0070166577903744
low_0p300,step_c,561,561,5.61,hip_yaw=0.1419,-0.1127649918198585,0.1419417411088943,-0.0023299493247408,-0.0055037333438567,0.0069754559855951
low_0p300,step_c,562,562,5.62,hip_yaw=0.1421,-0.1129102185368537,0.1420763731002807,-0.0022062207462105,-0.005419152053444,0.0069348344704641
low_0p300,step_c,563,563,5.63,hip_yaw=0.1422,-0.1130364090204238,0.1421920359134674,-0.0020410226246163,-0.0052988544583892,0.006894809956202
low_0p300,step_c,564,564,5.64,hip_yaw=0.1423,-0.113143689930439,0.1422888487577438,-0.0018343874559367,-0.0051428447556238,0.0068553996227191
low_0p300,step_c,565,565,5.65,hip_yaw=0.1424,-0.113232210278511,0.1423670202493667,-0.0015863836799295,-0.0049511652474942,0.006816618305924
low_0p300,step_c,566,566,5.66,hip_yaw=0.1424,-0.1133021190762519,0.1424267292022705,-0.0012971086435002,-0.004723876646472,0.0067784795929128
low_0p300,step_c,567,567,5.67,hip_yaw=0.1425,-0.1133535951375961,0.1424682289361953,-0.0009666928087719,-0.0044610665342841,0.0067409955764695
low_0p300,step_c,568,568,5.68,hip_yaw=0.1425,-0.1133868545293808,0.1424917429685592,-0.0005953047331835,-0.0041628655776256,0.0067041783148997
low_0p300,step_c,569,569,5.69,hip_yaw=0.1425,-0.1134020984172821,0.1424975395202636,-0.0001831389434445,-0.0038294173150885,0.0066680403038597
low_0p300,step_c,570,570,5.7,hip_yaw=0.1425,-0.1133995726704597,0.14248588681221,0.0002695748936224,-0.0034608972352228,0.0066325898723571
low_0p300,step_c,571,571,5.71,hip_yaw=0.1425,-0.113379530608654,0.1424570679664611,0.0007625711862703,-0.0030575198494049,0.0065978371459056
low_0p300,step_c,572,572,5.72,hip_yaw=0.1424,-0.113342247903347,0.1424114108085632,0.0012955569532394,-0.0026195152917915,0.006563792066546
low_0p300,step_c,573,573,5.73,hip_yaw=0.1423,-0.1132880076766014,0.1423492282629013,0.001868204741427,-0.0021471445077824,0.0065304619085036
low_0p300,step_c,574,574,5.74,hip_yaw=0.1423,-0.1132171228528022,0.142270877957344,0.002480153591896,-0.0016407035169396,0.0064978534475639
low_0p300,step_c,575,575,5.75,hip_yaw=0.1422,-0.1131299063563346,0.1421766877174377,0.0031310138145077,-0.0011005091549608,0.00646597429832
low_0p300,step_c,576,576,5.76,hip_yaw=0.1421,-0.1130266934633255,0.1420670449733734,0.0038203625585842,-0.0005269077418335,0.0064348292239968
low_0p300,step_c,577,577,5.7700000000000005,hip_yaw=0.1419,-0.1129078418016433,0.1419423371553421,0.0045477467803582,7.972884862575764e-05,0.0064044222133969
low_0p300,step_c,578,578,5.78,hip_yaw=0.1418,-0.1127737089991569,0.1418029516935348,0.0053126804725182,0.0007189970903335,0.0063747581993618
low_0p300,step_c,579,579,5.79,hip_yaw=0.1416,-0.1126246750354766,0.1416492909193039,0.0061146473455985,0.0013904636762008,0.0063458403668568
low_0p300,step_c,580,580,5.8,hip_yaw=0.1415,-0.1124611273407936,0.1414817869663238,0.0069531049186841,0.0020936825644249,0.0063176708304677
low_0p300,step_c,581,581,5.8100000000000005,hip_yaw=0.1413,-0.1122834682464599,0.1413008719682693,0.0078274765357065,0.0028281695118501,0.006290251008388
low_0p300,step_c,582,582,5.82,hip_yaw=0.1411,-0.1120921075344085,0.1411069631576538,0.0087371561403662,0.0035934146585202,0.006263582652145
low_0p300,step_c,583,583,5.83,hip_yaw=0.1409,-0.111887477338314,0.1409005373716354,0.0096815127524883,0.0043888929096355,0.0062376662653917
low_0p300,step_c,584,584,5.84,hip_yaw=0.1407,-0.1116700023412704,0.1406820565462112,0.0106598827104494,0.0052140420087375,0.0062125026357577
low_0p300,step_c,585,585,5.8500000000000005,hip_yaw=0.1405,-0.1114401295781135,0.140451967716217,0.0116715745830523,0.0060682768945326,0.00618809154955
low_0p300,step_c,586,586,5.86,hip_yaw=0.1402,-0.1111983135342598,0.140210747718811,0.0127158738794292,0.0069509986653006,0.0061644310147568
low_0p300,step_c,587,587,5.87,hip_yaw=0.1400,-0.1109450012445449,0.1399588882923126,0.0137920339506097,0.0078615727482145,0.0061415191738893
low_0p300,step_c,588,588,5.88,hip_yaw=0.1397,-0.1106806620955467,0.13969686627388,0.0148992832922173,0.0087993426845011,0.0061193528340141
low_0p300,step_c,589,589,5.89,hip_yaw=0.1394,-0.1104057729244232,0.1394251883029937,0.0160368276111039,0.0097636354086143,0.0060979302510573
low_0p300,step_c,590,590,5.9,hip_yaw=0.1391,-0.110120803117752,0.1391443461179733,0.017203844150472,0.0107537537217999,0.0060772486845214
low_0p300,step_c,591,591,5.91,hip_yaw=0.1389,-0.1098262369632721,0.138854831457138,0.0183994859314658,0.0117689784187775,0.0060573019973515
low_0p300,step_c,592,592,5.92,hip_yaw=0.1386,-0.1095225661993026,0.1385571658611297,0.0196228815838287,0.0128085632198166,0.0060380869287917
low_0p300,step_c,593,593,5.93,hip_yaw=0.1383,-0.1092102825641632,0.1382518410682678,0.0208731383793641,0.0138717473175982,0.0060195991090919
low_0p300,step_c,594,594,5.94,hip_yaw=0.1379,-0.1088898703455925,0.137939378619194,0.0221493407497222,0.0149577508630832,0.0060018323982964
low_0p300,step_c,595,595,5.95,hip_yaw=0.1376,-0.1085618212819099,0.1376202851533889,0.0234505493862338,0.0160657733725317,0.0059847808983465
low_0p300,step_c,596,596,5.96,hip_yaw=0.1373,-0.1082266420125961,0.1372950673103332,0.0247758042268132,0.0171949925984284,0.0059684382784051
low_0p300,step_c,597,597,5.97,hip_yaw=0.1370,-0.107884831726551,0.1369642317295074,0.0261241252414187,0.0183445685992589,0.0059527987112192
low_0p300,step_c,598,598,5.98,hip_yaw=0.1366,-0.1075368747115135,0.1366283148527145,0.0274945139784809,0.0195136483389153,0.005937854235009
low_0p300,step_c,599,599,5.99,hip_yaw=0.1363,-0.1071832850575447,0.1362877935171127,0.028885951435064,0.0207013602274972,0.0059235964553546
low_0p300,step_c,600,600,6.0,hip_yaw=0.1359,-0.1068245470523834,0.1359431892633438,0.0302974001831228,0.0219068129748446,0.0059100195200756
low_0p300,step_c,601,601,6.01,hip_yaw=0.1356,-0.1064611598849296,0.1355950087308883,0.0317278065552661,0.0231291042145594,0.0058971158343665
low_0p300,step_c,602,602,6.0200000000000005,hip_yaw=0.1352,-0.1060936227440834,0.135243758559227,0.0331761003394077,0.0243673177891876,0.0058848758802794
low_0p300,step_c,603,603,6.03,hip_yaw=0.1349,-0.1057224199175834,0.134889930486679,0.0346411939379331,0.0256205178310298,0.0058732897021791
low_0p300,step_c,604,604,6.04,hip_yaw=0.1345,-0.1053480431437492,0.134534016251564,0.036121986616533,0.0268877611630711,0.0058623498347584
low_0p300,step_c,605,605,6.05,hip_yaw=0.1342,-0.1049709767103195,0.1341765075922012,0.0376173635838644,0.0281680895338718,0.005852046520928
low_0p300,step_c,606,606,6.0600000000000005,hip_yaw=0.1338,-0.1045916974544525,0.1338179111480713,0.0391261955634806,0.0294605325307348,0.0058423703977102
low_0p300,step_c,607,607,6.07,hip_yaw=0.1335,-0.1042106822133064,0.1334586888551712,0.0406473424740536,0.0307641110251018,0.0058333096123247
low_0p300,step_c,608,608,6.08,hip_yaw=0.1331,-0.1038284003734588,0.1330993175506591,0.0421796516879936,0.0320778346483891,0.0058248546899064
low_0p300,step_c,609,609,6.09,hip_yaw=0.1327,-0.103445328772068,0.1327402591705322,0.0437219609816465,0.033400704607499,0.0058169967195153
low_0p300,step_c,610,610,6.1000000000000005,hip_yaw=0.1324,-0.1030619069933891,0.1323819905519485,0.0452730978480998,0.0347317121244701,0.0058097234376676
low_0p300,step_c,611,611,6.11,hip_yaw=0.1320,-0.1026786044239997,0.1320249587297439,0.0468318815914105,0.0360698425964225,0.0058030229386448
low_0p300,step_c,612,612,6.12,hip_yaw=0.1317,-0.1022958680987358,0.1316696107387542,0.0483971226889437,0.0374140696286932,0.0057968860755105
low_0p300,step_c,613,613,6.13,hip_yaw=0.1313,-0.1019141376018524,0.1313163936138153,0.0499676269343522,0.0387633687417733,0.005791301862904
low_0p300,step_c,614,614,6.140000000000001,hip_yaw=0.1310,-0.1015338376164436,0.1309657394886016,0.051542193889348,0.0401167083891923,0.005786257623394
low_0p300,step_c,615,615,6.15,hip_yaw=0.1306,-0.101155400276184,0.1306180655956268,0.0531196145433185,0.041473044274368,0.0057817418737479
low_0p300,step_c,616,616,6.16,hip_yaw=0.1303,-0.1007792502641677,0.1302738040685653,0.0546986807034949,0.0428313365053651,0.0057777418937301
low_0p300,step_c,617,617,6.17,hip_yaw=0.1299,-0.1004057824611663,0.1299333423376083,0.0562781790793487,0.0441905408689932,0.0057742463286234
low_0p300,step_c,618,618,6.18,hip_yaw=0.1296,-0.1000354215502739,0.1295970976352691,0.0578568942789862,0.0455496082497286,0.0057712439700691
low_0p300,step_c,619,619,6.19,hip_yaw=0.1293,-0.0996685400605201,0.1292654424905777,0.0594336110226807,0.0469074961625179,0.0057687214014006
low_0p300,step_c,620,620,6.2,hip_yaw=0.1289,-0.0993055328726768,0.1289387643337249,0.061007112982383,0.0482631557046199,0.0057666636436943
low_0p300,step_c,621,621,6.21,hip_yaw=0.1286,-0.0989467725157737,0.1286174356937408,0.0625761835482731,0.0496155362836013,0.0057650608245054
low_0p300,step_c,622,622,6.22,hip_yaw=0.1283,-0.0985926315188407,0.1283018290996551,0.0641396113371592,0.0509635975053467,0.0057639000565221
low_0p300,step_c,623,623,6.23,hip_yaw=0.1280,-0.0982434675097465,0.1279922723770141,0.0656961845015587,0.0523062925129214,0.0057631678825766
low_0p300,step_c,624,624,6.24,hip_yaw=0.1277,-0.0978996306657791,0.1276891380548477,0.0672446952048088,0.0536425788922992,0.005762850946615
low_0p300,step_c,625,625,6.25,hip_yaw=0.1274,-0.0975614562630653,0.1273927390575409,0.0687839443364117,0.0549714256028734,0.00576293608049
low_0p300,step_c,626,626,6.26,hip_yaw=0.1271,-0.0972292870283126,0.1271033883094787,0.0703127346765539,0.0562918010300261,0.0057634101966119
low_0p300,step_c,627,627,6.2700000000000005,hip_yaw=0.1268,-0.0969034284353256,0.1268214285373687,0.0718298747929215,0.0576026744387566,0.0057642592964007
low_0p300,step_c,628,628,6.28,hip_yaw=0.1265,-0.0965842083096504,0.1265471279621124,0.0733341829347616,0.05890302322493,0.0057654691912349
low_0p300,step_c,629,629,6.29,hip_yaw=0.1263,-0.0962719172239303,0.1262808144092559,0.0748244904292328,0.0601918467403734,0.005767027064406
low_0p300,step_c,630,630,6.3,hip_yaw=0.1260,-0.0959668532013893,0.1260227411985397,0.0762996321800981,0.0614681368437558,0.0057689181440718
low_0p300,step_c,631,631,6.3100000000000005,hip_yaw=0.1258,-0.0956692993640899,0.1257732063531875,0.0777584505667323,0.0627308853917615,0.0057711277140911
low_0p300,step_c,632,632,6.32,hip_yaw=0.1255,-0.0953795239329338,0.1255324482917785,0.079199812109786,0.0639791244961031,0.0057736424108052
low_0p300,step_c,633,633,6.33,hip_yaw=0.1253,-0.0950978100299835,0.1253007352352142,0.0806225869049681,0.065211877956032,0.0057764508568247
low_0p300,step_c,634,634,6.34,hip_yaw=0.1251,-0.0948243960738182,0.1250783056020736,0.0820256543927819,0.0664281694989754,0.0057795369077495
low_0p300,step_c,635,635,6.3500000000000005,hip_yaw=0.1249,-0.0945595353841781,0.1248653903603553,0.0834079195578441,0.0676270576739302,0.0057828867074189
low_0p300,step_c,636,636,6.36,hip_yaw=0.1247,-0.0943034663796424,0.1246622130274772,0.0847682957981852,0.0688076044293843,0.0057864858780452
low_0p300,step_c,637,637,6.37,hip_yaw=0.1245,-0.0940564051270484,0.1244689971208572,0.0861057119386942,0.0699688774675214,0.0057903186655019
low_0p300,step_c,638,638,6.38,hip_yaw=0.1243,-0.093818575143814,0.1242859289050102,0.0874191186144919,0.0711099727070111,0.0057943715528556
low_0p300,step_c,639,639,6.390000000000001,hip_yaw=0.1241,-0.0935901924967765,0.1241132095456123,0.0887074827317809,0.0722299965782174,0.005798631354431
low_0p300,step_c,640,640,6.4,hip_yaw=0.1240,-0.0933714509010315,0.1239510178565979,0.0899697856171339,0.0733280619657972,0.0058030826531373
low_0p300,step_c,641,641,6.41,hip_yaw=0.1238,-0.0931625440716743,0.1237995401024818,0.0912050340376041,0.0744033093773158,0.0058077103804358
low_0p300,step_c,642,642,6.42,hip_yaw=0.1237,-0.0929636433720588,0.1236589401960372,0.0924122560172905,0.0754548990360882,0.0058125002114754
low_0p300,step_c,643,643,6.43,hip_yaw=0.1235,-0.0927749276161193,0.1235293671488761,0.0935904963838115,0.0764819997360143,0.0058174376216132
low_0p300,step_c,644,644,6.44,hip_yaw=0.1234,-0.0925965681672096,0.1234109699726104,0.0947388249784496,0.077483802675029,0.0058225080097432
low_0p300,step_c,645,645,6.45,hip_yaw=0.1233,-0.0924287140369415,0.1233038902282714,0.0958563345913621,0.0784595204072567,0.0058276983081409
low_0p300,step_c,646,646,6.46,hip_yaw=0.1232,-0.092271514236927,0.1232082545757293,0.0969421424912878,0.0794083865648727,0.0058329925713962
low_0p300,step_c,647,647,6.47,hip_yaw=0.1231,-0.0921251028776168,0.123124174773693,0.0979953877284823,0.0803296481537471,0.0058383768449925
low_0p300,step_c,648,648,6.48,hip_yaw=0.1231,-0.0919896215200424,0.1230517774820327,0.0990152392060358,0.0812225833624624,0.0058438365707883
low_0p300,step_c,649,649,6.49,hip_yaw=0.1230,-0.091865174472332,0.1229911595582962,0.1000008904145331,0.0820864918569491,0.0058493563710408
low_0p300,step_c,650,650,6.5,hip_yaw=0.1229,-0.0917518958449363,0.1229424253106117,0.1009515520977248,0.0829206655420424,0.0058549217383495
low_0p300,step_c,651,651,6.51,hip_yaw=0.1229,-0.0916525274515152,0.1229084581136703,0.1018600802157873,0.0837068481368291,0.0058605326533153
low_0p300,step_c,652,652,6.5200000000000005,hip_yaw=0.1229,-0.0915691033005714,0.1228913739323616,0.1027171770379608,0.0844211711391615,0.0058661760548647
low_0p300,step_c,653,653,6.53,hip_yaw=0.1229,-0.0914997979998588,0.1228890866041183,0.103528201298158,0.0850732425936444,0.0058718693320283
low_0p300,step_c,654,654,6.54,hip_yaw=0.1229,-0.0914438664913177,0.1229007244110107,0.1042959707395252,0.0856728041467801,0.0058776249241754
low_0p300,step_c,655,655,6.55,hip_yaw=0.1229,-0.091401994228363,0.1229270175099372,0.1050173580962827,0.0862139226760395,0.0058834196618358
low_0p300,step_c,656,656,6.5600000000000005,hip_yaw=0.1230,-0.0913736894726753,0.1229674592614173,0.1056932756655812,0.0866982323490034,0.0058892352993789
low_0p300,step_c,657,657,6.57,hip_yaw=0.1230,-0.0913583859801292,0.1230213940143585,0.1063255722218292,0.0871314783946097,0.0058950617842162
low_0p300,step_c,658,658,6.58,hip_yaw=0.1231,-0.0913561284542083,0.1230888813734054,0.1069136318993723,0.0875136928945687,0.0059008800307298
low_0p300,step_c,659,659,6.59,hip_yaw=0.1232,-0.0913667380809784,0.1231697350740432,0.1074575476457218,0.0878455888753533,0.0059066693701131
low_0p300,step_c,660,660,6.6000000000000005,hip_yaw=0.1233,-0.09138984978199,0.1232635378837585,0.1079582892357519,0.0881303263877536,0.0059124137597496
low_0p300,step_c,661,661,6.61,hip_yaw=0.1234,-0.0914252996444702,0.1233701109886169,0.1084160771652275,0.0883695228352555,0.0059180964334864
low_0p300,step_c,662,662,6.62,hip_yaw=0.1235,-0.0914729237556457,0.1234892904758453,0.1088310689210736,0.0885642574063837,0.0059236969480889
low_0p300,step_c,663,663,6.63,hip_yaw=0.1236,-0.0915324538946151,0.1236207857728004,0.1092038517465931,0.0887165790326319,0.0059291975491493
low_0p300,step_c,664,664,6.640000000000001,hip_yaw=0.1238,-0.0916036888957023,0.1237643510103225,0.1095348632364525,0.0888282784722342,0.0059345790741293
low_0p300,step_c,665,665,6.65,hip_yaw=0.1239,-0.0916864424943924,0.1239197999238967,0.1098244240982804,0.0889007160334918,0.0059398241605876
low_0p300,step_c,666,666,6.66,hip_yaw=0.1241,-0.0917804986238479,0.1240868791937828,0.1100730202404626,0.0889355372692697,0.0059449154799188
low_0p300,step_c,667,667,6.67,hip_yaw=0.1243,-0.0918856412172317,0.1242653653025627,0.110281138629535,0.088934381064084,0.005949835883254
low_0p300,step_c,668,668,6.68,hip_yaw=0.1245,-0.0920016914606094,0.1244550496339798,0.1104492079182066,0.0888986767892346,0.0059545671239253
low_0p300,step_c,669,669,6.69,hip_yaw=0.1247,-0.0921284407377243,0.1246556937694549,0.1105777213940194,0.0888299082829953,0.0059590909913247
low_0p300,step_c,670,670,6.7,hip_yaw=0.1249,-0.0922656953334808,0.124867096543312,0.110667188478397,0.0887295625419496,0.0059633930996455
low_0p300,step_c,671,671,6.71,hip_yaw=0.1251,-0.0924132615327835,0.1250890344381332,0.110718109179812,0.0885990356278494,0.005967456584899
low_0p300,step_c,672,672,6.72,hip_yaw=0.1253,-0.0925709530711174,0.1253212839365005,0.1107309958613803,0.0884396850637947,0.0059712630977075
low_0p300,step_c,673,673,6.73,hip_yaw=0.1256,-0.092738576233387,0.1255636662244796,0.1107063843516587,0.0882528687963762,0.0059747975653563
low_0p300,step_c,674,674,6.74,hip_yaw=0.1258,-0.0929159596562385,0.1258159577846527,0.1106448165064004,0.0880399046657375,0.0059780443010922
low_0p300,step_c,675,675,6.75,hip_yaw=0.1261,-0.0931029170751571,0.1260779500007629,0.110546834103743,0.0878020575062495,0.0059809888112262
low_0p300,step_c,676,676,6.76,hip_yaw=0.1263,-0.0932992696762085,0.1263494342565536,0.110412995833618,0.0875405755011214,0.0059836150578967
low_0p300,step_c,677,677,6.7700000000000005,hip_yaw=0.1266,-0.0935048386454582,0.1266302466392517,0.1102438661735285,0.0872566736257078,0.0059859084121975
low_0p300,step_c,678,678,6.78,hip_yaw=0.1269,-0.0937194600701332,0.126920148730278,0.1100400132569727,0.0869515269498168,0.0059878539265549
low_0p300,step_c,679,679,6.79,hip_yaw=0.1272,-0.0939429476857185,0.1272189915180206,0.1098020187725706,0.0866262961627377,0.0059894384481265
low_0p300,step_c,680,680,6.8,hip_yaw=0.1275,-0.0941751450300216,0.1275265514850616,0.1095304620989703,0.0862820950904463,0.0059906472658728
low_0p300,step_c,681,681,6.8100000000000005,hip_yaw=0.1278,-0.0944158807396888,0.1278426498174667,0.1092259268967274,0.0859200052316999,0.0059914659349065
low_0p300,step_c,682,682,6.82,hip_yaw=0.1282,-0.094664990901947,0.1281670928001403,0.1088890044827609,0.0855410836048376,0.0059918821227154
low_0p300,step_c,683,683,6.83,hip_yaw=0.1285,-0.0949223116040229,0.1284997165203094,0.1085202877912818,0.0851463573395343,0.0059918840330221
low_0p300,step_c,684,684,6.84,hip_yaw=0.1288,-0.0951876863837242,0.1288403272628784,0.1081203804225078,0.0847368414285277,0.0059914590009169
low_0p300,step_c,685,685,6.8500000000000005,hip_yaw=0.1292,-0.0954609587788581,0.1291887313127517,0.1076898747975344,0.084313491864972,0.0059905941598602
low_0p300,step_c,686,686,6.86,hip_yaw=0.1295,-0.0957419574260711,0.1295447796583175,0.1072293648033004,0.0838772336198147,0.0059892789013703
low_0p300,step_c,687,687,6.87,hip_yaw=0.1299,-0.0960305407643318,0.1299082785844802,0.1067394660052279,0.0834290123252181,0.0059875028446262
low_0p300,step_c,688,688,6.88,hip_yaw=0.1303,-0.0963265523314476,0.1302790492773056,0.1062207726500873,0.0829697002375276,0.0059852546009223
low_0p300,step_c,689,689,6.890000000000001,hip_yaw=0.1307,-0.0966298356652259,0.1306569278240203,0.1056738761089248,0.0825001301280787,0.0059825238770861
low_0p300,step_c,690,690,6.9,hip_yaw=0.1310,-0.0969402343034744,0.1310417354106903,0.1050993940386988,0.0820211683338447,0.0059793011259058
low_0p300,step_c,691,691,6.91,hip_yaw=0.1314,-0.0972576141357421,0.1314333230257034,0.10449792007967,0.0815336089743007,0.005975576629449
low_0p300,step_c,692,692,6.92,hip_yaw=0.1318,-0.0975818186998367,0.1318314969539642,0.1038700447228552,0.0810382141852064,0.005971340885256
low_0p300,step_c,693,693,6.93,hip_yaw=0.1322,-0.0979126915335655,0.1322361081838607,0.1032163774622389,0.0805357636534405,0.005966587179146
low_0p300,step_c,694,694,6.94,hip_yaw=0.1326,-0.0982501059770584,0.1326469779014587,0.1025375050942911,0.0800269741842797,0.0059613075433385
low_0p300,step_c,695,695,6.95,hip_yaw=0.1331,-0.0985940843820571,0.1330637484788894,0.101834014019245,0.0795125412890737,0.0059556278221943
low_0p300,step_c,696,696,6.96,hip_yaw=0.1335,-0.0989456847310066,0.1334846764802932,0.1011065037648502,0.0789932076885171,0.0059504739284999
low_0p300,step_c,697,697,6.97,hip_yaw=0.1339,-0.0993054509162902,0.1339084506034851,0.1003555575140338,0.0784695042356045,0.005946449132373
low_0p300,step_c,698,698,6.98,hip_yaw=0.1343,-0.0996731296181678,0.1343344300985336,0.0995817694559595,0.0779417766455263,0.0059435866668095
low_0p300,step_c,699,699,6.99,hip_yaw=0.1348,-0.1000494807958602,0.1347634047269821,0.0987830171600047,0.0774029514092013,0.0059418383643662
low_0p300,step_c,700,700,7.0,hip_yaw=0.1352,-0.1004359498620033,0.1351969391107559,0.0979535107137903,0.0768362179093971,0.0059411282161726
low_0p300,step_c,701,701,7.01,hip_yaw=0.1356,-0.1008323729038238,0.1356348693370819,0.0970924656991167,0.0762356826160785,0.0059413834457562
low_0p300,step_c,702,702,7.0200000000000005,hip_yaw=0.1361,-0.1012377887964248,0.1360761672258377,0.0962035331925248,0.0756079052676778,0.0059425425533106
low_0p300,step_c,703,703,7.03,hip_yaw=0.1365,-0.1016521677374839,0.1365208476781845,0.095287055264676,0.0749533446845718,0.0059445319921325
low_0p300,step_c,704,704,7.04,hip_yaw=0.1370,-0.10207549482584,0.1369690001010894,0.0943428036199491,0.0742697521039667,0.0059472681771505
low_0p300,step_c,705,705,7.05,hip_yaw=0.1374,-0.1025073677301406,0.1374202668666839,0.0933724118668303,0.0735592871977022,0.005950675299655
low_0p300,step_c,706,706,7.0600000000000005,hip_yaw=0.1379,-0.1029476001858711,0.1378745436668396,0.0923768815278519,0.0728234050135012,0.0059546789640561
low_0p300,step_c,707,707,7.07,hip_yaw=0.1383,-0.1033960953354835,0.1383318305015564,0.0913566070902044,0.0720618181246376,0.0059592049883571
low_0p300,step_c,708,708,7.08,hip_yaw=0.1388,-0.1038526445627212,0.1387919634580612,0.0903125884573848,0.0712754720189786,0.0059641844230226
low_0p300,step_c,709,709,7.09,hip_yaw=0.1393,-0.1043170392513275,0.1392548233270645,0.0892458506299924,0.07046562150152,0.0059695520047942
low_0p300,step_c,710,710,7.1000000000000005,hip_yaw=0.1397,-0.1047891229391098,0.1397203356027603,0.0881571340286759,0.0696328239172348,0.0059752421524032
low_0p300,step_c,711,711,7.11,hip_yaw=0.1402,-0.1052687093615531,0.1401883512735366,0.0870473291626968,0.068777860748609,0.0059811956911843
low_0p300,step_c,712,712,7.12,hip_yaw=0.1407,-0.1057555973529815,0.1406587660312652,0.0859174183820112,0.0679017793065897,0.0059873547401897
low_0p300,step_c,713,713,7.13,hip_yaw=0.1411,-0.1062495931982994,0.1411314159631729,0.0847682925196622,0.0670054146240584,0.0059936650675024
low_0p300,step_c,714,714,7.140000000000001,hip_yaw=0.1416,-0.1067505180835723,0.1416062116622924,0.0836008705940712,0.066089605888354,0.0060000744484236
low_0p300,step_c,715,715,7.15,hip_yaw=0.1421,-0.1072581484913826,0.1420829594135284,0.0824161330795297,0.0651553221828626,0.0060065326773135
low_0p300,step_c,716,716,7.16,hip_yaw=0.1426,-0.1077722907066345,0.1425615400075912,0.0812150412532419,0.0642034871002507,0.0060129954295263
low_0p300,step_c,717,717,7.17,hip_yaw=0.1430,-0.1082927286624908,0.1430417895317077,0.0799985654164784,0.0632350094730908,0.0060194181511905
low_0p300,step_c,718,718,7.18,hip_yaw=0.1435,-0.1088192462921142,0.1435235291719436,0.0787677043441121,0.0622508427456976,0.0060257591608092
low_0p300,step_c,719,719,7.19,hip_yaw=0.1440,-0.1093516200780868,0.1440065950155258,0.0775234635137874,0.0612519468561723,0.0060319810133461
low_0p300,step_c,720,720,7.2,hip_yaw=0.1445,-0.1098896339535713,0.1444908231496811,0.076266857375242,0.0602392764898068,0.0060380495368241
low_0p300,step_c,721,721,7.21,hip_yaw=0.1450,-0.1104330569505691,0.1449760049581527,0.0749989100264858,0.0592137940355282,0.0060439293292727
low_0p300,step_c,722,722,7.22,hip_yaw=0.1455,-0.1109816506505012,0.1454619616270065,0.073720659377064,0.0581764743676501,0.0060495900412581
low_0p300,step_c,723,723,7.23,hip_yaw=0.1459,-0.1115351766347885,0.1459484845399856,0.0724331526503869,0.0571283028920923,0.0060550038651063
low_0p300,step_c,724,724,7.24,hip_yaw=0.1464,-0.1120933890342712,0.1464353948831558,0.0711374406759577,0.056070257503408,0.0060601432630456
low_0p300,step_c,725,725,7.25,hip_yaw=0.1469,-0.1126560494303703,0.1469224691390991,0.0698345816336025,0.0550033178796401,0.006064984725384
low_0p300,step_c,726,726,7.26,hip_yaw=0.1474,-0.1132229045033454,0.1474094837903976,0.0685256462173695,0.0539284843712784,0.006069507630973
low_0p300,step_c,727,727,7.2700000000000005,hip_yaw=0.1479,-0.1137936860322952,0.1478962451219558,0.0672117096679536,0.0528467562949967,0.0060736920024755
low_0p300,step_c,728,728,7.28,hip_yaw=0.1484,-0.1143681406974792,0.1483824998140335,0.0658938475991841,0.0517591258945774,0.0060775211547055
low_0p300,step_c,729,729,7.29,hip_yaw=0.1489,-0.114946000277996,0.1488680243492126,0.0645731404313793,0.0506665879519971,0.0060809800156921
low_0p300,step_c,730,730,7.3,hip_yaw=0.1494,-0.1155269891023635,0.1493525952100753,0.0632506724317851,0.0495701372020421,0.0060840539505446
low_0p300,step_c,731,731,7.3100000000000005,hip_yaw=0.1498,-0.1161108314990997,0.1498359590768814,0.0619275331408886,0.0484707800997728,0.0060867317250185
low_0p300,step_c,732,732,7.32,hip_yaw=0.1503,-0.1166972517967224,0.1503178775310516,0.0606048099543866,0.0473695141176297,0.006089002719841
low_0p300,step_c,733,733,7.33,hip_yaw=0.1508,-0.1172859668731689,0.1507980823516845,0.0592835900842836,0.0462673340973824,0.0060908592413314
low_0p300,step_c,734,734,7.34,hip_yaw=0.1513,-0.117876686155796,0.1512763500213623,0.0579649624289556,0.0451652380623895,0.0060922957228883
low_0p300,step_c,735,735,7.3500000000000005,hip_yaw=0.1518,-0.1184691116213798,0.1517523974180221,0.0566500109195035,0.0440642120020235,0.0060933077117476
low_0p300,step_c,736,736,7.36,hip_yaw=0.1522,-0.1190629601478576,0.1522259712219238,0.0553398219928851,0.0429652474606412,0.0060938925018753
low_0p300,step_c,737,737,7.37,hip_yaw=0.1527,-0.1196579188108444,0.1526968032121658,0.0540354769496311,0.0418693349300168,0.0060940482526829
low_0p300,step_c,738,738,7.38,hip_yaw=0.1532,-0.1202536895871162,0.1531646251678466,0.0527380495101734,0.040777450481818,0.0060937738961469
low_0p300,step_c,739,739,7.390000000000001,hip_yaw=0.1536,-0.1208499670028686,0.153629183769226,0.0514486112879156,0.0396905651792619,0.0060930707060089
low_0p300,step_c,740,740,7.4,hip_yaw=0.1541,-0.1214464530348777,0.1540901660919189,0.0501682285524142,0.0386096520054054,0.0060919430417695
low_0p300,step_c,741,741,7.41,hip_yaw=0.1545,-0.1220428198575973,0.154547318816185,0.0488979601488221,0.0375356769884422,0.0060903947873806
low_0p300,step_c,742,742,7.42,hip_yaw=0.1550,-0.1226387619972229,0.1550003737211227,0.0476388536588079,0.0364695838611821,0.0060884318056741
low_0p300,step_c,743,743,7.43,hip_yaw=0.1554,-0.1232339665293693,0.1554490327835083,0.0463919516616945,0.0354123207007984,0.0060860602222012
low_0p300,step_c,744,744,7.44,hip_yaw=0.1559,-0.1238281205296516,0.155893012881279,0.0451582886359124,0.0343648293269647,0.0060832871006739
low_0p300,step_c,745,745,7.45,hip_yaw=0.1563,-0.1244208961725235,0.1563320457935333,0.0439388832283691,0.0333280315969617,0.0060801215944748
low_0p300,step_c,746,746,7.46,hip_yaw=0.1568,-0.1250119805335998,0.1567658483982086,0.0427347474691647,0.0323028458567261,0.0060765731935955
low_0p300,step_c,747,747,7.47,hip_yaw=0.1572,-0.1256010681390762,0.1571941375732422,0.0415468793046918,0.0312901760370477,0.0060726529451336
low_0p300,step_c,748,748,7.48,hip_yaw=0.1576,-0.1261878162622451,0.1576166301965713,0.0403762640107365,0.0302909155293457,0.0060683709792185
low_0p300,step_c,749,749,7.49,hip_yaw=0.1580,-0.1267719268798828,0.1580330431461334,0.0392238735129172,0.0293059470467527,0.0060637411188166
low_0p300,step_c,750,750,7.5,hip_yaw=0.1584,-0.1273530721664428,0.1584430932998657,0.0380906643346029,0.0283361404602699,0.0060587768523928
low_0p300,step_c,751,751,7.51,hip_yaw=0.1588,-0.1279309540987014,0.1588465273380279,0.0369775771343039,0.0273823476239112,0.0060534902248231
low_0p300,step_c,752,752,7.5200000000000005,hip_yaw=0.1592,-0.1285052299499511,0.1592430472373962,0.0358855360875481,0.0264454049223767,0.0060478949605812
low_0p300,step_c,753,753,7.53,hip_yaw=0.1596,-0.129075601696968,0.1596323847770691,0.0348154508521173,0.0255261397670276,0.0060420066857805
low_0p300,step_c,754,754,7.54,hip_yaw=0.1600,-0.1296417564153671,0.1600142866373062,0.0337682116731569,0.0246253648634246,0.0060358405021811
low_0p300,step_c,755,755,7.55,hip_yaw=0.1604,-0.1302033960819244,0.1603884696960449,0.0327446885290256,0.0237438688259354,0.0060294129796207
low_0p300,step_c,756,756,7.5600000000000005,hip_yaw=0.1608,-0.1307602226734161,0.1607546806335449,0.0317457331882099,0.0228824253227166,0.0060227399839548
low_0p300,step_c,757,757,7.57,hip_yaw=0.1611,-0.1313119232654571,0.1611126661300659,0.0307721794279355,0.022041795554953,0.006015838345524
low_0p300,step_c,758,758,7.58,hip_yaw=0.1615,-0.1318581998348236,0.1614621728658676,0.0298248378266163,0.021222718305228,0.0060087231318623
low_0p300,step_c,759,759,7.59,hip_yaw=0.1618,-0.132398784160614,0.1618029624223709,0.0289044980577557,0.0204259123119358,0.0060014118702432
low_0p300,step_c,760,760,7.6000000000000005,hip_yaw=0.1621,-0.1329333633184433,0.1621347665786743,0.0280119284475754,0.0196520816800458,0.0059939219218682
low_0p300,step_c,761,761,7.61,hip_yaw=0.1625,-0.1334616839885711,0.1624573767185211,0.0271478736917597,0.0189019092987847,0.0059862709627431
low_0p300,step_c,762,762,7.62,hip_yaw=0.1628,-0.1339834630489349,0.1627705693244934,0.0263130540998242,0.018176052236214,0.0059784764438833
low_0p300,step_c,763,763,7.63,hip_yaw=0.1631,-0.1344984322786331,0.163074105978012,0.0255081677878078,0.017475150799956,0.0059705546423823
low_0p300,step_c,764,764,7.640000000000001,hip_yaw=0.1634,-0.1350063383579254,0.1633677780628204,0.0247338883515502,0.0167998266888059,0.0059625220254761
low_0p300,step_c,765,765,7.65,hip_yaw=0.1637,-0.1355069279670715,0.1636513918638229,0.0239908624791116,0.0161506763869684,0.0059543960805151
low_0p300,step_c,766,766,7.66,hip_yaw=0.1639,-0.1359999477863311,0.163924753665924,0.0232797111863016,0.015528271081764,0.0059461935240122
low_0p300,step_c,767,767,7.67,hip_yaw=0.1642,-0.1364851742982864,0.1641876548528671,0.0226010302290718,0.0149331624998052,0.0059379305374565
low_0p300,step_c,768,768,7.68,hip_yaw=0.1644,-0.1369623690843582,0.1644399315118789,0.0219553886390913,0.0143658793807211,0.0059296244762924
low_0p300,step_c,769,769,7.69,hip_yaw=0.1647,-0.137431338429451,0.1646814048290252,0.0213433270523153,0.0138269252782679,0.0059212912020694
low_0p300,step_c,770,770,7.7,hip_yaw=0.1649,-0.1378918439149856,0.1649119108915329,0.020765358462354,0.0133167791208264,0.0059129461949452
low_0p300,step_c,771,771,7.71,hip_yaw=0.1651,-0.1383437067270279,0.1651313304901123,0.0202219678278152,0.0128358936755836,0.005904604487088
low_0p300,step_c,772,772,7.72,hip_yaw=0.1653,-0.1387867182493209,0.1653394848108291,0.0197136122220529,0.0123847018283496,0.0058962806570376
low_0p300,step_c,773,773,7.73,hip_yaw=0.1655,-0.139220729470253,0.1655362695455551,0.0192407184657294,0.0119636078245225,0.0058879908266646
low_0p300,step_c,774,774,7.74,hip_yaw=0.1657,-0.1396455466747284,0.1657215505838394,0.0188036831925973,0.0115729868130284,0.0058797492988053
low_0p300,step_c,775,775,7.75,hip_yaw=0.1659,-0.1400610208511352,0.1658952385187149,0.0184028755661929,0.0112131926586786,0.0058715682775768
low_0p300,step_c,776,776,7.76,hip_yaw=0.1661,-0.1404670178890228,0.1660572290420532,0.0180386335989789,0.0108845537520327,0.0058634615613473
low_0p300,step_c,777,777,7.7700000000000005,hip_yaw=0.1662,-0.1408633887767791,0.166207417845726,0.0177112636606541,0.0105873666545806,0.0058554432298925
low_0p300,step_c,778,778,7.78,hip_yaw=0.1663,-0.1412500143051147,0.1663457602262497,0.0174210425401913,0.010321903111324,0.005847525093636
low_0p300,step_c,779,779,7.79,hip_yaw=0.1665,-0.1416267901659011,0.1664721816778183,0.017168216821782,0.0100884125379725,0.0058397179451299
low_0p300,step_c,780,780,7.8,hip_yaw=0.1666,-0.1419936120510101,0.1665866374969482,0.0169529998280511,0.0098871077604019,0.0058320320968572
low_0p300,step_c,781,781,7.8100000000000005,hip_yaw=0.1667,-0.1423503905534744,0.1666890680789947,0.0167755751182137,0.0097181812575557,0.0058244783216261
low_0p300,step_c,782,782,7.82,hip_yaw=0.1668,-0.1426970511674881,0.166779488325119,0.0166360953987701,0.009581799057585,0.0058170664846974
low_0p300,step_c,783,783,7.83,hip_yaw=0.1669,-0.1430335491895675,0.1668578535318374,0.0165346785570165,0.0094780919975413,0.0058098068241781
low_0p300,step_c,784,784,7.84,hip_yaw=0.1669,-0.143359825015068,0.16692416369915,0.0164714131034492,0.0094071670109312,0.0058027062194112
low_0p300,step_c,785,785,7.8500000000000005,hip_yaw=0.1670,-0.1436758339405059,0.1669784486293792,0.0164463565049524,0.0093691054612327,0.0057957706835688
low_0p300,step_c,786,786,7.86,hip_yaw=0.1670,-0.1439815610647201,0.1670207232236862,0.0164595325313997,0.0093639567531667,0.005789009261989
low_0p300,step_c,787,787,7.87,hip_yaw=0.1671,-0.1442769765853881,0.1670510172843933,0.0165109327181046,0.0093917442247711,0.0057824282980336
low_0p300,step_c,788,788,7.88,hip_yaw=0.1671,-0.1445621252059936,0.1670693904161453,0.0166005184177104,0.0094524619649027,0.0057760331516683
low_0p300,step_c,789,789,7.890000000000001,hip_yaw=0.1671,-0.1448369771242141,0.1670758873224258,0.016728217452552,0.0095460764707901,0.0057698291490354
low_0p300,step_c,790,790,7.9,hip_yaw=0.1671,-0.1451015770435333,0.167070597410202,0.0168939262349224,0.0096725253933871,0.0057638213034863
low_0p300,step_c,791,791,7.91,hip_yaw=0.1671,-0.1453559696674347,0.1670535951852798,0.0170975099887898,0.00983171878603,0.0057580126229682
low_0p300,step_c,792,792,7.92,hip_yaw=0.1670,-0.1456001996994018,0.1670249849557876,0.0173388019042259,0.0100235399972073,0.0057524047904713
low_0p300,step_c,793,793,7.930000000000001,hip_yaw=0.1670,-0.1458343267440796,0.1669848561286926,0.0176176032755532,0.0102478434893096,0.0057470012040496
low_0p300,step_c,794,794,7.94,hip_yaw=0.1669,-0.146058440208435,0.1669333428144455,0.0179336837131844,0.010504455792875,0.0057418048332443
low_0p300,step_c,795,795,7.95,hip_yaw=0.1669,-0.1462726145982742,0.166870579123497,0.0182867819343982,0.01079317290462,0.0057368165719878
low_0p300,step_c,796,796,7.96,hip_yaw=0.1668,-0.1464769691228866,0.1667966991662979,0.0186766064877703,0.0111137697785287,0.0057320352441433
low_0p300,step_c,797,797,7.97,hip_yaw=0.1667,-0.1466715931892395,0.1667118519544601,0.0191028346561444,0.0114659908942024,0.0057274616418717
low_0p300,step_c,798,798,7.98,hip_yaw=0.1666,-0.1468566209077835,0.166616216301918,0.0195651115326778,0.011849549715902,0.0057230938405008
low_0p300,step_c,799,799,7.99,hip_yaw=0.1665,-0.1470321863889694,0.1665099561214447,0.0200630547930897,0.0122641385617989,0.0057189322134453
low_0p300,step_c,800,800,8.0,hip_yaw=0.1664,-0.1471984386444091,0.1663932502269745,0.020596251233101,0.0127094241875598,0.0057149756552969
low_0p300,step_c,801,801,8.01,hip_yaw=0.1663,-0.1473555266857147,0.1662663072347641,0.0211642568067404,0.0131850415207697,0.0057112192252022
low_0p300,step_c,802,802,8.02,hip_yaw=0.1661,-0.1475026309490203,0.1661301255226135,0.0217666009610877,0.0136906306502012,0.0057070629635877
low_0p300,step_c,803,803,8.03,hip_yaw=0.1660,-0.147638589143753,0.1659863144159317,0.0224027781211123,0.0142258543204286,0.0057016061695066
low_0p300,step_c,804,804,8.040000000000001,hip_yaw=0.1658,-0.1477631479501724,0.1658359318971634,0.0230722265493666,0.01479047028661,0.0056944878942073
low_0p300,step_c,805,805,8.05,hip_yaw=0.1657,-0.1478766053915023,0.1656795293092727,0.0237743087237396,0.0153841986573964,0.0056857217346706
low_0p300,step_c,806,806,8.06,hip_yaw=0.1655,-0.1479793488979339,0.1655175238847732,0.0245083128325905,0.0160065237198376,0.0056753794026082
low_0p300,step_c,807,807,8.07,hip_yaw=0.1654,-0.1480717062950134,0.1653502434492111,0.0252735391481045,0.0166568655744183,0.0056635502597901
low_0p300,step_c,808,808,8.08,hip_yaw=0.1652,-0.148154079914093,0.1651779860258102,0.0260693207076157,0.0173346866345566,0.00565032630519
low_0p300,step_c,809,809,8.09,hip_yaw=0.1650,-0.1482267677783966,0.1650010198354721,0.0268949676374467,0.0180393910012128,0.0056357961897316
low_0p300,step_c,810,810,8.1,hip_yaw=0.1648,-0.148290142416954,0.1648195832967758,0.0277497742501502,0.0187703415687288,0.0056200463849086
low_0p300,step_c,811,811,8.11,hip_yaw=0.1646,-0.1483445465564727,0.1646339446306228,0.028633032180225,0.019526900758979,0.0056031570717795
low_0p300,step_c,812,812,8.120000000000001,hip_yaw=0.1644,-0.1483902782201767,0.1644443273544311,0.0295440146526101,0.0203084125115296,0.005585206785321
low_0p300,step_c,813,813,8.13,hip_yaw=0.1643,-0.1484277248382568,0.1642509996891021,0.0304819749052389,0.0211141916859164,0.0055662690179929
low_0p300,step_c,814,814,8.14,hip_yaw=0.1641,-0.1484571993350982,0.164054200053215,0.0314461510107708,0.0219435444986661,0.0055464159160325
low_0p300,step_c,815,815,8.15,hip_yaw=0.1639,-0.1484790444374084,0.1638541668653488,0.0324357641342478,0.0227957638188471,0.0055257153152672
low_0p300,step_c,816,816,8.16,hip_yaw=0.1637,-0.1484936326742172,0.1636511832475662,0.0334500146612756,0.0236701176075692,0.0055042290748239
low_0p300,step_c,817,817,8.17,hip_yaw=0.1634,-0.1485012918710708,0.1634455025196075,0.0344880879061761,0.0245658701537055,0.0054820183653991
low_0p300,step_c,818,818,8.18,hip_yaw=0.1632,-0.148502379655838,0.1632373631000518,0.0355491515739338,0.0254822696240003,0.0054591407179978
low_0p300,step_c,819,819,8.19,hip_yaw=0.1630,-0.1484972387552261,0.1630270630121231,0.0366323540691897,0.0264185467485992,0.0054356514178865
low_0p300,step_c,820,820,8.2,hip_yaw=0.1628,-0.148486241698265,0.1628148555755615,0.037736829832959,0.0273739248259447,0.0054116019695013
low_0p300,step_c,821,821,8.21,hip_yaw=0.1626,-0.1484697163105011,0.1626010239124298,0.0388616966292012,0.0283476123294284,0.0053870404657304
low_0p300,step_c,822,822,8.22,hip_yaw=0.1624,-0.148448035120964,0.1623858362436294,0.0400060562844356,0.0293388043530612,0.0053620151489822
low_0p300,step_c,823,823,8.23,hip_yaw=0.1622,-0.1484215557575225,0.1621695607900619,0.0411689972243864,0.0303466877629641,0.0053365681621976
low_0p300,step_c,824,824,8.24,hip_yaw=0.1620,-0.1483906209468841,0.1619524806737899,0.0423495939524313,0.0313704384220065,0.0053107408712109
low_0p300,step_c,825,825,8.25,hip_yaw=0.1617,-0.1483555734157562,0.1617348790168762,0.04354690733811,0.0324092239602173,0.0052845722570891
low_0p300,step_c,826,826,8.26,hip_yaw=0.1615,-0.1483167856931686,0.1615170240402221,0.0447599845544708,0.0334621988263671,0.0052581009000958
low_0p300,step_c,827,827,8.27,hip_yaw=0.1613,-0.1482745856046676,0.1612991988658905,0.0459878615672151,0.0345285073255233,0.0052313608854758
low_0p300,step_c,828,828,8.28,hip_yaw=0.1611,-0.1482293307781219,0.1610816717147827,0.047229564890359,0.0356072902102269,0.0052043845720808
low_0p300,step_c,829,829,8.290000000000001,hip_yaw=0.1609,-0.1481813490390777,0.1608647406101226,0.0484841094804183,0.0366976823820288,0.0051772019364751
low_0p300,step_c,830,830,8.3,hip_yaw=0.1606,-0.1481309980154037,0.1606486439704895,0.0497504980624179,0.037798801179827,0.0051498429117058
low_0p300,step_c,831,831,8.31,hip_yaw=0.1604,-0.1480786055326461,0.160433679819107,0.0510277276610895,0.0389097643993324,0.0051223351220854
low_0p300,step_c,832,832,8.32,hip_yaw=0.1602,-0.1480245143175125,0.1602201014757156,0.0523147888952953,0.0400296909302569,0.0050947039815586
low_0p300,step_c,833,833,8.33,hip_yaw=0.1600,-0.1479690223932266,0.1600081920623779,0.053610658727273,0.0411576780932048,0.0050669738789313
low_0p300,step_c,834,834,8.34,hip_yaw=0.1598,-0.1479124873876571,0.159798189997673,0.054914310933471,0.042292824444753,0.0050391688358415
low_0p300,step_c,835,835,8.35,hip_yaw=0.1596,-0.147855207324028,0.1595903635025024,0.0562247170499243,0.0434342326204218,0.0050113086548333
low_0p300,step_c,836,836,8.36,hip_yaw=0.1594,-0.1477974951267242,0.1593849658966064,0.0575408384484741,0.0445809935190388,0.0049834132318926
low_0p300,step_c,837,837,8.370000000000001,hip_yaw=0.1592,-0.1477396637201309,0.1591822654008865,0.0588616345974158,0.0457321989064328,0.0049555024036209
low_0p300,step_c,838,838,8.38,hip_yaw=0.1590,-0.1476820111274719,0.1589824855327606,0.0601860601078973,0.0468869323072612,0.0049275943552553
low_0p300,step_c,839,839,8.39,hip_yaw=0.1588,-0.1476248502731323,0.1587858647108078,0.06151306780827,0.0480442787617363,0.0048997052013806
low_0p300,step_c,840,840,8.4,hip_yaw=0.1586,-0.1475684344768524,0.1585926413536071,0.0628416126162708,0.049203332651027,0.0048718508565948
low_0p300,step_c,841,841,8.41,hip_yaw=0.1584,-0.1475130766630172,0.1584030538797378,0.0641706414605067,0.0503631691676936,0.0048440465855745
low_0p300,step_c,842,842,8.42,hip_yaw=0.1582,-0.1474590301513672,0.1582173109054565,0.0654991041146386,0.0515228736733031,0.0048163054094035
low_0p300,step_c,843,843,8.43,hip_yaw=0.1580,-0.1474065780639648,0.1580356359481811,0.0668259556461467,0.0526815396547645,0.0047886402169254
low_0p300,step_c,844,844,8.44,hip_yaw=0.1579,-0.1473559737205505,0.1578582525253296,0.0681501458116717,0.0538382494837301,0.0047610642071662
low_0p300,step_c,845,845,8.45,hip_yaw=0.1577,-0.1473074704408645,0.1576853394508361,0.0694706307684359,0.0549920959746278,0.004733590002508
low_0p300,step_c,846,846,8.46,hip_yaw=0.1575,-0.1472613215446472,0.1575171053409576,0.0707863699274993,0.0561421748077225,0.0047062284561569
low_0p300,step_c,847,847,8.47,hip_yaw=0.1574,-0.1472177654504776,0.1573537439107895,0.0720963216514612,0.0572875730410169,0.0046789898598122
low_0p300,step_c,848,848,8.48,hip_yaw=0.1572,-0.1471770107746124,0.1571954190731048,0.0733994566184934,0.0584273977793045,0.0046518819489613
low_0p300,step_c,849,849,8.49,hip_yaw=0.1570,-0.147139310836792,0.1570423394441604,0.0746947506444466,0.0595607655668895,0.0046249150158039
low_0p300,step_c,850,850,8.5,hip_yaw=0.1569,-0.1471048593521118,0.1568946540355682,0.0759811788559044,0.0606867789434263,0.0045980983908701
low_0p300,step_c,851,851,8.51,hip_yaw=0.1568,-0.1470738649368286,0.1567525267601013,0.0772577264654729,0.0618045491741331,0.0045714391595024
low_0p300,step_c,852,852,8.52,hip_yaw=0.1566,-0.1470465213060379,0.1566161066293716,0.0785233923025653,0.0629132120947461,0.0045449457543245
low_0p300,step_c,853,853,8.53,hip_yaw=0.1565,-0.1470230221748352,0.1564855426549911,0.079777183199953,0.0640119099109285,0.0045186249905948
low_0p300,step_c,854,854,8.540000000000001,hip_yaw=0.1564,-0.147003561258316,0.1563609838485717,0.0810181078602799,0.0650997719368071,0.0044924849063685
low_0p300,step_c,855,855,8.55,hip_yaw=0.1562,-0.1469883024692535,0.1562425643205642,0.0822451928075667,0.0661759540815054,0.0044665324695772
low_0p300,step_c,856,856,8.56,hip_yaw=0.1561,-0.1469773948192596,0.1561303734779358,0.0834574768214315,0.0672396254344443,0.0044407726262736
low_0p300,step_c,857,857,8.57,hip_yaw=0.1560,-0.1469710022211074,0.1560245752334594,0.0846540011045111,0.0682899424335496,0.0044152132571473
low_0p300,step_c,858,858,8.58,hip_yaw=0.1559,-0.1469692885875702,0.1559252440929412,0.0858338304779866,0.0693260930745274,0.0043898603571559
low_0p300,step_c,859,859,8.59,hip_yaw=0.1558,-0.1469723731279373,0.1558324843645095,0.0869960445970107,0.0703472849715808,0.0043647183505106
low_0p300,step_c,860,860,8.6,hip_yaw=0.1557,-0.1469804048538208,0.1557464003562927,0.0881397258872491,0.0713527115840682,0.0043397935954373
low_0p300,step_c,861,861,8.61,hip_yaw=0.1557,-0.146993488073349,0.1556670814752578,0.0892639805003623,0.0723415937537795,0.0043150906195044
low_0p300,step_c,862,862,8.620000000000001,hip_yaw=0.1556,-0.1470117568969726,0.155594602227211,0.0903679308295953,0.0733131715216655,0.0042906152367788
low_0p300,step_c,863,863,8.63,hip_yaw=0.1555,-0.1470353007316589,0.1555290222167968,0.0914507138653508,0.0742666910870153,0.0042663737951814
low_0p300,step_c,864,864,8.64,hip_yaw=0.1555,-0.1470642238855362,0.1554704159498214,0.0925114827749801,0.07520141102801,0.0042423697409566
low_0p300,step_c,865,865,8.65,hip_yaw=0.1554,-0.1470986157655716,0.1554188430309295,0.0935494130932713,0.0761166178797774,0.0042186081020016
low_0p300,step_c,866,866,8.66,hip_yaw=0.1554,-0.1471385657787323,0.1553743481636047,0.094563696585944,0.0770116043695521,0.0041950933249113
low_0p300,step_c,867,867,8.67,hip_yaw=0.1553,-0.1471841484308242,0.1553369760513305,0.0955535421688056,0.0778856767630378,0.0041718296189896
low_0p300,step_c,868,868,8.68,hip_yaw=0.1553,-0.1472354382276535,0.1553067564964294,0.0965181826360202,0.0787381654975676,0.0041488221625051
low_0p300,step_c,869,869,8.69,hip_yaw=0.1553,-0.1472924798727035,0.1552837342023849,0.0974568688808237,0.0795684135958256,0.0041260745752372
low_0p300,step_c,870,870,8.700000000000001,hip_yaw=0.1553,-0.1473553329706192,0.1552679240703582,0.0983688771176544,0.0803757926719528,0.0041035913767434
low_0p300,step_c,871,871,8.71,hip_yaw=0.1553,-0.147424042224884,0.1552593261003494,0.0992535042350437,0.0811596887521639,0.0040813775007053
low_0p300,step_c,872,872,8.72,hip_yaw=0.1553,-0.1474986523389816,0.1552579849958419,0.1001100639177517,0.0819194894678753,0.0040594365845633
low_0p300,step_c,873,873,8.73,hip_yaw=0.1553,-0.1475794613361358,0.155264139175415,0.1009371581641024,0.0826526115644421,0.0040377786743241
low_0p300,step_c,874,874,8.74,hip_yaw=0.1553,-0.147668182849884,0.1552795469760894,0.1017282912974209,0.0833426160380358,0.0040164566145978
low_0p300,step_c,875,875,8.75,hip_yaw=0.1553,-0.1477654576301574,0.155304804444313,0.1024769463053973,0.083972305058711,0.0039955457236033
low_0p300,step_c,876,876,8.76,hip_yaw=0.1553,-0.1478700041770935,0.1553384959697723,0.1031874730566052,0.0845496201555341,0.0039750652245558
low_0p300,step_c,877,877,8.77,hip_yaw=0.1554,-0.1479815691709518,0.1553803384304046,0.1038617845600877,0.0850814127960837,0.0039550105492476
low_0p300,step_c,878,878,8.78,hip_yaw=0.1554,-0.1481004059314727,0.1554306149482727,0.1044976859001223,0.0855635807916167,0.0039353911487724
low_0p300,step_c,879,879,8.790000000000001,hip_yaw=0.1555,-0.148226112127304,0.1554888933897018,0.1050959956980699,0.0859977326952279,0.0039162088426965
low_0p300,step_c,880,880,8.8,hip_yaw=0.1556,-0.1483584195375442,0.1555548459291458,0.1056580678981569,0.086388144343083,0.0038974552239565
low_0p300,step_c,881,881,8.81,hip_yaw=0.1556,-0.1484973132610321,0.1556284576654434,0.1061835136173886,0.0867350737185859,0.0038791275363758
low_0p300,step_c,882,882,8.82,hip_yaw=0.1557,-0.1486426144838333,0.1557095646858215,0.1066724929659265,0.0870393509480964,0.0038612242828132
low_0p300,step_c,883,883,8.83,hip_yaw=0.1558,-0.1487940847873687,0.1557978987693786,0.107125745844661,0.08730344333056,0.0038437393178989
low_0p300,step_c,884,884,8.84,hip_yaw=0.1559,-0.1489516347646713,0.155893325805664,0.1075434890824216,0.0875287377645416,0.0038266663197599
low_0p300,step_c,885,885,8.85,hip_yaw=0.1560,-0.1491151005029678,0.1559956818819046,0.1079259095889698,0.0877162731048126,0.0038100005443879
low_0p300,step_c,886,886,8.86,hip_yaw=0.1561,-0.1492843180894851,0.1561048030853271,0.1082734899523038,0.0878677445675324,0.0037937359918825
low_0p300,step_c,887,887,8.870000000000001,hip_yaw=0.1562,-0.149459108710289,0.156220480799675,0.1085866131998707,0.0879846680413429,0.0037778668001513
low_0p300,step_c,888,888,8.88,hip_yaw=0.1563,-0.1496393680572509,0.1563425809144973,0.1088655823013174,0.0880682596784491,0.003762388248993
low_0p300,step_c,889,889,8.89,hip_yaw=0.1565,-0.1498249322175979,0.1564709246158599,0.1091108036692019,0.0881198872832796,0.003747294048339
low_0p300,step_c,890,890,8.9,hip_yaw=0.1566,-0.1500156223773956,0.1566053479909896,0.1093227018309535,0.0881409477289366,0.0037325754038486
low_0p300,step_c,891,891,8.91,hip_yaw=0.1567,-0.1502113193273544,0.1567456871271133,0.1095016760239485,0.0881327153686562,0.0037182265236006
low_0p300,step_c,892,892,8.92,hip_yaw=0.1569,-0.1504118740558624,0.1568918079137802,0.1096481337363172,0.0880964215827258,0.0037042433706923
low_0p300,step_c,893,893,8.93,hip_yaw=0.1570,-0.1506171375513076,0.1570435166358947,0.1097625199836856,0.0880333260714926,0.0036906185230176
low_0p300,step_c,894,894,8.94,hip_yaw=0.1572,-0.1508269906044006,0.1572006791830063,0.1098452840072014,0.0879446547925006,0.0036773443481424
low_0p300,step_c,895,895,8.950000000000001,hip_yaw=0.1574,-0.1510412842035293,0.1573631465435028,0.1098968640148231,0.0878315566263451,0.003664415282696
low_0p300,step_c,896,896,8.96,hip_yaw=0.1575,-0.1512598842382431,0.1575307697057724,0.10991772648265,0.087695188914834,0.003651822648743
low_0p300,step_c,897,897,8.97,hip_yaw=0.1577,-0.1514826565980911,0.1577034145593643,0.1099083452566047,0.0875366833015017,0.0036395604058589
low_0p300,step_c,898,898,8.98,hip_yaw=0.1579,-0.151709496974945,0.1578809469938278,0.1098691881868118,0.0873571155090456,0.0036276220472312
low_0p300,step_c,899,899,8.99,hip_yaw=0.1581,-0.1519402712583542,0.1580632030963897,0.1098007454000726,0.0871575600808117,0.0036160009071781
low_0p300,step_c,900,900,9.0,hip_yaw=0.1583,-0.1521748602390289,0.1582500636577606,0.109703502590321,0.0869390482773202,0.0036046900317232
low_0p300,step_c,901,901,9.01,hip_yaw=0.1584,-0.1524131298065185,0.1584414094686508,0.1095779569089474,0.0867025877354273,0.0035936817838308
low_0p300,step_c,902,902,9.02,hip_yaw=0.1586,-0.1526549905538559,0.1586371064186096,0.1094246030556723,0.0864491500757933,0.0035829694282064
low_0p300,step_c,903,903,9.03,hip_yaw=0.1588,-0.1529003083705902,0.1588370203971862,0.1092439501569186,0.0861796982057045,0.0035725448342753
low_0p300,step_c,904,904,9.040000000000001,hip_yaw=0.1590,-0.1531489938497543,0.1590410470962524,0.1090365088192,0.0858951675798782,0.0035624012225942
low_0p300,step_c,905,905,9.05,hip_yaw=0.1592,-0.1534009277820587,0.1592490524053573,0.1088027856945587,0.0855964521070335,0.0035525336901377
low_0p300,step_c,906,906,9.06,hip_yaw=0.1595,-0.153656005859375,0.1594609171152115,0.1085432933897394,0.0852844205822848,0.0035429337559161
low_0p300,step_c,907,907,9.07,hip_yaw=0.1597,-0.1539141237735748,0.1596765518188476,0.1082585463628992,0.0849599230150587,0.0035335954063968
low_0p300,step_c,908,908,9.08,hip_yaw=0.1599,-0.1541751772165298,0.1598958224058151,0.1079490678202401,0.084623797208956,0.0035245103911217
low_0p300,step_c,909,909,9.09,hip_yaw=0.1601,-0.154439091682434,0.1601186245679855,0.1076153672590911,0.084276824955267,0.0035156728085887
low_0p300,step_c,910,910,9.1,hip_yaw=0.1603,-0.1547057479619979,0.1603448539972305,0.1072579642560722,0.083919783702796,0.0035070756364755
low_0p300,step_c,911,911,9.11,hip_yaw=0.1606,-0.1549750566482544,0.1605744063854217,0.1068773859116999,0.083553445489888,0.0034987122741393
low_0p300,step_c,912,912,9.120000000000001,hip_yaw=0.1608,-0.1552469432353973,0.1608071774244308,0.1064741399856299,0.0831785193037857,0.0034905738618741
low_0p300,step_c,913,913,9.13,hip_yaw=0.1610,-0.1555212885141372,0.1610430926084518,0.1060487455195475,0.0827957109049038,0.003482653397073
low_0p300,step_c,914,914,9.14,hip_yaw=0.1613,-0.1557980328798294,0.161282017827034,0.1056017215810646,0.0824057159739936,0.0034749457158155
low_0p300,step_c,915,915,9.15,hip_yaw=0.1615,-0.1560770720243454,0.1615238636732101,0.1051335808576451,0.0820091911103264,0.0034674452786669
low_0p300,step_c,916,916,9.16,hip_yaw=0.1618,-0.1563583314418792,0.1617685556411743,0.1046448263664735,0.0816067560847413,0.0034601450643369
low_0p300,step_c,917,917,9.17,hip_yaw=0.1620,-0.156641736626625,0.1620159894227981,0.104135971576637,0.0811990316482899,0.0034530376184757
low_0p300,step_c,918,918,9.18,hip_yaw=0.1623,-0.1569271981716156,0.1622660756111145,0.1036075301681912,0.0807866359019732,0.003446117046935
low_0p300,step_c,919,919,9.19,hip_yaw=0.1625,-0.1572146266698837,0.1625187247991562,0.1030599994816776,0.0803701307310972,0.0034393762560238
low_0p300,step_c,920,920,9.200000000000001,hip_yaw=0.1628,-0.1575039625167846,0.1627738624811172,0.1024938744375102,0.0799500578603174,0.0034328095351107
low_0p300,step_c,921,921,9.21,hip_yaw=0.1630,-0.1577951312065124,0.1630313843488693,0.1019096579452807,0.0795269672654139,0.0034264112662783
low_0p300,step_c,922,922,9.22,hip_yaw=0.1633,-0.1580880582332611,0.1632912307977676,0.1013078348116164,0.0791013607865535,0.0034201733033569
low_0p300,step_c,923,923,9.23,hip_yaw=0.1636,-0.1583826541900634,0.1635532975196838,0.1006888931571637,0.0786737332373045,0.0034140912863561
low_0p300,step_c,924,924,9.24,hip_yaw=0.1638,-0.1586788594722747,0.1638175100088119,0.1000533220300958,0.0782445751326715,0.003408158684283
low_0p300,step_c,925,925,9.25,hip_yaw=0.1641,-0.1589766144752502,0.1640838086605072,0.099401589882223,0.0778143245876426,0.0034023694239989
low_0p300,step_c,926,926,9.26,hip_yaw=0.1644,-0.1592770665884018,0.1643533408641815,0.098730137558526,0.0773725747354433,0.0033967525829599
low_0p300,step_c,927,927,9.27,hip_yaw=0.1646,-0.1595807373523712,0.1646266281604766,0.0980333070923066,0.0769033345944884,0.0033913734399203
low_0p300,step_c,928,928,9.28,hip_yaw=0.1649,-0.1598868370056152,0.1649027913808822,0.0973140760383,0.0764096441642367,0.0033862527991339
low_0p300,step_c,929,929,9.290000000000001,hip_yaw=0.1652,-0.1601950973272323,0.1651815623044967,0.0965750057884969,0.0758972728412482,0.0033813849177835
low_0p300,step_c,930,930,9.3,hip_yaw=0.1655,-0.1605057716369629,0.1654631942510604,0.0958149553931255,0.0753629384894248,0.0033767768035675
low_0p300,step_c,931,931,9.31,hip_yaw=0.1657,-0.1608186215162277,0.1657474488019943,0.0950346736309816,0.0748064280667374,0.0033724322969113
low_0p300,step_c,932,932,9.32,hip_yaw=0.1660,-0.1611334681510925,0.1660341471433639,0.094235775347875,0.0742305131164197,0.0033683448547793
low_0p300,step_c,933,933,9.33,hip_yaw=0.1663,-0.1614503413438797,0.1663232892751693,0.0934185635163468,0.073635192230957,0.003364510917169
low_0p300,step_c,934,934,9.34,hip_yaw=0.1666,-0.161769151687622,0.1666148155927658,0.0925835346487674,0.0730203788822451,0.0033609309367263
low_0p300,step_c,935,935,9.35,hip_yaw=0.1669,-0.1620897799730301,0.1669085919857025,0.0917317272663754,0.0723873929516268,0.0033576002745013
low_0p300,step_c,936,936,9.36,hip_yaw=0.1672,-0.1624121665954589,0.1672045588493347,0.0908638518488592,0.0717369889871588,0.0033545148698078
low_0p300,step_c,937,937,9.370000000000001,hip_yaw=0.1675,-0.1627362519502639,0.1675026267766952,0.0899805253186386,0.0710695421778323,0.0033516704869494
low_0p300,step_c,938,938,9.38,hip_yaw=0.1678,-0.1630619168281555,0.1678027063608169,0.089082583856481,0.0703859045499626,0.0033490629196089
low_0p300,step_c,939,939,9.39,hip_yaw=0.1681,-0.1633890867233276,0.1681046932935714,0.0881708260288312,0.0696869164385516,0.0033466879690711
low_0p300,step_c,940,940,9.4,hip_yaw=0.1684,-0.1637176722288131,0.1684085130691528,0.0872459812832956,0.0689732175480065,0.0033445399538174
low_0p300,step_c,941,941,9.41,hip_yaw=0.1687,-0.1640475839376449,0.1687140613794326,0.0863088480793746,0.0682455645454908,0.0033426127057966
low_0p300,step_c,942,942,9.42,hip_yaw=0.1690,-0.1643787026405334,0.1690212190151214,0.0853602472900163,0.0675047788639698,0.00334090162386
low_0p300,step_c,943,943,9.43,hip_yaw=0.1693,-0.1647109687328338,0.1693299114704132,0.0844009758165332,0.0667516142145138,0.0033394007697158
low_0p300,step_c,944,944,9.44,hip_yaw=0.1696,-0.1650442481040954,0.1696400195360183,0.0834318444802501,0.0659868308913887,0.0033381055409027
low_0p300,step_c,945,945,9.450000000000001,hip_yaw=0.1700,-0.1653784662485122,0.1699514389038086,0.0824536898935067,0.0652112379001951,0.0033370091309616
low_0p300,step_c,946,946,9.46,hip_yaw=0.1703,-0.1657135039567947,0.1702640652656555,0.0814673472904316,0.0644256372335058,0.0033361057638037
low_0p300,step_c,947,947,9.47,hip_yaw=0.1706,-0.1660492569208145,0.1705777943134308,0.0804736510596927,0.0636308091214264,0.0033353895081072
low_0p300,step_c,948,948,9.48,hip_yaw=0.1709,-0.1663856208324432,0.1708924919366836,0.0794734527456982,0.0628275649238438,0.0033348553702746
low_0p300,step_c,949,949,9.49,hip_yaw=0.1712,-0.1667224913835525,0.1712080687284469,0.0784676074160628,0.0620167140167944,0.0033344959209794
low_0p300,step_c,950,950,9.5,hip_yaw=0.1715,-0.1670597493648529,0.1715244054794311,0.0774569709685611,0.0611990606682465,0.0033343036286717
low_0p300,step_c,951,951,9.51,hip_yaw=0.1718,-0.1673972904682159,0.1718413978815078,0.0764424083767982,0.0603754195791611,0.0033342738431008
low_0p300,step_c,952,952,9.52,hip_yaw=0.1722,-0.1677350103855133,0.1721588969230651,0.0754247833892599,0.0595465996663046,0.0033343989548591
low_0p300,step_c,953,953,9.53,hip_yaw=0.1725,-0.1680727750062942,0.1724768131971359,0.0744049685947563,0.0587134206803094,0.0033346704251567
low_0p300,step_c,954,954,9.540000000000001,hip_yaw=0.1728,-0.1684104800224304,0.1727950125932693,0.0733838378725785,0.0578767052669383,0.0033350834793501
low_0p300,step_c,955,955,9.55,hip_yaw=0.1731,-0.1687480062246322,0.1731133759021759,0.0723622581364192,0.057037254832247,0.0033356316986886
low_0p300,step_c,956,956,9.56,hip_yaw=0.1734,-0.1690852493047714,0.173431783914566,0.0713411032225689,0.056195881917419,0.0033363061317393
low_0p300,step_c,957,957,9.57,hip_yaw=0.1738,-0.1694220602512359,0.173750102519989,0.0703212527323948,0.0553534134277767,0.0033370984816951
low_0p300,step_c,958,958,9.58,hip_yaw=0.1741,-0.1697583347558975,0.1740682274103164,0.0693035749582742,0.054510655227335,0.0033380023683091
low_0p300,step_c,959,959,9.59,hip_yaw=0.1744,-0.1700939685106277,0.1743860095739364,0.068288939534859,0.0536684124371849,0.0033390111677357
low_0p300,step_c,960,960,9.6,hip_yaw=0.1747,-0.1704287976026535,0.1747033447027206,0.0672782132002779,0.0528274881312356,0.0033401181317279
low_0p300,step_c,961,961,9.61,hip_yaw=0.1750,-0.1707627326250076,0.175020083785057,0.0662722635747646,0.0519886888768139,0.0033413148984027
low_0p300,step_c,962,962,9.620000000000001,hip_yaw=0.1753,-0.1710956394672393,0.1753361076116562,0.0652719521033721,0.0511528151218451,0.0033425946259866
low_0p300,step_c,963,963,9.63,hip_yaw=0.1757,-0.1714273989200592,0.175651267170906,0.0642781284665154,0.0503206463170177,0.003343950590421
low_0p300,step_c,964,964,9.64,hip_yaw=0.1760,-0.1717578619718551,0.1759654730558395,0.0632916461851622,0.0494929740525553,0.0033453748683214
low_0p300,step_c,965,965,9.65,hip_yaw=0.1763,-0.1720869243144989,0.1762785464525222,0.0623133524263661,0.0486705880126033,0.0033468599420605
low_0p300,step_c,966,966,9.66,hip_yaw=0.1766,-0.1724144369363784,0.1765903830528259,0.0613440802717489,0.0478542550130596,0.0033483978957636
low_0p300,step_c,967,967,9.67,hip_yaw=0.1769,-0.1727402806282043,0.1769008487462997,0.0603846560753749,0.0470447339042225,0.0033499814989552
low_0p300,step_c,968,968,9.68,hip_yaw=0.1772,-0.1730643361806869,0.1772097945213318,0.0594359027735253,0.0462427897272448,0.0033516035345715
low_0p300,step_c,969,969,9.69,hip_yaw=0.1775,-0.1733864694833755,0.1775171011686325,0.058498632719369,0.0454491752278955,0.0033532560551257
low_0p300,step_c,970,970,9.700000000000001,hip_yaw=0.1778,-0.1737065464258194,0.1778226345777511,0.0575736434396878,0.0446646218763643,0.003354931266226
low_0p300,step_c,971,971,9.71,hip_yaw=0.1781,-0.1740244477987289,0.178126260638237,0.0566617265511866,0.0438898627111232,0.0033566234177294
low_0p300,step_c,972,972,9.72,hip_yaw=0.1784,-0.1743400245904922,0.1784278303384781,0.0557636620681595,0.043125622786276,0.0033583266861002
low_0p300,step_c,973,973,9.73,hip_yaw=0.1787,-0.1746531724929809,0.1787272244691848,0.0548802143984784,0.0423726052267707,0.0033600322391328
low_0p300,step_c,974,974,9.74,hip_yaw=0.1790,-0.1749637424945831,0.1790243089199066,0.0540121381968976,0.0416315068787448,0.0033617329303152
low_0p300,step_c,975,975,9.75,hip_yaw=0.1793,-0.1752716302871704,0.1793189495801925,0.0531601764972695,0.0409030205930663,0.0033634222445347
low_0p300,step_c,976,976,9.76,hip_yaw=0.1796,-0.1755766868591308,0.1796110123395919,0.0523250528889596,0.0401878148099076,0.0033650925508898
low_0p300,step_c,977,977,9.77,hip_yaw=0.1799,-0.1758787930011749,0.1799003630876541,0.0515074785378917,0.0394865468846849,0.0033667363664558
low_0p300,step_c,978,978,9.78,hip_yaw=0.1802,-0.1761778146028518,0.1801868975162506,0.0507081530458527,0.038799867573422,0.0033683483617851
low_0p300,step_c,979,979,9.790000000000001,hip_yaw=0.1805,-0.1764736622571945,0.1804704517126083,0.0499277553362136,0.0381284076596196,0.0033699224277174
low_0p300,step_c,980,980,9.8,hip_yaw=0.1808,-0.1767661869525909,0.1807509213685989,0.0491669501739843,0.0374727832386812,0.0033714506672013
low_0p300,step_c,981,981,9.81,hip_yaw=0.1810,-0.1770552694797516,0.1810281872749328,0.048426383964892,0.0368335965713913,0.0033729282333072
low_0p300,step_c,982,982,9.82,hip_yaw=0.1813,-0.1773407906293869,0.1813021004199981,0.0477066874816833,0.0362114371589187,0.0033743494646801
low_0p300,step_c,983,983,9.83,hip_yaw=0.1816,-0.1776226460933685,0.1815725564956665,0.0470084727398393,0.0356068760996888,0.0033757066192395
low_0p300,step_c,984,984,9.84,hip_yaw=0.1818,-0.1779007166624069,0.1818394511938095,0.0463323308579287,0.0350204648218389,0.0033769944914241
low_0p300,step_c,985,985,9.85,hip_yaw=0.1821,-0.1781748980283737,0.1821026355028152,0.0456788358137272,0.0344527398685562,0.003378207868276
low_0p300,step_c,986,986,9.86,hip_yaw=0.1824,-0.1784450709819793,0.1823620200157165,0.0450485430269716,0.0339042223130503,0.0033793400989337
low_0p300,step_c,987,987,9.870000000000001,hip_yaw=0.1826,-0.1787111312150955,0.182617500424385,0.0444419874085424,0.0333754174472229,0.0033803852055365
low_0p300,step_c,988,988,9.88,hip_yaw=0.1829,-0.1789729744195938,0.18286894261837,0.0438596816213175,0.0328668089262693,0.0033813398143675
low_0p300,step_c,989,989,9.89,hip_yaw=0.1831,-0.179230511188507,0.1831162720918655,0.0433021159313665,0.0323788546706375,0.0033821985786525
low_0p300,step_c,990,990,9.9,hip_yaw=0.1834,-0.1794836372137069,0.1833593696355819,0.042769764066099,0.0319120064458272,0.0033829552906808
low_0p300,step_c,991,991,9.91,hip_yaw=0.1836,-0.1797322630882263,0.183598130941391,0.0422630759076084,0.0314666939067886,0.0033836045526667
low_0p300,step_c,992,992,9.92,hip_yaw=0.1838,-0.1799763143062591,0.1838324964046478,0.041782477109647,0.0310433201642394,0.0033841424836288
low_0p300,step_c,993,993,9.93,hip_yaw=0.1841,-0.1802156716585159,0.1840623468160629,0.0413283732642925,0.0306422739741816,0.003384564678592
low_0p300,step_c,994,994,9.94,hip_yaw=0.1843,-0.180450290441513,0.1842876076698303,0.0409011462875454,0.0302639223855068,0.003384867346021
low_0p300,step_c,995,995,9.950000000000001,hip_yaw=0.1845,-0.1806800812482834,0.184508204460144,0.040501155696192,0.0299086137381313,0.0033850452235739
low_0p300,step_c,996,996,9.96,hip_yaw=0.1847,-0.1809049844741821,0.1847240477800369,0.0401287366096798,0.0295766738854647,0.0033850938167736
low_0p300,step_c,997,997,9.97,hip_yaw=0.1849,-0.1811249107122421,0.1849350780248642,0.0397841996628431,0.0292684044536566,0.0033850094872932
low_0p300,step_c,998,998,9.98,hip_yaw=0.1851,-0.1813398152589798,0.185141235589981,0.0394678343083337,0.0289840922033684,0.0033847900018477
low_0p300,step_c,999,999,9.99,hip_yaw=0.1853,-0.1815496385097503,0.1853424459695816,0.0391799040724575,0.028723998790722,0.003384431534773
