case_name,stage,row_index,source_step_index,time_s,failure_reasons,l_hip_yaw_pos,r_hip_yaw_pos,sagittal_position_error_m,control_pitch_x,control_roll_y
low_0p300,step_e,77,77,0.77,pitch=0.1002,-0.0044704843312501,0.006263427902013,0.1266848756036024,0.1002079581376842,0.0042905807667014
low_0p300,step_e,78,78,0.78,pitch=0.1013,-0.0044435211457312,0.0063192779198288,0.1286830036485274,0.1013176955285253,0.004326064156841
low_0p300,step_e,79,79,0.79,pitch=0.1024,-0.0044150217436254,0.0063741304911673,0.1306374543169526,0.1023558079960439,0.0043633084310653
low_0p300,step_e,80,80,0.8,pitch=0.1033,-0.0043850038200616,0.0064279963262379,0.1325481439704005,0.1033247947147275,0.0044022444895522
low_0p300,step_e,81,81,0.81,pitch=0.1042,-0.0043535092845559,0.0064809126779437,0.1344146407891316,0.104226050995605,0.004442809065119
low_0p300,step_e,82,82,0.8200000000000001,pitch=0.1051,-0.004320538137108,0.0065328814089298,0.1362368676937648,0.1050616077466767,0.004484938829171
low_0p300,step_e,83,83,0.8300000000000001,pitch=0.1058,-0.0042861052788794,0.0065839192830026,0.1380148255623787,0.105833710689741,0.0045285760269131
low_0p300,step_e,84,84,0.84,pitch=0.1065,-0.0042502479627728,0.0066340654157102,0.1397483497368864,0.1065440797685613,0.0045736665700498
low_0p300,step_e,85,85,0.85,pitch=0.1072,-0.0042129843495786,0.0066833500750362,0.1414373869697814,0.1071945275155478,0.0046201555566902
low_0p300,step_e,86,86,0.86,pitch=0.1078,-0.004171619657427,0.0067288968712091,0.1430816759452056,0.1077856736839828,0.0046692828649507
low_0p300,step_e,87,87,0.87,pitch=0.1083,-0.0041329744271934,0.0067506371997296,0.1446801985810219,0.1083168446415851,0.0047269856378037
low_0p300,step_e,88,88,0.88,pitch=0.1088,-0.0041224430315196,0.0067482376471161,0.1462345495645275,0.1087973960061482,0.0047854721777868
low_0p300,step_e,89,89,0.89,pitch=0.1092,-0.0041316272690892,0.0067308545112609,0.1477448436000162,0.1092286725397144,0.0048371465251487
low_0p300,step_e,90,90,0.9,pitch=0.1096,-0.0041538346558809,0.006706983782351,0.1492096723257889,0.1096086873488369,0.0048785145242629
low_0p300,step_e,91,91,0.91,support=0.1506; pitch=0.1099,-0.0041833999566733,0.0066838534548878,0.1506296104280253,0.1099398085609103,0.004908399722324
low_0p300,step_e,92,92,0.92,support=0.1520; pitch=0.1102,-0.0042156549170613,0.0066673583351075,0.1520054106635998,0.1102255770288491,0.0049273771985662
low_0p300,step_e,93,93,0.93,support=0.1533; pitch=0.1105,-0.004258660133928,0.0066685052588582,0.1533369597720688,0.1104684836601952,0.0049335879425797
low_0p300,step_e,94,94,0.9400000000000001,support=0.1546; pitch=0.1107,-0.0042970268987119,0.0066991229541599,0.1546242480983498,0.1106666408587977,0.0049285483791223
low_0p300,step_e,95,95,0.9500000000000001,support=0.1559; pitch=0.1108,-0.0043258448131382,0.0067474716342985,0.1558671398920025,0.1108200546028981,0.0049218986946468
low_0p300,step_e,96,96,0.96,support=0.1571; pitch=0.1109,-0.0043507767841219,0.0068058772012591,0.1570674286391877,0.1109342771806165,0.0049176349954185
low_0p300,step_e,97,97,0.97,support=0.1582; pitch=0.1110,-0.0043732319027185,0.0068705934099853,0.1582250167670902,0.1110098759708532,0.004916961456445
low_0p300,step_e,98,98,0.98,support=0.1593; pitch=0.1110,-0.0043932613916695,0.0069395499303936,0.1593395699696612,0.1110456019856699,0.0049200519998791
low_0p300,step_e,99,99,0.99,support=0.1604; pitch=0.1110,-0.0044106552377343,0.0070113237015903,0.1604124216701904,0.11104449480483,0.0049268284144468
low_0p300,step_e,100,100,1.0,support=0.1614; pitch=0.1110,-0.0044254343956708,0.0070850984193384,0.1614441627111349,0.1110085243878206,0.0049371495536877
low_0p300,step_e,101,101,1.01,support=0.1624; pitch=0.1109,-0.0044377441518008,0.0071603669784963,0.1624348266186349,0.1109379993274339,0.004950866711093
low_0p300,step_e,102,102,1.02,support=0.1634; pitch=0.1108,-0.0044477093033492,0.0072367298416793,0.1633850743498631,0.1108346261031637,0.0049678290995637
low_0p300,step_e,103,103,1.03,support=0.1643; pitch=0.1107,-0.0044555221684277,0.0073139416053891,0.1642955029081422,0.1107002053530852,0.0049878920931794
low_0p300,step_e,104,104,1.04,support=0.1652; pitch=0.1105,-0.0044614127837121,0.0073918662965297,0.1651664078587721,0.1105357146030782,0.0050109202364344
low_0p300,step_e,105,105,1.05,support=0.1660; pitch=0.1103,-0.0044655762612819,0.0074703963473439,0.1659982808355835,0.1103424551975406,0.0050367812488207
low_0p300,step_e,106,106,1.06,support=0.1668; pitch=0.1101,-0.0044681993313133,0.0075494674965739,0.1667916718666268,0.1101219113190443,0.0050653471971585
low_0p300,step_e,107,107,1.07,support=0.1675; pitch=0.1099,-0.0044694738462567,0.0076290536671876,0.1675470153314211,0.1098752428401123,0.0050965001686377
low_0p300,step_e,108,108,1.08,support=0.1683; pitch=0.1096,-0.0044695641845464,0.0077091418206691,0.1682647920430667,0.1096036216508485,0.0051301256056602
low_0p300,step_e,109,109,1.09,support=0.1689; pitch=0.1093,-0.0044686147011816,0.0077897342853248,0.1689455282482707,0.1093083008828409,0.0051661110669228
low_0p300,step_e,110,110,1.1,support=0.1696; pitch=0.1090,-0.0044667641632258,0.0078708454966545,0.1695897281405559,0.1089904384397321,0.0052043522440791
low_0p300,step_e,111,111,1.11,support=0.1702; pitch=0.1087,-0.0044641378335654,0.0079524982720613,0.1701978958991614,0.1086511345517021,0.00524474958382
low_0p300,step_e,112,112,1.12,support=0.1708; pitch=0.1083,-0.0044608442112803,0.008034722879529,0.1707705549665674,0.1082914859385046,0.0052872047087781
low_0p300,step_e,113,113,1.1300000000000001,support=0.1713; pitch=0.1079,-0.0044569848105311,0.0081175519153475,0.1713082387197909,0.1079125766927868,0.0053316269236874
low_0p300,step_e,114,114,1.1400000000000001,support=0.1718; pitch=0.1075,-0.0044526541605591,0.00820102263242,0.1718114852907971,0.1075154627,0.0053779299741086
low_0p300,step_e,115,115,1.1500000000000001,support=0.1723; pitch=0.1071,-0.0044479379430413,0.0082851788029074,0.1722808239224768,0.1071011350173889,0.0054260283009502
low_0p300,step_e,116,116,1.16,support=0.1727; pitch=0.1067,-0.0044429167173802,0.0083700660616159,0.1727167875696217,0.1066705531432941,0.0054758416035731
low_0p300,step_e,117,117,1.17,support=0.1731; pitch=0.1062,-0.0044376654550433,0.0084557319059968,0.1731199258566784,0.1062246832852281,0.0055272936749995
low_0p300,step_e,118,118,1.18,support=0.1735; pitch=0.1058,-0.0044322558678686,0.0085422238335013,0.173490790170452,0.1057644688472514,0.0055803117177376
low_0p300,step_e,119,119,1.19,support=0.1738; pitch=0.1053,-0.0044267550110816,0.0086295939981937,0.1738299272308039,0.1052908084052447,0.0056348250476425
low_0p300,step_e,120,120,1.2,support=0.1741; pitch=0.1048,-0.0044212313368916,0.008717899210751,0.1741378755022629,0.1048045457175613,0.0056907661143718
low_0p300,step_e,121,121,1.21,support=0.1744; pitch=0.1043,-0.0044157486408948,0.0088071916252374,0.174415181300681,0.1043065222153506,0.0057480713395501
low_0p300,step_e,122,122,1.22,support=0.1747; pitch=0.1038,-0.0044103669933974,0.00889752805233,0.1746624078163723,0.1037975923253489,0.0058066776160238
low_0p300,step_e,123,123,1.23,support=0.1749; pitch=0.1033,-0.0044051511213183,0.0089889653027057,0.1748800921302005,0.1032785306724338,0.0058665268490325
low_0p300,step_e,124,124,1.24,support=0.1751; pitch=0.1028,-0.0044001643545925,0.0090815601870417,0.1750687757244475,0.1027500914145644,0.0059275649289064
low_0p300,step_e,125,125,1.25,support=0.1752; pitch=0.1022,-0.004395464900881,0.0091753685846924,0.1752290151585412,0.1022130464867566,0.0059897373496527
low_0p300,step_e,126,126,1.26,support=0.1754; pitch=0.1017,-0.004391114693135,0.0092704538255929,0.1753613427840687,0.1016680990259478,0.0060529914720623
low_0p300,step_e,127,127,1.27,support=0.1755; pitch=0.1011,-0.0043871747329831,0.0093668745830655,0.1754662945637773,0.1011159315530957,0.0061172778871657
low_0p300,step_e,128,128,1.28,support=0.1755; pitch=0.1006,-0.0043829856440424,0.0094608683139085,0.1755437883782705,0.1005556026928108,0.0061840298107997
low_0p300,step_e,129,129,1.29,support=0.1756,-0.0043848589994013,0.0095408363267779,0.1755936652937315,0.0999861257893452,0.00625646198743
low_0p300,step_e,130,130,1.3,support=0.1756,-0.0044062198139727,0.0096039557829499,0.1756172759219904,0.0994129187095952,0.0063305426712534
low_0p300,step_e,131,131,1.31,support=0.1756,-0.004447067156434,0.0096567422151565,0.1756166712043798,0.0988411365435819,0.0064007454135031
low_0p300,step_e,132,132,1.32,support=0.1756,-0.0044995215721428,0.009707037359476,0.1755897811978193,0.0982648030400755,0.0064645597524614
low_0p300,step_e,133,133,1.33,support=0.1755,-0.0045638256706297,0.0097650084644556,0.1755374489379021,0.0976847166426719,0.0065190906069145
low_0p300,step_e,134,134,1.34,support=0.1755,-0.0046300087124109,0.0098463892936706,0.1754624501641351,0.0971051749648808,0.0065622648154773
low_0p300,step_e,135,135,1.35,support=0.1754,-0.0046834796667099,0.0099451392889022,0.1753629801736238,0.096519401829951,0.0066018907992843
low_0p300,step_e,136,136,1.36,support=0.1752,-0.0047309570945799,0.0100540732964873,0.1752408577275948,0.0959315788967674,0.0066421659788347
low_0p300,step_e,137,137,1.37,support=0.1751,-0.0047750025987625,0.0101695749908685,0.1750973483062139,0.0953447945321963,0.0066844171159758
low_0p300,step_e,138,138,1.3800000000000001,support=0.1749,-0.0048166294582188,0.0102900555357337,0.1749315399050941,0.0947558602596983,0.0067288632166503
low_0p300,step_e,139,139,1.3900000000000001,support=0.1747,-0.0048561347648501,0.0104143703356385,0.1747443812832206,0.0941654290102057,0.006775424241698
low_0p300,step_e,140,140,1.4000000000000001,support=0.1745,-0.0048937904648482,0.0105418171733617,0.1745370378491408,0.0935756201002553,0.006823956025006
low_0p300,step_e,141,141,1.41,support=0.1743,-0.0049300407990813,0.0106721026822924,0.1743095428321021,0.0929858808013448,0.0068743196984371
low_0p300,step_e,142,142,1.42,support=0.1741,-0.0049652415327727,0.0108049819245934,0.1740623268366552,0.0923962659153761,0.0069263866699284
low_0p300,step_e,143,143,1.43,support=0.1738,-0.0049997000023722,0.0109402686357498,0.1737961509224789,0.0918078823590506,0.0069800381445789
low_0p300,step_e,144,144,1.44,support=0.1735,-0.0050337710417807,0.0110779078677296,0.1735113564970947,0.0912209412022585,0.0070351692922082
low_0p300,step_e,145,145,1.45,support=0.1732,-0.0050677685067057,0.011217868886888,0.1732082901122244,0.0906355111132538,0.0070916840396029
low_0p300,step_e,146,146,1.46,support=0.1729,-0.0051019452512264,0.0113601135089993,0.1728874987843929,0.0900521800479063,0.0071494951425977
low_0p300,step_e,147,147,1.47,support=0.1725,-0.0051365499384701,0.0115046491846442,0.1725493968811804,0.0894712936334667,0.0072085196362291
low_0p300,step_e,148,148,1.48,support=0.1722,-0.0051718079484999,0.0116514945402741,0.172194340425097,0.0888930038998798,0.0072686840072997
low_0p300,step_e,149,149,1.49,support=0.1718,-0.0052079036831855,0.01180066075176,0.1718227811728951,0.0883176802954309,0.0073299188817113
low_0p300,step_e,150,150,1.5,support=0.1714,-0.0052450061775743,0.0119521738961339,0.1714351258618025,0.0877456258802778,0.0073921576875437
low_0p300,step_e,151,151,1.51,support=0.1710,-0.0052832686342298,0.012106068432331,0.1710317380078269,0.0871770277492579,0.0074553385404299
low_0p300,step_e,152,152,1.52,support=0.1706,-0.0053228223696351,0.0122623713687062,0.1706130164957209,0.0866121464260822,0.0075194035931942
low_0p300,step_e,153,153,1.53,support=0.1702,-0.0053637847304344,0.0124211153015494,0.1701793477702287,0.0860512357990563,0.0075842979967787
low_0p300,step_e,154,154,1.54,support=0.1697,-0.0054062656126916,0.0125823384150862,0.1697310860154065,0.0854944714457029,0.0076499696433909
low_0p300,step_e,155,155,1.55,support=0.1693,-0.0054503623396158,0.0127460770308971,0.1692685822659642,0.0849420153558467,0.007716369630647
low_0p300,step_e,156,156,1.56,support=0.1688,-0.0054961605928838,0.0129123628139495,0.1687922042243149,0.0843940886206014,0.0077834522650638
low_0p300,step_e,157,157,1.57,support=0.1683,-0.0055437381379306,0.013081232085824,0.1683023087058609,0.08385089182351,0.0078511725354436
low_0p300,step_e,158,158,1.58,support=0.1678,-0.0055931746028363,0.0132527286186814,0.1677992009249614,0.0833125093799269,0.0079194866120664
low_0p300,step_e,159,159,1.59,support=0.1673,-0.0056445375084877,0.0134268887341022,0.1672832123687552,0.0827790846222368,0.0079883541256775
low_0p300,step_e,160,160,1.6,support=0.1668,-0.0056978855282068,0.0136037459596991,0.1667546920502105,0.0822508267719474,0.0080577343706458
low_0p300,step_e,161,161,1.61,support=0.1662,-0.0057532894425094,0.0137833440676331,0.1662139246771072,0.0817277989730911,0.0081275910493718
low_0p300,step_e,162,162,1.62,support=0.1657,-0.0058108074590563,0.0139657231047749,0.1656611977634849,0.0812100704939248,0.0081978868960121
low_0p300,step_e,163,163,1.6300000000000001,support=0.1651,-0.0058704917319118,0.0141509156674146,0.1650968384107889,0.0806978137133055,0.008268587868655
low_0p300,step_e,164,164,1.6400000000000001,support=0.1645,-0.0059324000030756,0.014338961802423,0.1645211206515529,0.0801911065184495,0.0083396592937395
low_0p300,step_e,165,165,1.6500000000000001,support=0.1639,-0.0059965900145471,0.0145299071446061,0.1639343040174145,0.0796899781809891,0.0084110687314723
low_0p300,step_e,166,166,1.6600000000000001,support=0.1633,-0.0060631120577454,0.0147237870842218,0.1633366644033268,0.0791945148056994,0.0084827836878805
low_0p300,step_e,167,167,1.67,support=0.1627,-0.0061320159584283,0.0149206407368183,0.1627284694960079,0.0787047977127216,0.008554772348171
low_0p300,step_e,168,168,1.68,support=0.1621,-0.006203357130289,0.0151205109432339,0.1621099618351058,0.0782208626727442,0.0086270053448795
low_0p300,step_e,169,169,1.69,support=0.1615,-0.0062771853990852,0.0153234358876943,0.1614813872003009,0.0777427547342016,0.0086994521865159
low_0p300,step_e,170,170,1.7,support=0.1608,-0.006353554315865,0.0155294565483927,0.1608429812602655,0.077270511079941,0.0087720854920184
low_0p300,step_e,171,171,1.71,support=0.1602,-0.0064325160346925,0.0157386139035224,0.1601949636389485,0.0768041446801332,0.008844877122479
low_0p300,step_e,172,172,1.72,support=0.1595,-0.006514121312648,0.0159509479999542,0.1595375562601956,0.0763436809486051,0.0089177991430299
low_0p300,step_e,173,173,1.73,support=0.1589,-0.0065984232351183,0.0161665007472038,0.1588709697236008,0.0758891346524645,0.0089908250308461
low_0p300,step_e,174,174,1.74,support=0.1582,-0.0066854758188128,0.0163853131234645,0.1581954063107693,0.0754405107104242,0.0090639306269011
low_0p300,step_e,175,175,1.75,support=0.1575,-0.0067753321491181,0.0166074242442846,0.1575110586583263,0.0749978038590014,0.0091370906283939
low_0p300,step_e,176,176,1.76,support=0.1568,-0.0068680462427437,0.0168328788131475,0.1568181097633208,0.0745609954804772,0.0092102788811515
low_0p300,step_e,177,177,1.77,support=0.1561,-0.0069636697880923,0.0170617178082466,0.1561167417608577,0.0741300786454783,0.0092834702012833
low_0p300,step_e,178,178,1.78,support=0.1554,-0.0070622591301798,0.0172939840704202,0.1554071306296128,0.0737050453359177,0.0093566415444106
low_0p300,step_e,179,179,1.79,support=0.1547,-0.0071638701483607,0.0175297204405069,0.1546894351580121,0.0732858594669411,0.0094297693282866
low_0p300,step_e,180,180,1.8,support=0.1540,-0.0072685587219893,0.0177689734846353,0.1539638120275239,0.0728724867962195,0.0095028292274739
low_0p300,step_e,181,181,1.81,support=0.1532,-0.0073763839900493,0.0180117841809988,0.153230407697294,0.0724648866436809,0.0095757996661455
low_0p300,step_e,182,182,1.82,support=0.1525,-0.0074874027632176,0.0182581972330808,0.1524893659378001,0.0720630216085114,0.0096486577373648
low_0p300,step_e,183,183,1.83,support=0.1517,-0.0076016723178327,0.0185082573443651,0.1517408271143448,0.0716668560958084,0.0097213808146663
low_0p300,step_e,184,184,1.84,support=0.1510,-0.0077192545868456,0.0187620092183351,0.150984914304623,0.0712763337639908,0.0097939480548258
low_0p300,step_e,185,185,1.85,support=0.1502,-0.0078402105718851,0.0190194975584745,0.1502217495477497,0.0708913982796181,0.0098663384545077
low_0p300,step_e,278,278,2.7800000000000002,hip_yaw=0.0702,-0.0475655235350132,0.0701601281762123,0.0460766701912107,0.0278391725901357,0.0132156645361374
low_0p300,step_e,279,279,2.79,hip_yaw=0.0711,-0.0484147705137729,0.0710769742727279,0.0446242490864539,0.0268269608696007,0.0131906985389652
low_0p300,step_e,280,280,2.8000000000000003,hip_yaw=0.0720,-0.0492670573294162,0.0719946175813674,0.0431784303077848,0.0258134898021092,0.0131642156551838
low_0p300,step_e,281,281,2.81,hip_yaw=0.0729,-0.0501218140125274,0.0729124546051025,0.0417400608587615,0.0247996875262693,0.0131362339173115
low_0p300,step_e,282,282,2.82,hip_yaw=0.0738,-0.0509784631431102,0.0738298967480659,0.0403099860444087,0.0237864718321834,0.0131067739863355
low_0p300,step_e,283,283,2.83,hip_yaw=0.0747,-0.0518364124000072,0.0747463330626487,0.0388890521300211,0.0227747565502604,0.0130758573785727
low_0p300,step_e,284,284,2.84,hip_yaw=0.0757,-0.0526950620114803,0.075661152601242,0.0374781053073636,0.0217654553336325,0.013043508259163
low_0p300,step_e,285,285,2.85,hip_yaw=0.0766,-0.0535538122057914,0.0765737295150756,0.0360779862537842,0.0207594619946457,0.0130097507879531
low_0p300,step_e,286,286,2.86,hip_yaw=0.0775,-0.054412055760622,0.0774834528565406,0.0346895336539673,0.0197576647772808,0.0129746118044807
low_0p300,step_e,287,287,2.87,hip_yaw=0.0784,-0.0552691742777824,0.0783896967768669,0.0333135866135452,0.018760951290668,0.0129381200388974
low_0p300,step_e,288,288,2.88,hip_yaw=0.0793,-0.0561245456337928,0.0792918354272842,0.0319509771456631,0.0177701976971528,0.0129003046659557
low_0p300,step_e,289,289,2.89,hip_yaw=0.0802,-0.0569775477051734,0.0801892355084419,0.0306025317392803,0.01678626361966,0.0128611966227673
low_0p300,step_e,290,290,2.9,hip_yaw=0.0811,-0.0578275546431541,0.0810812637209892,0.0292690728405411,0.015810008576245,0.0128208255945633
low_0p300,step_e,291,291,2.91,hip_yaw=0.0820,-0.058673933148384,0.0819673091173172,0.0279514171788513,0.0148422775662858,0.0127792262621971
low_0p300,step_e,292,292,2.92,hip_yaw=0.0828,-0.0595160536468029,0.0828467234969139,0.0266503726702512,0.0138839044128906,0.0127364349873437
low_0p300,step_e,293,293,2.93,hip_yaw=0.0837,-0.0603532865643501,0.0837188810110092,0.0253667423980572,0.0129357163950002,0.0126924882377727
low_0p300,step_e,294,294,2.94,hip_yaw=0.0846,-0.061184998601675,0.0845831707119941,0.0241013192855493,0.0119985250899299,0.0126474201216085
low_0p300,step_e,295,295,2.95,hip_yaw=0.0854,-0.0620105601847171,0.0854389667510986,0.0228548884785298,0.0110731311841801,0.012601270921855
low_0p300,step_e,296,296,2.96,hip_yaw=0.0863,-0.0628293380141258,0.0862856432795524,0.0216282266114083,0.0101603252984275,0.0125540790423643
low_0p300,step_e,297,297,2.97,hip_yaw=0.0871,-0.0636407136917114,0.0871225968003273,0.0204220998626798,0.0092608857519565,0.0125058837533184
low_0p300,step_e,298,298,2.98,hip_yaw=0.0879,-0.0644440501928329,0.0879492163658142,0.019237263526449,0.0083755773149677,0.0124567277654443
low_0p300,step_e,299,299,2.99,hip_yaw=0.0888,-0.065238744020462,0.0887648984789848,0.018074461718268,0.0075051515192683,0.0124066532361822
low_0p300,step_e,300,300,3.0,hip_yaw=0.0896,-0.0660241767764091,0.0895690619945526,0.0169344271081901,0.0066503456763388,0.0123557015085293
low_0p300,step_e,301,301,3.0100000000000002,hip_yaw=0.0904,-0.0667997300624847,0.0903611108660698,0.0158178804136924,0.0058118834008219,0.0123039156863719
low_0p300,step_e,302,302,3.02,hip_yaw=0.0911,-0.0675648227334022,0.091140478849411,0.0147255298239808,0.0049904790132326,0.0122513398054761
low_0p300,step_e,303,303,3.0300000000000002,hip_yaw=0.0919,-0.0683188438415527,0.0919065997004509,0.013658068959067,0.0041868262777401,0.0121980183525947
low_0p300,step_e,304,304,3.04,hip_yaw=0.0927,-0.0690612196922302,0.0926589146256446,0.0126161766321749,0.0034016018893636,0.0121439964490521
low_0p300,step_e,305,305,3.0500000000000003,hip_yaw=0.0934,-0.0697913691401481,0.0933968871831893,0.0116005199007881,0.0026354769917132,0.0120893208100143
low_0p300,step_e,306,306,3.06,hip_yaw=0.0941,-0.0705087259411811,0.0941199734807014,0.0106117485849452,0.0018890996764306,0.0120340357187706
low_0p300,step_e,307,307,3.0700000000000003,hip_yaw=0.0948,-0.0712127387523651,0.0948276668787002,0.0096504965769334,0.0011631036359251,0.0119781868705778
low_0p300,step_e,308,308,3.08,hip_yaw=0.0955,-0.0719028711318969,0.0955194607377052,0.0087173831150736,0.0004581055729798,0.0119218212017582
low_0p300,step_e,309,309,3.09,hip_yaw=0.0962,-0.0725785866379737,0.0961948633193969,0.0078130088607398,-0.0002252943104453,0.011864985277092
low_0p300,step_e,310,310,3.1,hip_yaw=0.0969,-0.0732393637299537,0.0968533903360366,0.0069379595552298,-0.0008865096469789,0.0118077258914451
low_0p300,step_e,311,311,3.11,hip_yaw=0.0975,-0.0738847032189369,0.0974946022033691,0.0060928018229932,-0.0015249745568054,0.011750088607477
low_0p300,step_e,312,312,3.12,hip_yaw=0.0981,-0.0745141208171844,0.0981180369853973,0.0052780833376331,-0.0021401426347364,0.0116921199069112
low_0p300,step_e,313,313,3.13,hip_yaw=0.0987,-0.0751271396875381,0.0987232774496078,0.0044943333463544,-0.0027314821303309,0.0116338656067032
low_0p300,step_e,314,314,3.14,hip_yaw=0.0993,-0.075723297894001,0.0993099063634872,0.0037420641249721,-0.0032984796257199,0.0115753717540096
low_0p300,step_e,315,315,3.15,hip_yaw=0.0999,-0.0763021558523178,0.099877543747425,0.003021765564083,-0.0038406401138105,0.0115166829224378
low_0p300,step_e,316,316,3.16,hip_yaw=0.1004,-0.0768632963299751,0.1004258096218109,0.0023339080779426,-0.0043574910954205,0.0114578449924252
low_0p300,step_e,317,317,3.17,hip_yaw=0.1010,-0.0774063169956207,0.1009543538093566,0.0016789408731075,-0.0048485809733194,0.01139890193581
low_0p300,step_e,318,318,3.18,hip_yaw=0.1015,-0.0779308155179023,0.1014628410339355,0.0010572964257565,-0.0053134652835836,0.0113398992595677
low_0p300,step_e,319,319,3.19,hip_yaw=0.1020,-0.0784364342689514,0.1019509583711624,0.000469381430282,-0.0057517285179269,0.0112808800028894
low_0p300,step_e,320,320,3.2,hip_yaw=0.1024,-0.0789228230714798,0.1024184077978134,-8.442088334255082e-05,-0.0061629821642991,0.0112218883129286
low_0p300,step_e,321,321,3.21,hip_yaw=0.1029,-0.0793896466493606,0.102864921092987,-0.0006037423764264,-0.0065468406079858,0.0111629648298072
low_0p300,step_e,322,322,3.22,hip_yaw=0.1033,-0.0798365995287895,0.103290244936943,-0.0010882423695782,-0.0069029489035346,0.0111041517907192
low_0p300,step_e,323,323,3.23,hip_yaw=0.1037,-0.0802633911371231,0.1036941483616828,-0.0015376060649823,-0.0072309825777255,0.0110454921372393
low_0p300,step_e,324,324,3.24,hip_yaw=0.1041,-0.0806697607040405,0.1040764227509498,-0.0019515335780919,-0.0075306178305068,0.0109870247982081
low_0p300,step_e,325,325,3.25,hip_yaw=0.1044,-0.0810554549098014,0.1044368743896484,-0.0023297532391013,-0.0078015627817311,0.0109287889460877
low_0p300,step_e,326,326,3.2600000000000002,hip_yaw=0.1048,-0.0814202576875686,0.104775346815586,-0.0026720200910381,-0.0080435521527546,0.0108708238365003
low_0p300,step_e,327,327,3.27,hip_yaw=0.1051,-0.0817639529705047,0.1050916984677314,-0.0029781076037316,-0.0082563321103232,0.0108131658010268
low_0p300,step_e,328,328,3.2800000000000002,hip_yaw=0.1054,-0.082086369395256,0.1053858026862144,-0.0032478166163903,-0.0084396763953557,0.010755851183903
low_0p300,step_e,329,329,3.29,hip_yaw=0.1057,-0.0823873430490493,0.1056575626134872,-0.0034809721628259,-0.0085933782835464,0.0106989172538875
low_0p300,step_e,330,330,3.3000000000000003,hip_yaw=0.1059,-0.0826667472720146,0.1059069037437439,-0.0036774242329254,-0.0087172556369081,0.0106424000537617
low_0p300,step_e,331,331,3.31,hip_yaw=0.1061,-0.0829244628548622,0.1061337739229202,-0.003837047584139,-0.0088111472263841,0.0105863323018079
low_0p300,step_e,332,332,3.3200000000000003,hip_yaw=0.1063,-0.083160400390625,0.1063381507992744,-0.0039597422474953,-0.0088749150416738,0.0105307466804699
low_0p300,step_e,333,333,3.33,hip_yaw=0.1065,-0.083374485373497,0.1065200120210647,-0.004045433969611,-0.0089084420897113,0.0104756732381432
low_0p300,step_e,334,334,3.34,hip_yaw=0.1067,-0.0835666805505752,0.1066793799400329,-0.0040940737686313,-0.0089116374278442,0.0104211438309138
low_0p300,step_e,335,335,3.35,hip_yaw=0.1068,-0.0837369561195373,0.106816291809082,-0.0041056396051677,-0.0088844319853229,0.0103671882178053
low_0p300,step_e,336,336,3.36,hip_yaw=0.1069,-0.0838853269815445,0.1069308146834373,-0.00408013291927,-0.0088267763895476,0.0103138372105377
low_0p300,step_e,337,337,3.37,hip_yaw=0.1070,-0.0840118005871772,0.1070230156183242,-0.004017583126,-0.0087386480088899,0.0102611170063746
low_0p300,step_e,338,338,3.38,hip_yaw=0.1071,-0.0841164290904998,0.1070930063724517,-0.0039180462015075,-0.0086200489136896,0.0102090519163475
low_0p300,step_e,339,339,3.39,hip_yaw=0.1071,-0.084199272096157,0.1071409061551094,-0.003781600934065,-0.0084709955683225,0.0101576695874369
low_0p300,step_e,340,340,3.4,hip_yaw=0.1072,-0.0842604264616966,0.1071668714284896,-0.0036083546202927,-0.0082915340730073,0.0101069943927251
low_0p300,step_e,341,341,3.41,hip_yaw=0.1072,-0.0842999964952468,0.1071710661053657,-0.0033984439081199,-0.0080817424143889,0.0100570490140224
low_0p300,step_e,342,342,3.42,hip_yaw=0.1072,-0.0843181237578392,0.1071536764502525,-0.0031520242835218,-0.0078417045636912,0.0100078557139497
low_0p300,step_e,343,343,3.43,hip_yaw=0.1071,-0.0843149423599243,0.1071149110794067,-0.0028692810716122,-0.0075715334117409,0.0099594333501655
low_0p300,step_e,344,344,3.44,hip_yaw=0.1071,-0.0842906460165977,0.1070550084114074,-0.0025504289581652,-0.0072713733229968,0.0099118032611798
low_0p300,step_e,345,345,3.45,hip_yaw=0.1070,-0.084245428442955,0.1069741994142532,-0.0021957038467395,-0.0069413832969499,0.0098649863528926
low_0p300,step_e,346,346,3.46,hip_yaw=0.1069,-0.0841794908046722,0.1068727672100067,-0.0018053698324956,-0.0065817471900829,0.009818999447966
low_0p300,step_e,347,347,3.47,hip_yaw=0.1068,-0.0840930789709091,0.1067509949207305,-0.0013797164878321,-0.0061926758209146,0.0097738574181515
low_0p300,step_e,348,348,3.48,hip_yaw=0.1066,-0.0839864388108253,0.1066091805696487,-0.0009190593431789,-0.0057743996608194,0.0097295783499778
low_0p300,step_e,349,349,3.49,hip_yaw=0.1064,-0.0838598534464836,0.1064476519823074,-0.00042373771877,-0.0053271684639868,0.0096861766000312
low_0p300,step_e,350,350,3.5,hip_yaw=0.1063,-0.083713598549366,0.1062667518854141,0.0001058822757125,-0.0048512569700212,0.0096436647211559
low_0p300,step_e,351,351,3.5100000000000002,hip_yaw=0.1061,-0.0835479944944381,0.1060668379068374,0.0006694087004001,-0.004346967805828,0.0096020559975692
low_0p300,step_e,352,352,3.52,hip_yaw=0.1058,-0.0833633542060852,0.1058482825756073,0.0012664244638219,-0.0038146205503913,0.0095613626393188
low_0p300,step_e,353,353,3.5300000000000002,hip_yaw=0.1056,-0.0831600353121757,0.105611465871334,0.0018964903766617,-0.0032545561992882,0.009521596778695
low_0p300,step_e,354,354,3.54,hip_yaw=0.1054,-0.0829383954405784,0.1053567975759506,0.0025591403699818,-0.0026671389657374,0.0094827683121769
low_0p300,step_e,355,355,3.5500000000000003,hip_yaw=0.1051,-0.0826987922191619,0.1050847023725509,0.0032538840062101,-0.0020527575355405,0.0094448851304427
low_0p300,step_e,356,356,3.56,hip_yaw=0.1048,-0.0824416279792785,0.1047955974936485,0.0039802091897719,-0.0014118157426552,0.0094079562941596
low_0p300,step_e,357,357,3.5700000000000003,hip_yaw=0.1045,-0.0821673050522804,0.1044899374246597,0.004737579212177,-0.0007447414330987,0.0093719894357354
low_0p300,step_e,358,358,3.58,hip_yaw=0.1042,-0.081876240670681,0.1041681841015815,0.0055254327264251,-5.198640863410734e-05,0.0093369911536695
low_0p300,step_e,359,359,3.59,hip_yaw=0.1038,-0.0815688595175743,0.103830799460411,0.0063431857910505,0.0006659761313346,0.0093029675833879
low_0p300,step_e,360,360,3.6,hip_yaw=0.1035,-0.0812456086277961,0.103478267788887,0.0071902341666098,0.0014086612973043,0.0092699242645829
low_0p300,step_e,361,361,3.61,hip_yaw=0.1031,-0.0809069350361824,0.1031110808253288,0.0080659512098107,0.0021755611813941,0.0092378633769177
low_0p300,step_e,362,362,3.62,hip_yaw=0.1027,-0.0805533155798912,0.102729745209217,0.008969684083123,0.0029661404383687,0.0092067887978223
low_0p300,step_e,363,363,3.63,hip_yaw=0.1023,-0.0801852196455001,0.1023347675800323,0.009900764306674,0.0037798528331404,0.0091767042819377
low_0p300,step_e,364,364,3.64,hip_yaw=0.1019,-0.0798031389713287,0.1019266694784164,0.0108585013940213,0.0046161358856515,0.0091476119875653
low_0p300,step_e,365,365,3.65,hip_yaw=0.1015,-0.0794075578451156,0.1015059724450111,0.0118421805614295,0.0054743988289279,0.009119513035273
low_0p300,step_e,366,366,3.66,hip_yaw=0.1011,-0.0789989903569221,0.1010732278227806,0.0128510709035817,0.006354039519521,0.0090924084102799
low_0p300,step_e,367,367,3.67,hip_yaw=0.1006,-0.0785779431462287,0.1006289571523666,0.0138844222971665,0.0072544374800302,0.0090662966432505
low_0p300,step_e,368,368,3.68,hip_yaw=0.1002,-0.0781449377536773,0.1001737341284751,0.0149414639660612,0.0081749550795602,0.0090411782042227
low_0p300,step_e,369,369,3.69,hip_yaw=0.0997,-0.0777005031704902,0.0997080877423286,0.0160214084595671,0.00911493726595,0.0090170538529773
low_0p300,step_e,370,370,3.7,hip_yaw=0.0992,-0.0772451683878898,0.0992325916886329,0.0171234490952505,0.010073713563228,0.008993920166761
low_0p300,step_e,371,371,3.71,hip_yaw=0.0987,-0.0767794623970985,0.0987478047609329,0.0182467630943302,0.0110505998064376,0.0089717761118681
low_0p300,step_e,372,372,3.72,hip_yaw=0.0983,-0.0763039365410804,0.0982542932033538,0.0193905101059331,0.0120448946772085,0.0089506206870144
low_0p300,step_e,373,373,3.73,hip_yaw=0.0978,-0.0758191272616386,0.0977526307106018,0.0205538338604166,0.0130558807928822,0.0089304474982535
low_0p300,step_e,374,374,3.74,hip_yaw=0.0972,-0.0753255933523178,0.0972433909773826,0.0217358634302513,0.0140828293169493,0.0089112528561934
low_0p300,step_e,375,375,3.75,hip_yaw=0.0967,-0.0748238861560821,0.0967271327972412,0.0229357132431551,0.0151249974850797,0.0088930339562457
low_0p300,step_e,376,376,3.7600000000000002,hip_yaw=0.0962,-0.0743145495653152,0.0962044522166252,0.024152482785347,0.0161816298102146,0.0088757856924933
low_0p300,step_e,377,377,3.77,hip_yaw=0.0957,-0.0737981498241424,0.0956759080290794,0.0253852585868141,0.017251956873115,0.0088595040622249
low_0p300,step_e,378,378,3.7800000000000002,hip_yaw=0.0951,-0.0732752382755279,0.095142088830471,0.0266331136583519,0.0183351989252672,0.0088441840726001
low_0p300,step_e,379,379,3.79,hip_yaw=0.0946,-0.0727463737130165,0.0946035608649253,0.0278951099955388,0.0194305669366135,0.0088298186297184
low_0p300,step_e,380,380,3.8000000000000003,hip_yaw=0.0941,-0.0722121074795723,0.0940608978271484,0.0291702967409465,0.0205372582109338,0.0088164012006025
low_0p300,step_e,381,381,3.81,hip_yaw=0.0935,-0.0716730132699012,0.0935146883130073,0.0304577125629376,0.0216544593194672,0.0088039252443127
low_0p300,step_e,382,382,3.8200000000000003,hip_yaw=0.0930,-0.0711296275258064,0.0929654836654663,0.0317563869573502,0.0227813515900137,0.0087923838997496
low_0p300,step_e,383,383,3.83,hip_yaw=0.0924,-0.0705825164914131,0.0924138650298118,0.0330653395032971,0.0239171048772123,0.0087817685991589
low_0p300,step_e,384,384,3.84,hip_yaw=0.0919,-0.0700322315096855,0.0918603911995887,0.0343835805556468,0.0250608823152663,0.008772072774337
low_0p300,step_e,385,385,3.85,hip_yaw=0.0913,-0.0694793164730072,0.091305635869503,0.0357101131104903,0.02621183912783,0.0087632882453153
low_0p300,step_e,386,386,3.86,hip_yaw=0.0908,-0.0689243227243423,0.0907501429319381,0.0370439321458619,0.0273691192336459,0.0087554067027539
low_0p300,step_e,387,387,3.87,hip_yaw=0.0902,-0.0683677941560745,0.090194471180439,0.038384028252283,0.028531870135762,0.0087484200690597
low_0p300,step_e,388,388,3.88,hip_yaw=0.0896,-0.0678102672100067,0.0896391794085502,0.0397293846822473,0.0296992281376151,0.0087423176053863
low_0p300,step_e,389,389,3.89,hip_yaw=0.0891,-0.0672522857785224,0.0890848040580749,0.0410789785656588,0.0308703202517603,0.0087370904460821
low_0p300,step_e,390,390,3.9,hip_yaw=0.0885,-0.0666943714022636,0.0885318890213966,0.0424317856926024,0.0320442811357076,0.0087327292154045
low_0p300,step_e,391,391,3.91,hip_yaw=0.0880,-0.0661370530724525,0.0879809632897377,0.0437867760410398,0.0332202295294926,0.008729223318273
low_0p300,step_e,392,392,3.92,hip_yaw=0.0874,-0.0655808597803115,0.0874325558543205,0.0451429177302628,0.0343972903475447,0.0087265628769147
low_0p300,step_e,393,393,3.93,hip_yaw=0.0869,-0.0650262907147407,0.0868871882557869,0.046499178655288,0.0355745844676848,0.0087247358327124
low_0p300,step_e,394,394,3.94,hip_yaw=0.0863,-0.0644738674163818,0.0863453820347786,0.0478545215419349,0.0367512235029283,0.0087237319566668
low_0p300,step_e,395,395,3.95,hip_yaw=0.0858,-0.0639240965247154,0.0858076363801956,0.0492079131154648,0.0379263288116432,0.0087235392386018
low_0p300,step_e,396,396,3.96,hip_yaw=0.0853,-0.0633774623274803,0.0852744579315185,0.0505583192863539,0.0390990204476578,0.0087241475695326
low_0p300,step_e,397,397,3.97,hip_yaw=0.0847,-0.0628344714641571,0.0847463384270668,0.0519047059041039,0.0402684137583852,0.0087255455780486
low_0p300,step_e,398,398,3.98,hip_yaw=0.0842,-0.0622955933213233,0.0842237621545791,0.053246041246707,0.041433625909462,0.0087277197837868
low_0p300,step_e,399,399,3.99,hip_yaw=0.0837,-0.0617613084614276,0.0837072134017944,0.0545812976624134,0.0425937821204669,0.0087306576036519
low_0p300,step_e,400,400,4.0,hip_yaw=0.0832,-0.0612320862710475,0.083197146654129,0.0559094499640257,0.0437480052953778,0.0087343479405677
low_0p300,step_e,401,401,4.01,hip_yaw=0.0827,-0.0607083924114704,0.0826940387487411,0.0572294776307,0.0448954217264739,0.0087387764851869
low_0p300,step_e,402,402,4.0200000000000005,hip_yaw=0.0822,-0.0601906739175319,0.0821983367204666,0.0585403658736207,0.0460351634526719,0.0087439300826565
low_0p300,step_e,403,403,4.03,hip_yaw=0.0817,-0.0596793815493583,0.0817104801535606,0.059841105279226,0.0471663688979335,0.0087497958021177
low_0p300,step_e,404,404,4.04,hip_yaw=0.0812,-0.0591749511659145,0.081230916082859,0.0611306930618454,0.0482881785770128,0.0087563591788846
low_0p300,step_e,405,405,4.05,hip_yaw=0.0808,-0.0586778111755847,0.0807600617408752,0.0624081339466721,0.0493997376360134,0.0087636063025492
low_0p300,step_e,406,406,4.0600000000000005,hip_yaw=0.0803,-0.0581883825361728,0.0802983418107032,0.0636724414177338,0.0505001997779503,0.0087715225523759
low_0p300,step_e,407,407,4.07,hip_yaw=0.0798,-0.0577070787549018,0.0798461586236953,0.0649226398504447,0.0515887347581275,0.0087800936093222
low_0p300,step_e,408,408,4.08,hip_yaw=0.0794,-0.0572343058884143,0.0794039145112037,0.0661577602774632,0.052664509603908,0.0087893056138871
low_0p300,step_e,409,409,4.09,hip_yaw=0.0790,-0.0567704588174819,0.0789719969034195,0.0673768428580501,0.0537266957096668,0.0087991427575496
low_0p300,step_e,410,410,4.1,hip_yaw=0.0786,-0.0563159249722957,0.078550785779953,0.0685789467638735,0.0547744928311857,0.0088095886386313
low_0p300,step_e,411,411,4.11,hip_yaw=0.0781,-0.0558710768818855,0.0781406611204147,0.0697631363413783,0.0558070974045182,0.008820626707836
low_0p300,step_e,412,412,4.12,hip_yaw=0.0777,-0.0554362870752811,0.0777419805526733,0.0709284867379205,0.0568237068180817,0.008832243464601
low_0p300,step_e,413,413,4.13,hip_yaw=0.0774,-0.0550119206309318,0.0773550942540168,0.0720740952694371,0.0578235495705046,0.0088444218267606
low_0p300,step_e,414,414,4.14,hip_yaw=0.0770,-0.0545983202755451,0.0769803449511528,0.0731990705354965,0.0588058643849516,0.0088571434216538
low_0p300,step_e,415,415,4.15,hip_yaw=0.0766,-0.0541958324611187,0.0766180679202079,0.0743025305502679,0.0597698869109356,0.0088703909893382
low_0p300,step_e,416,416,4.16,hip_yaw=0.0763,-0.0538047924637794,0.076268583536148,0.0753836144700195,0.0607148753677476,0.008884147159426
low_0p300,step_e,417,417,4.17,hip_yaw=0.0759,-0.053425520658493,0.0759322047233581,0.0764414773408145,0.0616401064644751,0.0088983940711963
low_0p300,step_e,418,418,4.18,hip_yaw=0.0756,-0.0530583336949348,0.0756092369556427,0.0774752909306305,0.0625448668122825,0.0089131148106218
low_0p300,step_e,419,419,4.19,hip_yaw=0.0753,-0.0527035407721996,0.0752999782562255,0.0784842417308537,0.0634284506261609,0.0089282919360177
low_0p300,step_e,420,420,4.2,hip_yaw=0.0750,-0.0523614361882209,0.0750047117471695,0.0794675389840568,0.0642901763124211,0.0089439046369019
low_0p300,step_e,421,421,4.21,hip_yaw=0.0747,-0.0520323105156421,0.0747237056493759,0.0804244115478878,0.065129383854629,0.0089599346192407
low_0p300,step_e,422,422,4.22,hip_yaw=0.0745,-0.0517164357006549,0.0744572356343269,0.0813541038807621,0.0659454210262041,0.0089763637541121
low_0p300,step_e,423,423,4.23,hip_yaw=0.0742,-0.0514140911400318,0.0742055401206016,0.0822558815296235,0.0667376471983178,0.0089931715817481
low_0p300,step_e,424,424,4.24,hip_yaw=0.0740,-0.0511255301535129,0.0739688798785209,0.0831290339240991,0.0675054508982522,0.0090103376476382
low_0p300,step_e,425,425,4.25,hip_yaw=0.0737,-0.0508510060608387,0.0737474933266639,0.0839728693985931,0.0682482329490272,0.009027839995689
low_0p300,step_e,426,426,4.26,hip_yaw=0.0735,-0.0505907647311687,0.0735415965318679,0.0847867191106883,0.0689654121301995,0.0090456576587226
low_0p300,step_e,427,427,4.2700000000000005,hip_yaw=0.0734,-0.0503450371325016,0.0733514055609703,0.0855699381945792,0.069656433878759,0.0090637705720968
low_0p300,step_e,428,428,4.28,hip_yaw=0.0732,-0.0501140505075454,0.0731771364808082,0.0863219021486165,0.0703207538780805,0.0090821589325102
low_0p300,step_e,429,429,4.29,hip_yaw=0.0730,-0.0498980209231376,0.0730189830064773,0.0870420127416166,0.0709578521958476,0.009100799932218
low_0p300,step_e,430,430,4.3,hip_yaw=0.0729,-0.0496971532702446,0.0728771239519119,0.0877296941863234,0.0715672277743007,0.0091196707332383
low_0p300,step_e,431,431,4.3100000000000005,hip_yaw=0.0728,-0.049511644989252,0.0727517530322074,0.0883843974331988,0.0721484041128415,0.0091387485808665
low_0p300,step_e,432,432,4.32,hip_yaw=0.0726,-0.0493416860699653,0.0726430192589759,0.0890055982618671,0.0727009245775987,0.009158010311544
low_0p300,step_e,433,433,4.33,hip_yaw=0.0726,-0.0491874553263187,0.0725511014461517,0.0895927959257725,0.0732243533632737,0.0091774340646475
low_0p300,step_e,434,434,4.34,hip_yaw=0.0725,-0.0490491278469562,0.0724761337041854,0.0901455177076307,0.0737182737687602,0.0091969970519823
low_0p300,step_e,435,435,4.3500000000000005,hip_yaw=0.0724,-0.0489268638193607,0.0724182575941085,0.0906633150848208,0.07418229204702,0.0092166739399832
low_0p300,step_e,436,436,4.36,hip_yaw=0.0724,-0.0488208122551441,0.0723776072263717,0.0911457732195693,0.074616050355494,0.0092364405701889
low_0p300,step_e,437,437,4.37,hip_yaw=0.0724,-0.0487311221659183,0.0723543018102645,0.0915924956959443,0.0750191970154998,0.0092562738894843
low_0p300,step_e,438,438,4.38,hip_yaw=0.0723,-0.0486579276621341,0.072348453104496,0.092003115082327,0.0753914017749753,0.0092761472943051
low_0p300,step_e,439,439,4.39,hip_yaw=0.0724,-0.0486013554036617,0.0723601579666137,0.0923772985232045,0.0757323752197571,0.0092960345186746
low_0p300,step_e,440,440,4.4,hip_yaw=0.0724,-0.0485615171492099,0.0723895132541656,0.0927147386928853,0.0760418506194094,0.0093159119603359
low_0p300,step_e,441,441,4.41,hip_yaw=0.0724,-0.0485385321080684,0.0724365934729576,0.0930151504896196,0.0763195661251573,0.0093357555443487
low_0p300,step_e,442,442,4.42,hip_yaw=0.0725,-0.0485324934124946,0.072501465678215,0.0932782832829471,0.0765652950021065,0.0093555385582583
low_0p300,step_e,443,443,4.43,hip_yaw=0.0726,-0.048543494194746,0.0725842043757438,0.0935039180214928,0.0767788472628574,0.0093752349041852
low_0p300,step_e,444,444,4.44,hip_yaw=0.0727,-0.0485716089606285,0.0726848617196083,0.0936918578162416,0.076960039592957,0.0093948172616556
low_0p300,step_e,445,445,4.45,hip_yaw=0.0728,-0.0486169196665287,0.0728034675121307,0.093841940539744,0.0771087219589951,0.0094142596818908
low_0p300,step_e,446,446,4.46,hip_yaw=0.0729,-0.0486794784665107,0.0729400664567947,0.0939540318108237,0.0772247719635236,0.0094335351649586
low_0p300,step_e,447,447,4.47,hip_yaw=0.0731,-0.0487593486905097,0.0730946734547615,0.0940280254541091,0.0773080823202515,0.0094526170333944
low_0p300,step_e,448,448,4.48,hip_yaw=0.0733,-0.048856571316719,0.0732673034071922,0.0940638483617648,0.0773585832058862,0.00947147784418
low_0p300,step_e,449,449,4.49,hip_yaw=0.0735,-0.0489711798727512,0.0734579563140869,0.0940614582121705,0.0773762314669962,0.0094900914361379
low_0p300,step_e,450,450,4.5,hip_yaw=0.0737,-0.0491032041609287,0.0736666321754455,0.0940208344822798,0.0773609907138027,0.0095084291506591
low_0p300,step_e,451,451,4.51,hip_yaw=0.0739,-0.0492526553571224,0.0738933086395263,0.0939419947327219,0.0773128660754109,0.0095264641851196
low_0p300,step_e,452,452,4.5200000000000005,hip_yaw=0.0741,-0.0494195446372032,0.0741379559040069,0.093824986668268,0.0772318918961226,0.0095441696334546
low_0p300,step_e,453,453,4.53,hip_yaw=0.0744,-0.0496038682758808,0.0744005367159843,0.0936698832943082,0.0771181163700596,0.0095615181279281
low_0p300,step_e,454,454,4.54,hip_yaw=0.0747,-0.049805611371994,0.0746809989213943,0.0934767912273342,0.0769716202834618,0.0095784816176782
low_0p300,step_e,455,455,4.55,hip_yaw=0.0750,-0.0500247552990913,0.0749792903661727,0.0932458468252377,0.0767925092421788,0.0095950324309288
low_0p300,step_e,456,456,4.5600000000000005,hip_yaw=0.0753,-0.0502612628042697,0.0752953365445137,0.0929772153778483,0.0765809152371597,0.0096111436081338
low_0p300,step_e,457,457,4.57,hip_yaw=0.0756,-0.0505150966346263,0.0756290629506111,0.0926710900505223,0.076336986030524,0.0096267865196302
low_0p300,step_e,458,458,4.58,hip_yaw=0.0760,-0.0507862009108066,0.0759803801774978,0.0923276972313781,0.0760609095893671,0.0096419344506406
low_0p300,step_e,459,459,4.59,hip_yaw=0.0763,-0.0510745160281658,0.076349176466465,0.0919472935654297,0.0757528973453517,0.0096565607993823
low_0p300,step_e,460,460,4.6000000000000005,hip_yaw=0.0767,-0.0513799674808979,0.0767353475093841,0.0915301584803895,0.0754131705870576,0.009670637263811
low_0p300,step_e,461,461,4.61,hip_yaw=0.0771,-0.051702469587326,0.0771387666463851,0.0910766090769827,0.0750419933247305,0.0096841382613572
low_0p300,step_e,462,462,4.62,hip_yaw=0.0776,-0.0520419366657733,0.0775592997670173,0.090586986561895,0.0746396481573558,0.0096970366429395
low_0p300,step_e,463,463,4.63,hip_yaw=0.0780,-0.0523982569575309,0.0779968053102493,0.0900616583446311,0.0742064329498306,0.0097093065057466
low_0p300,step_e,464,464,4.64,hip_yaw=0.0785,-0.0527713224291801,0.0784511268138885,0.0895010285694705,0.0737426887966613,0.0097209216467492
low_0p300,step_e,465,465,4.65,hip_yaw=0.0789,-0.0531609989702701,0.0789220854640007,0.0889055237856774,0.0732487683941081,0.0097318566842363
low_0p300,step_e,466,466,4.66,hip_yaw=0.0794,-0.0535671561956405,0.0794095247983932,0.0882755974327701,0.0727250466828792,0.0097420847450067
low_0p300,step_e,467,467,4.67,hip_yaw=0.0799,-0.0539896450936794,0.0799132287502288,0.0876117341285875,0.07217193199869,0.0097515807924031
low_0p300,step_e,468,468,4.68,hip_yaw=0.0804,-0.0544283017516136,0.0804330185055732,0.086914442925088,0.0715898482937817,0.0097603213284839
low_0p300,step_e,469,469,4.69,hip_yaw=0.0810,-0.0548829659819603,0.0809686705470085,0.0861842604193261,0.070979244561669,0.009768282222608
low_0p300,step_e,470,470,4.7,hip_yaw=0.0815,-0.0553534477949142,0.0815199539065361,0.0854217508775193,0.0703405925021465,0.0097754407548928
low_0p300,step_e,471,471,4.71,hip_yaw=0.0821,-0.0558395609259605,0.0820866450667381,0.0846275020653535,0.0696743864032453,0.0097817734366215
low_0p300,step_e,472,472,4.72,hip_yaw=0.0827,-0.0563410967588424,0.0826684832572937,0.0838021311413257,0.0689811467343659,0.0097872564671598
low_0p300,step_e,473,473,4.73,hip_yaw=0.0833,-0.056857842952013,0.0832652226090431,0.0829462747256777,0.0682614049458005,0.0097918684764278
low_0p300,step_e,474,474,4.74,hip_yaw=0.0839,-0.0573895685374736,0.0838765874505043,0.0820606003866318,0.0675157258085937,0.0097955883527519
low_0p300,step_e,475,475,4.75,hip_yaw=0.0845,-0.0579360388219356,0.0845022872090339,0.0811457950310191,0.0667446883253418,0.0097983974058837
low_0p300,step_e,476,476,4.76,hip_yaw=0.0851,-0.0584970004856586,0.0851420313119888,0.0802025708657568,0.0659488917977706,0.009800276116437
low_0p300,step_e,477,477,4.7700000000000005,hip_yaw=0.0858,-0.0590721890330314,0.0857955142855644,0.0792316648046299,0.0651289610967824,0.0098012056538688
low_0p300,step_e,478,478,4.78,hip_yaw=0.0865,-0.0596613362431526,0.086462415754795,0.0782338314853803,0.0642855287598901,0.0098011671268103
low_0p300,step_e,479,479,4.79,hip_yaw=0.0871,-0.0602641478180885,0.0871424153447151,0.0772098507048532,0.0634192537249433,0.009800142465681
low_0p300,step_e,480,480,4.8,hip_yaw=0.0878,-0.0608803294599056,0.0878351628780365,0.0761605281110908,0.0625308259965451,0.0097981178598291
low_0p300,step_e,481,481,4.8100000000000005,hip_yaw=0.0885,-0.0615095756947994,0.0885403007268905,0.0750866821175625,0.0616209334920577,0.0097950769891946
low_0p300,step_e,482,482,4.82,hip_yaw=0.0893,-0.0621515586972236,0.0892574712634086,0.07398915211221,0.0606902816644729,0.0097910063785687
low_0p300,step_e,483,483,4.83,hip_yaw=0.0900,-0.0628059431910514,0.0899863019585609,0.0728688031689182,0.0597396094403849,0.0097858923570343
low_0p300,step_e,484,484,4.84,hip_yaw=0.0907,-0.0634723901748657,0.0907263979315757,0.0717265154301902,0.0587696657378386,0.0097797225596233
low_0p300,step_e,485,485,4.8500000000000005,hip_yaw=0.0915,-0.0641505420207977,0.0914773643016815,0.0705631839998384,0.0577812041140598,0.0097724868961278
low_0p300,step_e,486,486,4.86,hip_yaw=0.0922,-0.0648400261998176,0.0922387912869453,0.0693797263789983,0.0567750050174122,0.0097641758999266
low_0p300,step_e,487,487,4.87,hip_yaw=0.0930,-0.065540462732315,0.0930102542042732,0.0681770742875644,0.0557518594957153,0.009754779392397
low_0p300,step_e,488,488,4.88,hip_yaw=0.0938,-0.0662514641880989,0.0937913283705711,0.0669561776999061,0.0547125760835027,0.0097442908401891
low_0p300,step_e,489,489,4.89,hip_yaw=0.0946,-0.0669726207852363,0.0945815667510032,0.0657180006702752,0.0536579759147863,0.009732703475702
low_0p300,step_e,490,490,4.9,hip_yaw=0.0954,-0.0677035227417945,0.0953805223107338,0.0644635203037393,0.0525888873610118,0.0097200132112152
low_0p300,step_e,491,491,4.91,hip_yaw=0.0962,-0.0684437379240989,0.0961877256631851,0.0631937285722271,0.0515061529099942,0.009706215234609
low_0p300,step_e,492,492,4.92,hip_yaw=0.0970,-0.069192849099636,0.0970027074217796,0.0619096334968347,0.0504106327508739,0.0096913082822377
low_0p300,step_e,493,493,4.93,hip_yaw=0.0978,-0.0699503868818283,0.0978249907493591,0.0606122513964699,0.0493031923867778,0.0096752902107518
low_0p300,step_e,494,494,4.94,hip_yaw=0.0987,-0.0707159042358398,0.0986540764570236,0.0593026120456008,0.0481847057983511,0.0096581608405252
low_0p300,step_e,495,495,4.95,hip_yaw=0.0995,-0.0714889392256736,0.0994894728064537,0.057981757073851,0.0470560641559782,0.0096399236064974
low_0p300,step_e,496,496,4.96,hip_yaw=0.1003,-0.072269007563591,0.1003306582570076,0.0566507362910053,0.0459181616423285,0.0096205795797754
low_0p300,step_e,497,497,4.97,hip_yaw=0.1012,-0.0730556175112724,0.1011771336197853,0.0553106098955752,0.0447719010006951,0.0096001324533631
low_0p300,step_e,498,498,4.98,hip_yaw=0.1020,-0.0738482847809791,0.1020283624529838,0.0539624469115065,0.043618196908961,0.0095785872687667
low_0p300,step_e,499,499,4.99,hip_yaw=0.1029,-0.0746465027332305,0.1028838083148002,0.0526073228297624,0.0424579660781803,0.0095559527723462
low_0p300,step_e,500,500,5.0,hip_yaw=0.1037,-0.0754497498273849,0.1037429422140121,0.05124631890483,0.0412921314458539,0.0095322360701838
low_0p300,step_e,501,501,5.01,hip_yaw=0.1046,-0.0762575194239616,0.1046052202582359,0.0498805254434744,0.0401216220780324,0.00950744566695
low_0p300,step_e,502,502,5.0200000000000005,hip_yaw=0.1055,-0.077069267630577,0.1054700762033462,0.0485110378569505,0.0389473770799963,0.0094815913471668
low_0p300,step_e,503,503,5.03,hip_yaw=0.1063,-0.0778844580054283,0.1063369587063789,0.0471389538016777,0.0377703359624308,0.0094546881842677
low_0p300,step_e,504,504,5.04,hip_yaw=0.1072,-0.0787025615572929,0.1072053015232086,0.0457653744909452,0.0365914374509618,0.0094267488507184
low_0p300,step_e,505,505,5.05,hip_yaw=0.1081,-0.0795230194926261,0.1080745458602905,0.0443914046569374,0.03541162484832,0.0093977856499269
low_0p300,step_e,506,506,5.0600000000000005,hip_yaw=0.1089,-0.0803452730178833,0.1089441105723381,0.0430181531744748,0.0342318520107295,0.0093678148175269
low_0p300,step_e,507,507,5.07,hip_yaw=0.1098,-0.0811687707901001,0.1098134219646453,0.0416467272734262,0.0330530666020588,0.0093368544437711
low_0p300,step_e,508,508,5.08,hip_yaw=0.1107,-0.0819929391145706,0.1106818988919258,0.0402782330645455,0.0318762139503246,0.0093049245871923
low_0p300,step_e,509,509,5.09,hip_yaw=0.1115,-0.0828172117471695,0.1115489676594734,0.038913779237245,0.0307022435350505,0.0092720428310025
low_0p300,step_e,510,510,5.1000000000000005,hip_yaw=0.1124,-0.0836410149931907,0.1124140322208404,0.037554472026304,0.0295321059275476,0.0092382307371514
low_0p300,step_e,511,511,5.11,hip_yaw=0.1133,-0.0844637751579284,0.1132765188813209,0.0362014144052291,0.0283667468286378,0.0092035100687579
low_0p300,step_e,512,512,5.12,hip_yaw=0.1141,-0.0852849036455154,0.1141358390450477,0.0348557070467024,0.0272071088310745,0.0091679031768079
low_0p300,step_e,513,513,5.13,hip_yaw=0.1150,-0.0861038267612457,0.1149914041161537,0.0335184466188257,0.0260541359802877,0.0091314329698545
low_0p300,step_e,514,514,5.14,hip_yaw=0.1158,-0.0869199633598327,0.1158426329493522,0.0321907244261513,0.0249087647999913,0.0090941262477089
low_0p300,step_e,515,515,5.15,hip_yaw=0.1167,-0.0877327248454094,0.1166889443993568,0.0308736261944078,0.023771927699538,0.0090560085088078
low_0p300,step_e,516,516,5.16,hip_yaw=0.1175,-0.088541530072689,0.1175297498703002,0.0295682321839444,0.022644556365933,0.009017107679281
low_0p300,step_e,517,517,5.17,hip_yaw=0.1184,-0.0893458053469657,0.1183644831180572,0.0282756133283148,0.021527570196583,0.0089774519735629
low_0p300,step_e,518,518,5.18,hip_yaw=0.1192,-0.0901449546217918,0.1191925555467605,0.0269968334768248,0.0204218847011135,0.0089370685131661
low_0p300,step_e,519,519,5.19,hip_yaw=0.1200,-0.0909384116530418,0.1200134009122848,0.0257329485017875,0.0193284108271201,0.0088959877424864
low_0p300,step_e,520,520,5.2,hip_yaw=0.1208,-0.0917256027460098,0.1208264604210853,0.02448500273631,0.0182480510481168,0.0088542390793291
low_0p300,step_e,521,521,5.21,hip_yaw=0.1216,-0.0925059467554092,0.1216311603784561,0.0232540297692866,0.0171816940165384,0.0088118538716818
low_0p300,step_e,522,522,5.22,hip_yaw=0.1224,-0.0932788848876953,0.1224269568920135,0.0220410524588122,0.0161302233578854,0.0087688642723137
low_0p300,step_e,523,523,5.23,hip_yaw=0.1232,-0.094043843448162,0.1232132986187934,0.020847082285831,0.0150945151994015,0.0087253013944188
low_0p300,step_e,524,524,5.24,hip_yaw=0.1240,-0.0948002859950065,0.1239896491169929,0.0196731154011406,0.0140754274648131,0.0086811975353084
low_0p300,step_e,525,525,5.25,hip_yaw=0.1248,-0.0955476388335228,0.1247554719448089,0.0185201358970304,0.0130738133708558,0.0086365885502971
low_0p300,step_e,526,526,5.26,hip_yaw=0.1255,-0.096285380423069,0.1255102455615997,0.0173891134625931,0.0120905152284229,0.0085915077399776
low_0p300,step_e,527,527,5.2700000000000005,hip_yaw=0.1263,-0.0970129668712616,0.1262534707784652,0.0162810001342289,0.011126355689249,0.0085459885048823
low_0p300,step_e,528,528,5.28,hip_yaw=0.1270,-0.0977298766374588,0.1269846260547638,0.0151967333446046,0.0101821468396486,0.0085000636700991
low_0p300,step_e,529,529,5.29,hip_yaw=0.1277,-0.0984355881810188,0.1277032196521759,0.0141372340011742,0.0092586923178338,0.0084537698219157
low_0p300,step_e,530,530,5.3,hip_yaw=0.1284,-0.099129594862461,0.1284087896347046,0.0131034043933172,0.0083567762148543,0.0084071405832748
low_0p300,step_e,531,531,5.3100000000000005,hip_yaw=0.1291,-0.0998114123940467,0.1291008591651916,0.0120961277666987,0.0074771666095865,0.0083602114434586
low_0p300,step_e,532,532,5.32,hip_yaw=0.1298,-0.1004805415868759,0.12977896630764,0.0111162691327636,0.0066206173026378,0.0083130160474031
low_0p300,step_e,533,533,5.33,hip_yaw=0.1304,-0.1011365205049514,0.1304426938295364,0.0101646738622858,0.0057878642715609,0.0082655889146419
low_0p300,step_e,534,534,5.34,hip_yaw=0.1311,-0.101778894662857,0.1310916095972061,0.0092421664536667,0.0049796312467736,0.0082179666928585
low_0p300,step_e,535,535,5.3500000000000005,hip_yaw=0.1317,-0.1024072170257568,0.1317252814769745,0.0083495493772937,0.0041966194628771,0.0081701835135072
low_0p300,step_e,536,536,5.36,hip_yaw=0.1323,-0.1030210554599762,0.1323433518409729,0.0074876026044384,0.003439511360581,0.0081222727006735
low_0p300,step_e,537,537,5.37,hip_yaw=0.1329,-0.1036200001835823,0.1329454034566879,0.0066570861644224,0.0027089750404133,0.0080742692705864
low_0p300,step_e,538,538,5.38,hip_yaw=0.1335,-0.1042036414146423,0.1335310935974121,0.005858734911233,0.0020056575437059,0.0080262088115533
low_0p300,step_e,539,539,5.39,hip_yaw=0.1341,-0.1047716066241264,0.134100079536438,0.0050932581069167,0.0013301808142821,0.0079781257611295
low_0p300,step_e,540,540,5.4,hip_yaw=0.1347,-0.1053235307335853,0.1346520334482193,0.0043613440633178,0.000683151881256,0.007930051755927
low_0p300,step_e,541,541,5.41,hip_yaw=0.1352,-0.1058590486645698,0.1351866424083709,0.0036636553071071,6.516129088884938e-05,0.0078820199265713
low_0p300,step_e,542,542,5.42,hip_yaw=0.1357,-0.1063778474926948,0.1357036232948303,0.0030008261329139,-0.000523230660275,0.0078340621809524
low_0p300,step_e,543,543,5.43,hip_yaw=0.1362,-0.106879599392414,0.1362026929855346,0.0023734653987074,-0.0010814862416843,0.0077862099289321
low_0p300,step_e,544,544,5.44,hip_yaw=0.1367,-0.1073640137910842,0.1366836130619049,0.0017821564836574,-0.0016090831714671,0.0077384965405848
low_0p300,step_e,545,545,5.45,hip_yaw=0.1371,-0.1078308224678039,0.1371461302042007,0.0012274543950334,-0.0021055271082086,0.00769095358981
low_0p300,step_e,546,546,5.46,hip_yaw=0.1376,-0.1082797572016716,0.1375900655984878,0.0007098868764394,-0.0025703468289844,0.0076436107619161
low_0p300,step_e,547,547,5.47,hip_yaw=0.1380,-0.1087105944752693,0.1380151957273483,0.0002299542582798,-0.0030030894245108,0.0075964988374269
low_0p300,step_e,548,548,5.48,hip_yaw=0.1384,-0.1091231107711792,0.138421356678009,-0.0002118742672934,-0.003403332368379,0.0075496462292617
low_0p300,step_e,549,549,5.49,hip_yaw=0.1388,-0.1095171049237251,0.138808399438858,-0.0006151577141646,-0.0037706793361109,0.0075030802402857
low_0p300,step_e,550,550,5.5,hip_yaw=0.1392,-0.1098924130201339,0.1391762048006057,-0.0009794840875413,-0.0041047546520948,0.007456827628194
low_0p300,step_e,551,551,5.51,hip_yaw=0.1395,-0.1102488711476326,0.1395246535539627,-0.0013044710748822,-0.0044052058261963,0.0074109170180331
low_0p300,step_e,552,552,5.5200000000000005,hip_yaw=0.1399,-0.1105863526463508,0.1398536711931228,-0.0015897681354582,-0.004671713286457,0.0073653741332173
low_0p300,step_e,553,553,5.53,hip_yaw=0.1402,-0.1109047457575798,0.140163168311119,-0.0018350552439609,-0.0049039799905543,0.0073202240019393
low_0p300,step_e,554,554,5.54,hip_yaw=0.1405,-0.1112039610743522,0.1404531300067901,-0.0020400412550113,-0.0051017321625911,0.0072754919477788
low_0p300,step_e,555,555,5.55,hip_yaw=0.1407,-0.1114839240908622,0.1407235115766525,-0.00220446969404,-0.0052647289744937,0.0072312014647364
low_0p300,step_e,556,556,5.5600000000000005,hip_yaw=0.1410,-0.1117445901036262,0.1409743130207061,-0.0023281150980841,-0.0053927550932037,0.0071873743248798
low_0p300,step_e,557,557,5.57,hip_yaw=0.1412,-0.1119859367609024,0.1412055641412735,-0.0024107811637141,-0.005485617631416,0.0071440303059243
low_0p300,step_e,558,558,5.58,hip_yaw=0.1414,-0.1122079491615295,0.1414172947406768,-0.0024523052846754,-0.0055431538808757,0.0071011919443931
low_0p300,step_e,559,559,5.59,hip_yaw=0.1416,-0.11241065710783,0.1416095942258834,-0.0024525586975945,-0.0055652330128768,0.0070588812120035
low_0p300,step_e,560,560,5.6000000000000005,hip_yaw=0.1418,-0.1125940904021263,0.1417825073003769,-0.0024114441591151,-0.0055517498513029,0.0070171164209925
low_0p300,step_e,561,561,5.61,hip_yaw=0.1419,-0.1127583160996437,0.1419361531734466,-0.002328895983786,-0.0055026254937255,0.0069759153464662
low_0p300,step_e,562,562,5.62,hip_yaw=0.1421,-0.1129034012556076,0.1420706659555435,-0.00220488055282,-0.0054178089166568,0.0069352960183103
low_0p300,step_e,563,563,5.63,hip_yaw=0.1422,-0.1130294650793075,0.1421861797571182,-0.002039398329696,-0.0052972759098647,0.0068952744245659
low_0p300,step_e,564,564,5.64,hip_yaw=0.1423,-0.1131366118788719,0.1422828733921051,-0.0018324843120212,-0.0051410370021683,0.0068558657710003
low_0p300,step_e,565,565,5.65,hip_yaw=0.1424,-0.1132249981164932,0.1423609107732772,-0.0015842058883187,-0.0049491321535615,0.0068170864776851
low_0p300,step_e,566,566,5.66,hip_yaw=0.1424,-0.1132947728037834,0.1424205005168914,-0.0012946593254798,-0.0047216178483009,0.0067789500250147
low_0p300,step_e,567,567,5.67,hip_yaw=0.1425,-0.1133461222052574,0.1424618661403656,-0.000963977297933,-0.0044585876658302,0.0067414686100094
low_0p300,step_e,568,568,5.68,hip_yaw=0.1425,-0.1133792474865913,0.1424852609634399,-0.0005923267248043,-0.0041601679113751,0.0067046549885481
low_0p300,step_e,569,569,5.69,hip_yaw=0.1425,-0.1133943721652031,0.1424909234046936,-0.0001799038475155,-0.0038265068474951,0.0066685193849315
low_0p300,step_e,570,570,5.7,hip_yaw=0.1425,-0.1133917197585105,0.1424791365861892,0.0002730614772759,-0.003457779369445,0.00663307272818
low_0p300,step_e,571,571,5.71,hip_yaw=0.1425,-0.1133715584874153,0.1424501985311508,0.0007663055198423,-0.0030541931378674,0.0065983249680503
low_0p300,step_e,572,572,5.72,hip_yaw=0.1424,-0.1133341491222381,0.1424044221639633,0.0012995328887257,-0.0026159849876136,0.0065642849028958
low_0p300,step_e,573,573,5.73,hip_yaw=0.1423,-0.1132797971367836,0.1423421204090118,0.0018724159803965,-0.0021434186874466,0.0065309594334846
low_0p300,step_e,574,574,5.74,hip_yaw=0.1423,-0.1132087856531143,0.142263650894165,0.0024845956527389,-0.0016367829327529,0.0064983546479071
low_0p300,step_e,575,575,5.75,hip_yaw=0.1422,-0.1131214499473571,0.1421693563461303,0.0031356803382136,-0.0010963989971172,0.0064664792400387
low_0p300,step_e,576,576,5.76,hip_yaw=0.1421,-0.113018125295639,0.1420595943927765,0.0038252464227716,-0.0005226150810733,0.0064353384767882
low_0p300,step_e,577,577,5.7700000000000005,hip_yaw=0.1419,-0.1128991544246673,0.1419347822666168,0.0045528416622129,8.42007214736917e-05,0.0064049354227872
low_0p300,step_e,578,578,5.78,hip_yaw=0.1418,-0.1127649098634719,0.14179527759552,0.0053179794801905,0.0007236416101025,0.0063752745522277
low_0p300,step_e,579,579,5.79,hip_yaw=0.1416,-0.1126157715916633,0.1416415274143219,0.0061201439892967,0.0013952797328579,0.0063463607578587
low_0p300,step_e,580,580,5.8,hip_yaw=0.1415,-0.1124521121382713,0.1414739191532135,0.0069587915016477,0.0020986615845677,0.0063181961367325
low_0p300,step_e,581,581,5.8100000000000005,hip_yaw=0.1413,-0.1122743487358093,0.1412928849458694,0.0078333446317134,0.0028333048925063,0.0062907815229664
low_0p300,step_e,582,582,5.82,hip_yaw=0.1411,-0.1120828911662101,0.1410989016294479,0.0087431995423674,0.0035987037818473,0.0062641188526813
low_0p300,step_e,583,583,5.83,hip_yaw=0.1409,-0.1118781641125679,0.1408923715353012,0.0096877227741612,0.0043943244163847,0.0062382083173629
low_0p300,step_e,584,584,5.84,hip_yaw=0.1407,-0.1116605922579765,0.1406737864017486,0.0106662524736154,0.0052196120646499,0.0062130501166735
low_0p300,step_e,585,585,5.8500000000000005,hip_yaw=0.1404,-0.1114306226372718,0.1404436081647873,0.0116780972129644,0.0060739834129317,0.0061886431411273
low_0p300,step_e,586,586,5.86,hip_yaw=0.1402,-0.1111887097358703,0.1402023136615753,0.0127225391320462,0.006956828940203,0.0061649873818433
low_0p300,step_e,587,587,5.87,hip_yaw=0.1400,-0.1109353154897689,0.1399503648281097,0.0137988346664352,0.0078675216681809,0.0061420814854952
low_0p300,step_e,588,588,5.88,hip_yaw=0.1397,-0.1106708869338035,0.1396882683038711,0.0149062126210887,0.0088054074634581,0.0061199216606496
low_0p300,step_e,589,589,5.89,hip_yaw=0.1394,-0.1103959158062934,0.1394165158271789,0.0160438751657869,0.0097698086128551,0.006098504532046
low_0p300,step_e,590,590,5.9,hip_yaw=0.1391,-0.1101108640432357,0.1391355842351913,0.0172110008800358,0.0107600269636645,0.0060778274674594
low_0p300,step_e,591,591,5.91,hip_yaw=0.1388,-0.1098162233829498,0.1388460099697113,0.0184067432435875,0.0117753415489396,0.0060578850546511
low_0p300,step_e,592,592,5.92,hip_yaw=0.1385,-0.1095124706625938,0.138548269867897,0.0196302317158404,0.012815012424926,0.0060386734999288
low_0p300,step_e,593,593,5.93,hip_yaw=0.1382,-0.1092001125216484,0.1382428854703903,0.0208805725051446,0.0138782766429334,0.0060201887508502
low_0p300,step_e,594,594,5.94,hip_yaw=0.1379,-0.1088796257972717,0.1379303634166717,0.0221568485423321,0.0149643519692344,0.006002425842304
low_0p300,step_e,595,595,5.95,hip_yaw=0.1376,-0.1085515171289444,0.1376112103462219,0.0234581218433924,0.0160724363374864,0.005985378590098
low_0p300,step_e,596,596,5.96,hip_yaw=0.1373,-0.1082162708044052,0.1372859328985214,0.024783432898955,0.0172017110508045,0.0059690401373899
low_0p300,step_e,597,597,5.97,hip_yaw=0.1370,-0.1078743934631347,0.136955052614212,0.0261318018263295,0.018351339115752,0.0059534027519396
low_0p300,step_e,598,598,5.98,hip_yaw=0.1366,-0.107526384294033,0.1366190761327743,0.0275022277521751,0.0195204591423252,0.0059384596791658
low_0p300,step_e,599,599,5.99,hip_yaw=0.1363,-0.1071727350354194,0.1362785100936889,0.0288936931401804,0.0207082046052629,0.005924206305158
low_0p300,step_e,600,600,6.0,hip_yaw=0.1359,-0.106813944876194,0.1359338611364364,0.0303051612942246,0.021913685729467,0.005910632265923
low_0p300,step_e,601,601,6.01,hip_yaw=0.1356,-0.1064505130052566,0.1355856359004974,0.0317355763812028,0.0231359961730268,0.00589772989013
low_0p300,step_e,602,602,6.0200000000000005,hip_yaw=0.1352,-0.1060829311609268,0.1352343559265136,0.0331838693293536,0.0243742183840582,0.0058854925227312
low_0p300,step_e,603,603,6.03,hip_yaw=0.1349,-0.1057116910815239,0.1348804831504821,0.0346489535004273,0.0256274213875286,0.0058739097676127
low_0p300,step_e,604,604,6.04,hip_yaw=0.1345,-0.105337269604206,0.1345245391130447,0.0361297277068934,0.0268946607014934,0.0058629720345194
low_0p300,step_e,605,605,6.05,hip_yaw=0.1342,-0.1049601659178733,0.1341670155525207,0.037625075797471,0.0281749770020871,0.0058526707232874
low_0p300,step_e,606,606,6.0600000000000005,hip_yaw=0.1338,-0.1045808494091034,0.1338083893060684,0.0391338693778476,0.0294674011008587,0.0058429960388914
low_0p300,step_e,607,607,6.07,hip_yaw=0.1334,-0.1041998043656349,0.1334491372108459,0.04065496786328,0.0307709506994969,0.0058339390836608
low_0p300,step_e,608,608,6.08,hip_yaw=0.1331,-0.1038175001740455,0.1330897361040115,0.0421872202456272,0.0320846395026563,0.0058254876118249
low_0p300,step_e,609,609,6.09,hip_yaw=0.1327,-0.1034343913197517,0.1327306628227234,0.0437294633643067,0.0334074671987007,0.0058176311083323
low_0p300,step_e,610,610,6.1000000000000005,hip_yaw=0.1324,-0.1030509546399116,0.1323723793029785,0.0452805237104892,0.0347384230307204,0.0058103602057677
low_0p300,step_e,611,611,6.11,hip_yaw=0.1320,-0.1026676297187805,0.1320153325796127,0.0468392220529234,0.0360764958060089,0.0058036646064745
low_0p300,step_e,612,612,6.12,hip_yaw=0.1317,-0.1022848784923553,0.131659984588623,0.0484043685196278,0.0374206578718785,0.0057975328330017
low_0p300,step_e,613,613,6.13,hip_yaw=0.1313,-0.1019031256437301,0.1313067525625229,0.049974768103951,0.0387698809753184,0.0057919534445298
low_0p300,step_e,614,614,6.140000000000001,hip_yaw=0.1310,-0.1015228182077407,0.1309560984373092,0.051549220864205,0.0401231353043888,0.0057869129100834
low_0p300,step_e,615,615,6.15,hip_yaw=0.1306,-0.1011443734169006,0.1306084245443344,0.0531265196899968,0.041479381560728,0.00578240122242
low_0p300,step_e,616,616,6.16,hip_yaw=0.1303,-0.1007682085037231,0.1302641481161117,0.0547054547837712,0.0428375767810194,0.0057784060939006
low_0p300,step_e,617,617,6.17,hip_yaw=0.1299,-0.1003947407007217,0.1299236863851547,0.0562848133942971,0.0441966768610607,0.0057749143448815
low_0p300,step_e,618,618,6.18,hip_yaw=0.1296,-0.100024364888668,0.1295874416828155,0.0578633804590575,0.0455556357511416,0.0057719154982433
low_0p300,step_e,619,619,6.19,hip_yaw=0.1293,-0.0996574833989143,0.1292558014392852,0.0594399393065469,0.0469134047274686,0.0057693976608631
low_0p300,step_e,620,620,6.2,hip_yaw=0.1289,-0.099294476211071,0.1289291232824325,0.0610132745335554,0.0482689365051284,0.0057673456151317
low_0p300,step_e,621,621,6.21,hip_yaw=0.1286,-0.0989357233047485,0.1286078095436096,0.0625821708197148,0.0496211843329182,0.0057657474289426
low_0p300,step_e,622,622,6.22,hip_yaw=0.1283,-0.0985815823078155,0.1282922178506851,0.0641454154995466,0.0509691052797642,0.0057645916093189
low_0p300,step_e,623,623,6.23,hip_yaw=0.1280,-0.0982324257493019,0.1279826760292053,0.0657017970168428,0.052311652609128,0.0057638640338783
low_0p300,step_e,624,624,6.24,hip_yaw=0.1277,-0.097888596355915,0.1276795566082,0.0672501089779424,0.0536477857707176,0.0057635508787841
low_0p300,step_e,625,625,6.25,hip_yaw=0.1274,-0.0975504368543624,0.1273831725120544,0.0687891498884975,0.0549764700126485,0.0057636408932536
low_0p300,step_e,626,626,6.26,hip_yaw=0.1271,-0.0972182750701904,0.1270938515663147,0.0703177238392424,0.0562966754908171,0.0057641194296697
low_0p300,step_e,627,627,6.2700000000000005,hip_yaw=0.1268,-0.0968924313783645,0.1268119066953659,0.0718346411418689,0.057607372265222,0.005764972223002
low_0p300,step_e,628,628,6.28,hip_yaw=0.1265,-0.0965732187032699,0.1265376359224319,0.0733387203653542,0.0589075455777005,0.0057661858254987
low_0p300,step_e,629,629,6.29,hip_yaw=0.1263,-0.096260942518711,0.1262713372707367,0.0748287903758258,0.0601961840154452,0.0057677459944461
low_0p300,step_e,630,630,6.3,hip_yaw=0.1260,-0.0959559008479118,0.126013308763504,0.0763036833756697,0.0614722741448956,0.0057696406810461
low_0p300,step_e,631,631,6.3100000000000005,hip_yaw=0.1258,-0.0956583619117736,0.125763788819313,0.0777622528866757,0.0627348311390556,0.0057718557840827
low_0p300,step_e,632,632,6.32,hip_yaw=0.1255,-0.0953686162829399,0.1255230754613876,0.079203356225748,0.0639828690730744,0.0057743767714495
low_0p300,step_e,633,633,6.33,hip_yaw=0.1253,-0.0950869247317314,0.1252913922071457,0.0806258630441356,0.0652154073624359,0.0057771892379159
low_0p300,step_e,634,634,6.34,hip_yaw=0.1251,-0.0948135405778884,0.1250689923763275,0.0820286598899577,0.0664314848295698,0.0057802800686715
low_0p300,step_e,635,635,6.3500000000000005,hip_yaw=0.1249,-0.0945487022399902,0.1248561143875122,0.0834106462850739,0.0676301498014217,0.0057836345575415
low_0p300,step_e,636,636,6.36,hip_yaw=0.1247,-0.0942926555871963,0.124652974307537,0.0847707393471788,0.0688104714116761,0.0057872379381762
low_0p300,step_e,637,637,6.37,hip_yaw=0.1245,-0.0940456315875053,0.1244597882032394,0.086107868391831,0.069971519026353,0.0057910761904313
low_0p300,step_e,638,638,6.38,hip_yaw=0.1243,-0.0938078314065933,0.1242767572402954,0.0874209794475631,0.0711123786081147,0.0057951345523343
low_0p300,step_e,639,639,6.390000000000001,hip_yaw=0.1241,-0.0935794785618782,0.1241040751338005,0.08870904063034,0.0722321572366987,0.0057993979850257
low_0p300,step_e,640,640,6.4,hip_yaw=0.1239,-0.0933607742190361,0.1239419355988502,0.0899710383943374,0.0733299795510191,0.0058038544447771
low_0p300,step_e,641,641,6.41,hip_yaw=0.1238,-0.0931518971920013,0.1237904950976371,0.0912059787778591,0.074404985215602,0.0058084893489326
low_0p300,step_e,642,642,6.42,hip_yaw=0.1236,-0.0929530337452888,0.1236499324440956,0.0924128854664693,0.0754563229231917,0.0058132870246103
low_0p300,step_e,643,643,6.43,hip_yaw=0.1235,-0.0927643626928329,0.123520404100418,0.093590804340131,0.0764831612807297,0.0058182326109825
low_0p300,step_e,644,644,6.44,hip_yaw=0.1234,-0.0925860330462455,0.1234020516276359,0.0947388094841051,0.0774847030428038,0.0058233115519367
low_0p300,step_e,645,645,6.45,hip_yaw=0.1233,-0.0924182161688804,0.1232950165867805,0.0958559943831534,0.078460161849857,0.0058285094859497
low_0p300,step_e,646,646,6.46,hip_yaw=0.1232,-0.0922610610723495,0.123199425637722,0.0969414703099182,0.0794087586532995,0.0058338119277749
low_0p300,step_e,647,647,6.47,hip_yaw=0.1231,-0.0921146869659423,0.1231153979897499,0.0979943810146928,0.0803297479885835,0.0058392028141855
low_0p300,step_e,648,648,6.48,hip_yaw=0.1230,-0.0919792354106903,0.1230430528521537,0.0990138966954744,0.0812224129170307,0.0058446672199818
low_0p300,step_e,649,649,6.49,hip_yaw=0.1230,-0.0918548330664634,0.1229824870824813,0.0999992085512707,0.0820860458520859,0.0058501921394438
low_0p300,step_e,650,650,6.5,hip_yaw=0.1229,-0.0917415842413902,0.1229337975382804,0.1009495335659504,0.0829199583690547,0.0058557623600971
low_0p300,step_e,651,651,6.51,hip_yaw=0.1229,-0.0916422605514526,0.1228998824954032,0.1018577401983948,0.0837059249149834,0.0058613785516882
low_0p300,step_e,652,652,6.5200000000000005,hip_yaw=0.1229,-0.0915588662028312,0.1228828430175781,0.1027145194461605,0.08442005294344,0.0058670264565165
low_0p300,step_e,653,653,6.53,hip_yaw=0.1229,-0.0914895981550216,0.1228806003928184,0.1035252201404283,0.0850719226711856,0.0058727233887052
low_0p300,step_e,654,654,6.54,hip_yaw=0.1229,-0.0914337038993835,0.1228922829031944,0.1042926691316846,0.0856712940888662,0.0058784831625827
low_0p300,step_e,655,655,6.55,hip_yaw=0.1229,-0.0913918688893318,0.1229186281561851,0.1050137361493734,0.08621222795513,0.0058842819435648
low_0p300,step_e,656,656,6.5600000000000005,hip_yaw=0.1230,-0.091363601386547,0.1229591146111488,0.1056893341780936,0.0866963616362041,0.0058901019669347
low_0p300,step_e,657,657,6.57,hip_yaw=0.1230,-0.0913483351469039,0.1230130940675735,0.1063213173291998,0.0871294485171872,0.0058959339184381
low_0p300,step_e,658,658,6.58,hip_yaw=0.1231,-0.0913461223244667,0.1230806335806846,0.1069090582959997,0.0875114970878393,0.0059017567235398
low_0p300,step_e,659,659,6.59,hip_yaw=0.1232,-0.0913567692041397,0.1231615394353866,0.1074526585620835,0.087843237890427,0.005907550025079
low_0p300,step_e,660,660,6.6000000000000005,hip_yaw=0.1233,-0.0913799181580543,0.1232553869485855,0.1079530904777834,0.0881278386688405,0.0059132991955034
low_0p300,step_e,661,661,6.61,hip_yaw=0.1234,-0.0914154127240181,0.1233620271086692,0.1084105613178542,0.0883668843706051,0.0059189841433257
low_0p300,step_e,662,662,6.62,hip_yaw=0.1235,-0.0914630740880966,0.1234812587499618,0.1088252399977283,0.0885614779904438,0.0059245846255377
low_0p300,step_e,663,663,6.63,hip_yaw=0.1236,-0.0915226489305496,0.1236128062009811,0.1091977173938469,0.0887136817960847,0.005930085057012
low_0p300,step_e,664,664,6.640000000000001,hip_yaw=0.1238,-0.0915939286351203,0.123756431043148,0.109528417514231,0.0888252527622159,0.0059354674410654
low_0p300,step_e,665,665,6.65,hip_yaw=0.1239,-0.091676726937294,0.1239119321107864,0.1098176687146503,0.0888975638825187,0.0059407140818796
low_0p300,step_e,666,666,6.66,hip_yaw=0.1241,-0.0917708277702331,0.1240790709853172,0.1100659571618719,0.0889322659950533,0.0059458069276321
low_0p300,step_e,667,667,6.67,hip_yaw=0.1243,-0.0918760150671005,0.1242576166987419,0.110273772484102,0.088931006521716,0.0059507271422067
low_0p300,step_e,668,668,6.68,hip_yaw=0.1244,-0.0919921174645423,0.1244473531842231,0.1104415418958489,0.0888952064558143,0.0059554595124662
low_0p300,step_e,669,669,6.69,hip_yaw=0.1246,-0.0921189188957214,0.1246480569243431,0.1105697501583001,0.0888263330238972,0.0059599873892462
low_0p300,step_e,670,670,6.7,hip_yaw=0.1249,-0.0922562181949615,0.1248595118522644,0.1106589207120084,0.0887258972900656,0.0059642913708625
low_0p300,step_e,671,671,6.71,hip_yaw=0.1251,-0.0924038365483284,0.1250815093517303,0.1107095437876903,0.0885952815853255,0.0059683553115306
low_0p300,step_e,672,672,6.72,hip_yaw=0.1253,-0.0925615727901458,0.1253138333559036,0.1107221330968997,0.0884358435789545,0.0059721637362126
low_0p300,step_e,673,673,6.73,hip_yaw=0.1256,-0.0927292555570602,0.1255562603473663,0.110697229041314,0.0882489489998999,0.0059757013123184
low_0p300,step_e,674,674,6.74,hip_yaw=0.1258,-0.0929066911339759,0.1258086115121841,0.1106353672540752,0.0880359060371493,0.0059789522159753
low_0p300,step_e,675,675,6.75,hip_yaw=0.1261,-0.0930937007069587,0.1260706633329391,0.1105370954644289,0.0877979871816107,0.0059818984364314
low_0p300,step_e,676,676,6.76,hip_yaw=0.1263,-0.0932901054620742,0.1263422220945358,0.110402970032916,0.0875364370879494,0.0059845245844597
low_0p300,step_e,677,677,6.7700000000000005,hip_yaw=0.1266,-0.0934957340359687,0.1266230791807174,0.1102335559024592,0.087252473869146,0.0059868187067448
low_0p300,step_e,678,678,6.78,hip_yaw=0.1269,-0.0937104001641273,0.1269130706787109,0.1100294212026756,0.0869472729946903,0.0059887649039957
low_0p300,step_e,679,679,6.79,hip_yaw=0.1272,-0.0939339473843574,0.1272119581699371,0.1097911423467357,0.0866219809782713,0.0059903485737884
low_0p300,step_e,680,680,6.8,hip_yaw=0.1275,-0.0941662043333053,0.1275195926427841,0.1095193070607289,0.0862777288278652,0.0059915569702649
low_0p300,step_e,681,681,6.8100000000000005,hip_yaw=0.1278,-0.0944069921970367,0.1278357505798339,0.1092144962389632,0.0859155960329092,0.0059923762093439
low_0p300,step_e,682,682,6.82,hip_yaw=0.1282,-0.0946561619639396,0.1281602680683136,0.1088772982244399,0.0855366317102757,0.0059927933776381
low_0p300,step_e,683,683,6.83,hip_yaw=0.1285,-0.094913549721241,0.1284929513931274,0.1085083085064637,0.0851418655823415,0.0059927950645355
low_0p300,step_e,684,684,6.84,hip_yaw=0.1288,-0.095178984105587,0.1288336366415023,0.1081081277355756,0.0847323083011885,0.0059923699812139
low_0p300,step_e,685,685,6.8500000000000005,hip_yaw=0.1292,-0.0954523086547851,0.1291821151971817,0.1076773539946744,0.0843089272545698,0.0059915045016189
low_0p300,step_e,686,686,6.86,hip_yaw=0.1295,-0.0957333743572235,0.1295382231473922,0.1072165770472597,0.0838726393299525,0.0059901890553205
low_0p300,step_e,687,687,6.87,hip_yaw=0.1299,-0.0960220247507095,0.1299017965793609,0.106726409903906,0.0834243817522635,0.0059884123247234
low_0p300,step_e,688,688,6.88,hip_yaw=0.1303,-0.09631809592247,0.1302726417779922,0.1062074537949384,0.08296504229158,0.0059861631771974
low_0p300,step_e,689,689,6.890000000000001,hip_yaw=0.1307,-0.0966214388608932,0.130650594830513,0.1056603008485877,0.0824954579637061,0.0059834307692903
low_0p300,step_e,690,690,6.9,hip_yaw=0.1310,-0.0969319120049476,0.1310354769229889,0.1050855573800996,0.0820164686355397,0.0059802063158114
low_0p300,step_e,691,691,6.91,hip_yaw=0.1314,-0.0972493514418602,0.1314271241426468,0.1044838235491452,0.0815288842781512,0.0059764796693942
low_0p300,step_e,692,692,6.92,hip_yaw=0.1318,-0.0975736230611801,0.1318253874778747,0.1038556961329894,0.0810334760463045,0.0059722429990366
low_0p300,step_e,693,693,6.93,hip_yaw=0.1322,-0.0979045704007148,0.1322300732135772,0.1032017718391591,0.0805310029242249,0.0059674878295913
low_0p300,step_e,694,694,6.94,hip_yaw=0.1326,-0.0982420518994331,0.1326410174369812,0.1025226488478065,0.0800221983925182,0.0059622036372536
low_0p300,step_e,695,695,6.95,hip_yaw=0.1331,-0.0985860750079155,0.1330578923225402,0.1018189117386762,0.0795077608157448,0.0059565038341277
low_0p300,step_e,696,696,6.96,hip_yaw=0.1335,-0.0989377126097679,0.1334789544343948,0.101091160125507,0.0789884269316211,0.0059513177815375
low_0p300,step_e,697,697,6.97,hip_yaw=0.1339,-0.0992975160479545,0.1339028626680374,0.1003399705421337,0.0784647112328055,0.005947259146137
low_0p300,step_e,698,698,6.98,hip_yaw=0.1343,-0.0996652320027351,0.1343289911746978,0.0995659492179335,0.0779369841666963,0.0059443632145845
low_0p300,step_e,699,699,6.99,hip_yaw=0.1348,-0.1000416651368141,0.1347581446170807,0.0987668668681278,0.0773978806739022,0.005942582040428
low_0p300,step_e,700,700,7.0,hip_yaw=0.1352,-0.1004282534122467,0.1351919174194336,0.0979368774249164,0.0768304501814742,0.0059418402144168
low_0p300,step_e,701,701,7.01,hip_yaw=0.1356,-0.1008247658610344,0.1356300413608551,0.0970754409506392,0.0762293403474623,0.0059420649788641
low_0p300,step_e,702,702,7.0200000000000005,hip_yaw=0.1361,-0.1012302786111831,0.1360715180635452,0.0961861769477301,0.0756011397719195,0.0059431968613014
low_0p300,step_e,703,703,7.03,hip_yaw=0.1365,-0.1016447618603706,0.1365163922309875,0.0952693233331027,0.0749460411468544,0.0059451611023037
low_0p300,step_e,704,704,7.04,hip_yaw=0.1370,-0.1020681858062744,0.136964738368988,0.0943247160251042,0.0742619103886927,0.0059478732515944
low_0p300,step_e,705,705,7.05,hip_yaw=0.1374,-0.1025001555681228,0.137416198849678,0.0933540073131536,0.0735509825093079,0.0059512571880705
low_0p300,step_e,706,706,7.0600000000000005,hip_yaw=0.1379,-0.1029404774308204,0.137870654463768,0.0923581595794731,0.0728146227768809,0.0059552392923522
low_0p300,step_e,707,707,7.07,hip_yaw=0.1383,-0.1033890768885612,0.1383281201124191,0.0913375759732889,0.0720525505582011,0.0059597455714684
low_0p300,step_e,708,708,7.08,hip_yaw=0.1388,-0.1038457155227661,0.1387884467840194,0.0902932728323541,0.0712657527562836,0.0059647061137232
low_0p300,step_e,709,709,7.09,hip_yaw=0.1393,-0.1043101996183395,0.1392514705657959,0.0892262645631319,0.0704554692961905,0.0059700556720929
low_0p300,step_e,710,710,7.1000000000000005,hip_yaw=0.1397,-0.1047823801636695,0.1397171467542648,0.0881372890009988,0.0696222427648489,0.0059757294710143
low_0p300,step_e,711,711,7.11,hip_yaw=0.1402,-0.1052620559930801,0.1401853412389755,0.0870272406406921,0.0687668654746931,0.0059816661920185
low_0p300,step_e,712,712,7.12,hip_yaw=0.1407,-0.1057490333914756,0.1406559199094772,0.0858971042553749,0.0678903898733627,0.0059878092220535
low_0p300,step_e,713,713,7.13,hip_yaw=0.1411,-0.1062431260943412,0.1411287486553192,0.0847477672273461,0.0669936436781589,0.0059941036365805
low_0p300,step_e,714,714,7.140000000000001,hip_yaw=0.1416,-0.1067441329360008,0.1416036933660507,0.0835801495887572,0.0660774674979953,0.006000497013864
low_0p300,step_e,715,715,7.15,hip_yaw=0.1421,-0.1072518527507782,0.1420806050300598,0.0823952329127711,0.0651428330339179,0.0060069411662027
low_0p300,step_e,716,716,7.16,hip_yaw=0.1426,-0.1077660769224166,0.1425593495368957,0.0811939788133066,0.0641906640935161,0.0060133901698632
low_0p300,step_e,717,717,7.17,hip_yaw=0.1430,-0.1082865893840789,0.143039733171463,0.0799773583867664,0.0632218706836225,0.0060198003475977
low_0p300,step_e,718,718,7.18,hip_yaw=0.1435,-0.1088131889700889,0.1435216218233108,0.0787463694988538,0.0622374068564317,0.0060261301865644
low_0p300,step_e,719,719,7.19,hip_yaw=0.1440,-0.1093456447124481,0.1440048366785049,0.0775020163213539,0.0612382261180719,0.0060323426615764
low_0p300,step_e,720,720,7.2,hip_yaw=0.1445,-0.1098837256431579,0.1444891840219497,0.0762453125420736,0.0602252807427202,0.0060383993035269
low_0p300,step_e,721,721,7.21,hip_yaw=0.1450,-0.1104272156953811,0.1449744999408722,0.0749772885797529,0.0591995469412487,0.0060442676606377
low_0p300,step_e,722,722,7.22,hip_yaw=0.1455,-0.1109758764505386,0.1454605907201767,0.0736989796094197,0.0581619955612372,0.0060499192093897
low_0p300,step_e,723,723,7.23,hip_yaw=0.1459,-0.1115294694900512,0.1459472477436065,0.0724114291662869,0.0571136034002911,0.0060553228288469
low_0p300,step_e,724,724,7.24,hip_yaw=0.1464,-0.1120877414941787,0.1464342772960662,0.0711156930569903,0.05605535709491,0.0060604521080855
low_0p300,step_e,725,725,7.25,hip_yaw=0.1469,-0.1126504614949226,0.1469214558601379,0.069812831200319,0.0549882427452287,0.0060652857110122
low_0p300,step_e,726,726,7.26,hip_yaw=0.1474,-0.1132173612713813,0.147408589720726,0.0685039106249952,0.0539132508852415,0.0060698012028792
low_0p300,step_e,727,727,7.2700000000000005,hip_yaw=0.1479,-0.1137881949543953,0.1478954404592514,0.0671900027126813,0.0528313707327679,0.0060739793366751
low_0p300,step_e,728,728,7.28,hip_yaw=0.1484,-0.1143627017736435,0.1483817994594574,0.0658721879131521,0.0517436052009939,0.0060778025514234
low_0p300,step_e,729,729,7.29,hip_yaw=0.1489,-0.1149405986070633,0.1488674283027649,0.0645515502776238,0.0506509586144304,0.0060812537464427
low_0p300,step_e,730,730,7.3,hip_yaw=0.1494,-0.1155216246843338,0.1493520885705948,0.0632291698191747,0.0495544198964446,0.0060843204188681
low_0p300,step_e,731,731,7.3100000000000005,hip_yaw=0.1498,-0.1161055043339729,0.1498355269432068,0.0619061333570062,0.0484549846810513,0.0060869912030676
low_0p300,step_e,732,732,7.32,hip_yaw=0.1503,-0.116691954433918,0.1503175199031829,0.0605835335137539,0.0473536627454659,0.0060892554484163
low_0p300,step_e,733,733,7.33,hip_yaw=0.1508,-0.1172806918621063,0.150797814130783,0.0592624550652406,0.046251442869019,0.0060911052073857
low_0p300,step_e,734,734,7.34,hip_yaw=0.1513,-0.1178714334964752,0.1512761563062667,0.0579439856456529,0.0451493191710501,0.0060925355156891
low_0p300,step_e,735,735,7.3500000000000005,hip_yaw=0.1518,-0.1184638813138008,0.1517522633075714,0.0566292143847032,0.0440482923502117,0.0060935419548012
low_0p300,step_e,736,736,7.36,hip_yaw=0.1522,-0.1190577372908592,0.1522258967161178,0.0553192222500605,0.0429493443950015,0.0060941209324097
low_0p300,step_e,737,737,7.37,hip_yaw=0.1527,-0.1196527034044265,0.1526967883110046,0.0540150897305617,0.0418534597960497,0.0060942703224544
low_0p300,step_e,738,738,7.38,hip_yaw=0.1532,-0.1202484816312789,0.153164654970169,0.0527178953924778,0.0407616251701545,0.0060939906201667
low_0p300,step_e,739,739,7.390000000000001,hip_yaw=0.1536,-0.1208447590470314,0.1536292433738708,0.0514287086244568,0.0396748091638069,0.0060932833226424
low_0p300,step_e,740,740,7.4,hip_yaw=0.1541,-0.1214412376284599,0.1540902704000473,0.0501485933490361,0.0385939783748647,0.0060921520868369
low_0p300,step_e,741,741,7.41,hip_yaw=0.1545,-0.1220375970005989,0.1545474529266357,0.0488786097048799,0.0375201009445974,0.0060906009233618
low_0p300,step_e,742,742,7.42,hip_yaw=0.1550,-0.1226335242390632,0.1550005227327346,0.0476198060411588,0.0364541251733021,0.0060886347664323
low_0p300,step_e,743,743,7.43,hip_yaw=0.1554,-0.1232287138700485,0.1554491966962814,0.0463732240919995,0.035396995062577,0.0060862604715713
low_0p300,step_e,744,744,7.44,hip_yaw=0.1559,-0.1238228380680084,0.1558931916952133,0.0451398980460608,0.0343496545288644,0.0060834834792242
low_0p300,step_e,745,745,7.45,hip_yaw=0.1563,-0.1244155839085578,0.1563322395086288,0.0439208477710264,0.0333130258278663,0.0060803138173832
low_0p300,step_e,746,746,7.46,hip_yaw=0.1568,-0.1250066459178924,0.1567660421133041,0.0427170818108538,0.032288022177218,0.0060767616682151
low_0p300,step_e,747,747,7.47,hip_yaw=0.1572,-0.125595673918724,0.1571943163871765,0.0415296007185707,0.0312755538661638,0.0060728383071679
low_0p300,step_e,748,748,7.48,hip_yaw=0.1576,-0.1261823922395706,0.1576167941093444,0.0403593879907668,0.0302765105753851,0.0060685536211687
low_0p300,step_e,749,749,7.49,hip_yaw=0.1580,-0.1267664432525634,0.1580331921577453,0.0392074147888779,0.0292917738854291,0.006063920278415
low_0p300,step_e,750,750,7.5,hip_yaw=0.1584,-0.1273475438356399,0.1584432423114776,0.0380746385627051,0.0283222135742005,0.0060589519118535
low_0p300,step_e,751,751,7.51,hip_yaw=0.1588,-0.1279253512620926,0.1588466316461563,0.036961999246044,0.027368681595985,0.0060536612964521
low_0p300,step_e,752,752,7.5200000000000005,hip_yaw=0.1592,-0.1284995675086975,0.1592431217432022,0.0358704209167835,0.0264320168664259,0.0060480629384349
low_0p300,step_e,753,753,7.53,hip_yaw=0.1596,-0.1290698647499084,0.1596324294805526,0.0348008124635832,0.0255130454118277,0.0060421719438948
low_0p300,step_e,754,754,7.54,hip_yaw=0.1600,-0.1296359598636627,0.1600142866373062,0.0337540630145083,0.0246125752073875,0.0060360036554993
low_0p300,step_e,755,755,7.55,hip_yaw=0.1604,-0.130197525024414,0.1603884249925613,0.0327310430395757,0.0237313979518372,0.0060295728768002
low_0p300,step_e,756,756,7.5600000000000005,hip_yaw=0.1608,-0.1307542622089386,0.1607545912265777,0.0317326046085478,0.0228702868919377,0.0060228959787654
low_0p300,step_e,757,757,7.57,hip_yaw=0.1611,-0.1313058733940124,0.1611125171184539,0.0307595800089464,0.0220300036386635,0.0060159899254837
low_0p300,step_e,758,758,7.58,hip_yaw=0.1615,-0.1318520605564117,0.1614619642496109,0.0298127800508815,0.0212112868902058,0.0060088723518812
low_0p300,step_e,759,759,7.59,hip_yaw=0.1618,-0.1323925405740738,0.1618026793003082,0.0288929924696675,0.0204148534511552,0.0060015596982483
low_0p300,step_e,760,760,7.6000000000000005,hip_yaw=0.1621,-0.1329270303249359,0.1621344238519668,0.0280009860082297,0.0196414051903529,0.0059940678193024
low_0p300,step_e,761,761,7.61,hip_yaw=0.1625,-0.1334552466869354,0.1624569594860077,0.0271375056315242,0.0188916256970437,0.0059864144235942
low_0p300,step_e,762,762,7.62,hip_yaw=0.1628,-0.1339769214391708,0.1627700626850128,0.0263032717055606,0.0181661759935168,0.0059786164274041
low_0p300,step_e,763,763,7.63,hip_yaw=0.1631,-0.1344917714595794,0.1630735099315643,0.025498980446396,0.0174656950758848,0.0059706912367541
low_0p300,step_e,764,764,7.640000000000001,hip_yaw=0.1634,-0.1349995583295822,0.1633671075105667,0.0247253039471445,0.0167907973559832,0.005962654831119
low_0p300,step_e,765,765,7.65,hip_yaw=0.1637,-0.1355000287294387,0.163650631904602,0.0239828899659312,0.0161420825242206,0.0059545247861609
low_0p300,step_e,766,766,7.66,hip_yaw=0.1639,-0.1359929293394088,0.1639238744974136,0.0232723600753239,0.0155201262592455,0.0059463197545739
low_0p300,step_e,767,767,7.67,hip_yaw=0.1642,-0.1364780217409134,0.1641866862773895,0.0225943073464161,0.0149254746818072,0.0059380540794675
low_0p300,step_e,768,768,7.68,hip_yaw=0.1644,-0.1369550973176956,0.1644388437271118,0.0219493005313581,0.0143586572362194,0.0059297439701799
low_0p300,step_e,769,769,7.69,hip_yaw=0.1647,-0.1374239176511764,0.1646802127361297,0.0213378804035363,0.0138201760391879,0.0059214064924484
low_0p300,step_e,770,770,7.7,hip_yaw=0.1649,-0.1378842890262603,0.1649106293916702,0.0207605591885203,0.0133105105678501,0.0059130577877668
low_0p300,step_e,771,771,7.71,hip_yaw=0.1651,-0.1383360177278518,0.1651299148797989,0.0202178220139624,0.0128301163545412,0.0059047146568525
low_0p300,step_e,772,772,7.72,hip_yaw=0.1653,-0.1387788951396942,0.1653379648923874,0.0197101235364821,0.0123794183594639,0.0058963900772873
low_0p300,step_e,773,773,7.73,hip_yaw=0.1655,-0.1392127573490142,0.1655346304178238,0.0192378912873044,0.0119588232907137,0.0058880979514826
low_0p300,step_e,774,774,7.74,hip_yaw=0.1657,-0.1396374255418777,0.1657197922468185,0.0188015228738944,0.0115687106710559,0.005879854579051
low_0p300,step_e,775,775,7.75,hip_yaw=0.1659,-0.1400527656078338,0.1658933460712433,0.0184013844234848,0.0112094307280998,0.0058716733681335
low_0p300,step_e,776,776,7.76,hip_yaw=0.1661,-0.1404585987329483,0.1660552024841308,0.0180378134565643,0.0108813068566027,0.0058635655297789
low_0p300,step_e,777,777,7.7700000000000005,hip_yaw=0.1662,-0.1408548206090927,0.1662052720785141,0.0177111169340957,0.0105846389081462,0.0058555449708419
low_0p300,step_e,778,778,7.78,hip_yaw=0.1663,-0.1412412971258163,0.166343480348587,0.0174215716170288,0.0103197013801851,0.0058476252524568
low_0p300,step_e,779,779,7.79,hip_yaw=0.1665,-0.1416179090738296,0.1664697676897049,0.0171694217538121,0.0100867369326745,0.0058398163807829
low_0p300,step_e,780,780,7.8,hip_yaw=0.1666,-0.1419845819473266,0.1665840893983841,0.0169548810663664,0.0098859627621048,0.0058321290724428
low_0p300,step_e,781,781,7.8100000000000005,hip_yaw=0.1667,-0.142341211438179,0.166686400771141,0.0167781326868054,0.0097175696475145,0.0058245738244665
low_0p300,step_e,782,782,7.82,hip_yaw=0.1668,-0.1426877230405807,0.1667766720056533,0.0166393270929423,0.0095817187438372,0.0058171602555249
low_0p300,step_e,783,783,7.83,hip_yaw=0.1669,-0.143024057149887,0.166854903101921,0.0165385839824354,0.0094785457242082,0.0058098975578437
low_0p300,step_e,784,784,7.84,hip_yaw=0.1669,-0.1433501690626144,0.1669210940599441,0.016475991107021,0.009408158495683,0.0058027943283
low_0p300,step_e,785,785,7.8500000000000005,hip_yaw=0.1670,-0.1436660140752792,0.1669752448797226,0.0164516031275105,0.0093706322829228,0.0057958581730583
low_0p300,step_e,786,786,7.86,hip_yaw=0.1670,-0.1439715772867202,0.1670173853635788,0.0164654435314954,0.0093660172187074,0.0057890965929537
low_0p300,step_e,787,787,7.87,hip_yaw=0.1670,-0.1442668586969375,0.1670475453138351,0.0165175056976569,0.0093943372422108,0.005782515482424
low_0p300,step_e,788,788,7.88,hip_yaw=0.1671,-0.1445518285036087,0.1670657694339752,0.0166077489153087,0.0094555884053151,0.0057761189543972
low_0p300,step_e,789,789,7.890000000000001,hip_yaw=0.1671,-0.1448265314102172,0.1670721471309662,0.0167360998742789,0.0095497319516961,0.0057699135849713
low_0p300,step_e,790,790,7.9,hip_yaw=0.1671,-0.1450909823179245,0.1670667231082916,0.0169024553212836,0.009676707323459,0.0057639042215935
low_0p300,step_e,791,791,7.91,hip_yaw=0.1670,-0.1453452259302139,0.1670495867729187,0.0171066801711553,0.0098364271007189,0.0057580941058156
low_0p300,step_e,792,792,7.92,hip_yaw=0.1670,-0.1455892920494079,0.1670208424329757,0.0173486056592787,0.0100287704442131,0.0057524863858382
low_0p300,step_e,793,793,7.930000000000001,hip_yaw=0.1670,-0.1458232700824737,0.1669805943965912,0.0176280324970756,0.0102535901810778,0.0057470825750639
low_0p300,step_e,794,794,7.94,hip_yaw=0.1669,-0.1460472345352172,0.1669289469718933,0.0179447310580369,0.0105107131132041,0.0057418844503341
low_0p300,step_e,795,795,7.95,hip_yaw=0.1669,-0.1462612599134445,0.1668660640716552,0.0182984398404355,0.010799938983907,0.0057368940351855
low_0p300,step_e,796,796,7.96,hip_yaw=0.1668,-0.146465465426445,0.1667920500040054,0.0186888654723649,0.0111210376718367,0.005732111583137
low_0p300,step_e,797,797,7.97,hip_yaw=0.1667,-0.1466599553823471,0.1667070984840393,0.0191156843884413,0.01147375295471,0.0057275364965751
low_0p300,step_e,798,798,7.98,hip_yaw=0.1666,-0.1468448340892791,0.1666113436222076,0.0195785429921425,0.0118578016899124,0.0057231677137606
low_0p300,step_e,799,799,7.99,hip_yaw=0.1665,-0.1470202654600143,0.1665049642324447,0.0200770571626582,0.0122728729025734,0.0057190049444062
low_0p300,step_e,800,800,8.0,hip_yaw=0.1664,-0.1471863836050033,0.1663881540298462,0.0206108130736918,0.0127186328264678,0.0057150466159928
low_0p300,step_e,801,801,8.01,hip_yaw=0.1663,-0.1473433375358581,0.1662611067295074,0.0211793669075943,0.0131947177496459,0.0057112896201935
low_0p300,step_e,802,802,8.02,hip_yaw=0.1661,-0.1474903672933578,0.1661247909069061,0.0217822457847426,0.0137007636819549,0.0057071594610841
low_0p300,step_e,803,803,8.03,hip_yaw=0.1660,-0.1476262658834457,0.1659808009862899,0.0224189432996802,0.0142364322452676,0.0057017463861377
low_0p300,step_e,804,804,8.040000000000001,hip_yaw=0.1658,-0.1477507799863815,0.1658302396535873,0.0230888980562207,0.0148014784823653,0.0056946710161588
low_0p300,step_e,805,805,8.05,hip_yaw=0.1657,-0.1478641778230667,0.1656736582517624,0.0237914729761154,0.0153956235594075,0.0056859449003637
low_0p300,step_e,806,806,8.06,hip_yaw=0.1655,-0.1479668468236923,0.1655114889144897,0.0245259568351162,0.0160183596681365,0.0056756418889688
low_0p300,step_e,807,807,8.07,hip_yaw=0.1653,-0.1480591744184494,0.1653440296649933,0.0252916472060712,0.0166691024883685,0.0056638514719821
low_0p300,step_e,808,808,8.08,hip_yaw=0.1652,-0.148141473531723,0.1651716083288192,0.0260878753900073,0.0173473098609985,0.0056506640071574
low_0p300,step_e,809,809,8.09,hip_yaw=0.1650,-0.1482141315937042,0.164994478225708,0.0269139532295284,0.0180523922648825,0.00563616766644
low_0p300,step_e,810,810,8.1,hip_yaw=0.1648,-0.148277461528778,0.1648128777742386,0.0277691735696657,0.0187837083925318,0.0056204487060238
low_0p300,step_e,811,811,8.11,hip_yaw=0.1646,-0.148331806063652,0.1646270751953125,0.0286528268968037,0.0195406203709137,0.0056035889937877
low_0p300,step_e,812,812,8.120000000000001,hip_yaw=0.1644,-0.1483775079250335,0.16443732380867,0.0295641873898708,0.0203224734159457,0.0055856657540607
low_0p300,step_e,813,813,8.13,hip_yaw=0.1642,-0.1484148949384689,0.1642438471317291,0.0305025070518179,0.0211285828014372,0.0055667546957353
low_0p300,step_e,814,814,8.14,hip_yaw=0.1640,-0.1484443396329879,0.16404689848423,0.0314670234474531,0.0219582514376937,0.005546926571578
low_0p300,step_e,815,815,8.15,hip_yaw=0.1638,-0.1484661549329757,0.1638467460870742,0.0324569571711007,0.0228107719247513,0.0055262468982026
low_0p300,step_e,816,816,8.16,hip_yaw=0.1636,-0.1484807133674621,0.1636436283588409,0.0334715095138847,0.0236854165182677,0.005504781965124
low_0p300,step_e,817,817,8.17,hip_yaw=0.1634,-0.1484883427619934,0.1634378135204315,0.0345098641964646,0.0245814452639919,0.0054825905323401
low_0p300,step_e,818,818,8.18,hip_yaw=0.1632,-0.1484894156455993,0.1632295846939087,0.0355711882707683,0.0254981019303005,0.0054597308158492
low_0p300,step_e,819,819,8.19,hip_yaw=0.1630,-0.1484842598438263,0.1630191653966903,0.0366546318530037,0.0264346243471478,0.0054362577896102
low_0p300,step_e,820,820,8.2,hip_yaw=0.1628,-0.1484732329845428,0.1628068536520004,0.0377593287390322,0.0273902326202126,0.0054122224788638
low_0p300,step_e,821,821,8.21,hip_yaw=0.1626,-0.1484567075967788,0.1625929325819015,0.0388843948777941,0.0283641298924491,0.0053876745543251
low_0p300,step_e,822,822,8.22,hip_yaw=0.1624,-0.1484350264072418,0.1623776406049728,0.0400289341041721,0.0293555184865884,0.0053626615643227
low_0p300,step_e,823,823,8.23,hip_yaw=0.1622,-0.1484085470438003,0.1621612906455993,0.0411920340672551,0.0303635820830323,0.0053372271977147
low_0p300,step_e,824,824,8.24,hip_yaw=0.1619,-0.1483776122331619,0.1619441360235214,0.0423727682183203,0.0313874940477746,0.0053114113541116
low_0p300,step_e,825,825,8.25,hip_yaw=0.1617,-0.1483425796031952,0.1617264598608017,0.0435701987997137,0.0324264257877111,0.0052852524065004
low_0p300,step_e,826,826,8.26,hip_yaw=0.1615,-0.1483037918806076,0.1615085303783416,0.0447833721978402,0.0334795294632477,0.0052587876544762
low_0p300,step_e,827,827,8.27,hip_yaw=0.1613,-0.1482616066932678,0.1612906455993652,0.0460113237231758,0.0345459499463948,0.0052320534133535
low_0p300,step_e,828,828,8.28,hip_yaw=0.1611,-0.1482163667678833,0.1610730737447738,0.0472530801027897,0.035624828676831,0.0052050826392972
low_0p300,step_e,829,829,8.290000000000001,hip_yaw=0.1609,-0.1481684297323227,0.160856083035469,0.0485076554349572,0.0367152949949992,0.0051779053440006
low_0p300,step_e,830,830,8.3,hip_yaw=0.1606,-0.148118108510971,0.1606399565935135,0.0497740540013413,0.0378164712764207,0.0051505502246604
low_0p300,step_e,831,831,8.31,hip_yaw=0.1604,-0.1480657458305359,0.1604249626398086,0.0510512742588453,0.03892747871677,0.00512304461887
low_0p300,step_e,832,832,8.32,hip_yaw=0.1602,-0.1480116844177246,0.1602113544940948,0.0523383025302351,0.0400474272059541,0.0050954147285262
low_0p300,step_e,833,833,8.33,hip_yaw=0.1600,-0.1479562371969223,0.1599994152784347,0.053634117350181,0.0411754150395106,0.0050676867610623
low_0p300,step_e,834,834,8.34,hip_yaw=0.1598,-0.1478997468948364,0.1597893983125686,0.0549376950354596,0.0423105484342556,0.0050398827978216
low_0p300,step_e,835,835,8.35,hip_yaw=0.1596,-0.1478425115346908,0.1595815569162368,0.0562480055633784,0.043451927248214,0.0050120232624722
low_0p300,step_e,836,836,8.36,hip_yaw=0.1594,-0.1477848589420318,0.1593761593103408,0.0575640092779223,0.0445986379732529,0.0049841271876776
low_0p300,step_e,837,837,8.370000000000001,hip_yaw=0.1592,-0.1477270871400833,0.1591734588146209,0.0588846656582436,0.0457497729599091,0.0049562154497354
low_0p300,step_e,838,838,8.38,hip_yaw=0.1590,-0.1476695090532302,0.1589736640453338,0.0602089325332353,0.046904424457302,0.004928306246209
low_0p300,step_e,839,839,8.39,hip_yaw=0.1588,-0.1476123929023742,0.1587770581245422,0.0615357605826281,0.0480616699568629,0.0049004157121221
low_0p300,step_e,840,840,8.4,hip_yaw=0.1586,-0.1475560665130615,0.1585838496685028,0.0628641020750859,0.0492205964710921,0.0048725593132605
low_0p300,step_e,841,841,8.41,hip_yaw=0.1584,-0.1475007683038711,0.1583942770957946,0.0641929096758911,0.0503802953231812,0.0048447526291576
low_0p300,step_e,842,842,8.42,hip_yaw=0.1582,-0.1474468111991882,0.1582085639238357,0.0655211309953959,0.0515398451570687,0.0048170081149725
low_0p300,step_e,843,843,8.43,hip_yaw=0.1580,-0.1473944336175918,0.1580269187688827,0.0668477178550732,0.0526983327585647,0.004789340489199
low_0p300,step_e,844,844,8.44,hip_yaw=0.1578,-0.1473439186811447,0.1578495651483535,0.0681716257775184,0.0538548525820585,0.004761761770782
low_0p300,step_e,845,845,8.45,hip_yaw=0.1577,-0.1472955197095871,0.1576766818761825,0.0694918086497569,0.0550084902428033,0.0047342845134283
low_0p300,step_e,846,846,8.46,hip_yaw=0.1575,-0.1472494602203369,0.1575084924697876,0.0708072242003442,0.0561583379200476,0.0047069184323971
low_0p300,step_e,847,847,8.47,hip_yaw=0.1573,-0.1472059935331344,0.157345175743103,0.0721168368672841,0.0573034961685059,0.0046796737299443
low_0p300,step_e,848,848,8.48,hip_yaw=0.1572,-0.1471653431653976,0.1571869105100631,0.0734196119809829,0.0584430616238315,0.0046525602760073
low_0p300,step_e,849,849,8.49,hip_yaw=0.1570,-0.1471277326345443,0.1570338904857635,0.0747145241205781,0.0595761442263547,0.0046255873275666
low_0p300,step_e,850,850,8.5,hip_yaw=0.1569,-0.1470933854579925,0.1568862497806549,0.0760005548476999,0.0607018606976537,0.0045987635691545
low_0p300,step_e,851,851,8.51,hip_yaw=0.1567,-0.1470625102519989,0.1567441821098327,0.0772766891221817,0.0618193278141663,0.0045720985356681
low_0p300,step_e,852,852,8.52,hip_yaw=0.1566,-0.1470352858304977,0.156607836484909,0.0785419235906051,0.0629276698788481,0.0045455989743672
low_0p300,step_e,853,853,8.53,hip_yaw=0.1565,-0.1470119059085846,0.1564773470163345,0.0797952601306664,0.0640260178467507,0.0045192733931374
low_0p300,step_e,854,854,8.540000000000001,hip_yaw=0.1564,-0.1469925493001938,0.1563528627157211,0.0810357179305023,0.065113524951614,0.0044931279779768
low_0p300,step_e,855,855,8.55,hip_yaw=0.1562,-0.1469774097204208,0.1562345027923584,0.0822623198410868,0.0661893390031102,0.0044671687080413
low_0p300,step_e,856,856,8.56,hip_yaw=0.1561,-0.1469666212797165,0.156122401356697,0.0834740993873782,0.0672526145066279,0.0044414031987705
low_0p300,step_e,857,857,8.57,hip_yaw=0.1560,-0.146960362792015,0.1560166776180267,0.0846701094496698,0.0683025321793652,0.0044158386063681
low_0p300,step_e,858,858,8.58,hip_yaw=0.1559,-0.1469587683677673,0.1559174209833145,0.085849410587307,0.0693382761430605,0.0043904805817146
low_0p300,step_e,859,859,8.59,hip_yaw=0.1558,-0.1469619870185852,0.1558247655630111,0.0870110755906412,0.0703590334034501,0.0043653331750215
low_0p300,step_e,860,860,8.6,hip_yaw=0.1557,-0.1469701528549194,0.1557387709617614,0.0881541949859325,0.0713640149870997,0.0043404019909755
low_0p300,step_e,861,861,8.61,hip_yaw=0.1557,-0.1469833701848983,0.1556595414876938,0.0892778780127251,0.072352449798938,0.0043156939343796
low_0p300,step_e,862,862,8.620000000000001,hip_yaw=0.1556,-0.1470017582178115,0.1555871367454528,0.0903812406250169,0.0733235619436719,0.0042912135679553
low_0p300,step_e,863,863,8.63,hip_yaw=0.1555,-0.1470254361629486,0.1555216610431671,0.0914634206461018,0.0742765979402263,0.0042669660858887
low_0p300,step_e,864,864,8.64,hip_yaw=0.1555,-0.1470544934272766,0.15546315908432,0.0925235775080324,0.0752108316347329,0.0042429571363727
low_0p300,step_e,865,865,8.65,hip_yaw=0.1554,-0.1470890343189239,0.1554116755723953,0.0935608818235655,0.076125536214312,0.004219189879325
low_0p300,step_e,866,866,8.66,hip_yaw=0.1554,-0.1471291184425354,0.1553672850131988,0.0945745256873645,0.0770200050384543,0.0041956685158241
low_0p300,step_e,867,867,8.67,hip_yaw=0.1553,-0.1471748501062393,0.155330017209053,0.0955637245608498,0.0778935571864368,0.0041723985575303
low_0p300,step_e,868,868,8.68,hip_yaw=0.1553,-0.1472262591123581,0.1552999019622802,0.0965277068374611,0.0787455153804456,0.0041493848099439
low_0p300,step_e,869,869,8.69,hip_yaw=0.1553,-0.14728344976902,0.1552769839763641,0.097465723112883,0.0795752202655006,0.00412663251777
low_0p300,step_e,870,870,8.700000000000001,hip_yaw=0.1553,-0.1473464518785476,0.1552612781524658,0.0983770538874957,0.0803820486795398,0.0041041463602511
low_0p300,step_e,871,871,8.71,hip_yaw=0.1553,-0.1474153101444244,0.1552527993917465,0.0992609943823412,0.0811653849206944,0.0040819287337705
low_0p300,step_e,872,872,8.72,hip_yaw=0.1553,-0.1474900543689727,0.1552515625953674,0.1001168605164381,0.0819246217595379,0.004059982608019
low_0p300,step_e,873,873,8.73,hip_yaw=0.1553,-0.1475710123777389,0.15525783598423,0.100943207861831,0.082657047506086,0.0040383208056998
low_0p300,step_e,874,874,8.74,hip_yaw=0.1553,-0.1476599127054214,0.1552733778953552,0.1017335272276898,0.0833461898180224,0.0040169953198927
low_0p300,step_e,875,875,8.75,hip_yaw=0.1553,-0.1477573364973068,0.1552987545728683,0.1024814101283898,0.0839750913277903,0.0039960814751802
low_0p300,step_e,876,876,8.76,hip_yaw=0.1553,-0.147862046957016,0.1553325653076172,0.1031911914060832,0.0845517076673761,0.0039755984618726
low_0p300,step_e,877,877,8.77,hip_yaw=0.1554,-0.147973746061325,0.155374526977539,0.1038647408399688,0.0850827783303687,0.0039555411200789
low_0p300,step_e,878,878,8.78,hip_yaw=0.1554,-0.1480927318334579,0.1554249227046966,0.104499887265401,0.0855642409147583,0.0039359184678291
low_0p300,step_e,879,879,8.790000000000001,hip_yaw=0.1555,-0.1482186019420623,0.1554833054542541,0.1050974603852281,0.0859977427063113,0.0039167326310001
low_0p300,step_e,880,880,8.8,hip_yaw=0.1555,-0.1483510434627533,0.1555493772029876,0.1056587971220102,0.0863875247947944,0.0038979756556699
low_0p300,step_e,881,881,8.81,hip_yaw=0.1556,-0.1484900712966919,0.1556231081485748,0.1061835113777264,0.0867338368377577,0.0038796439925948
low_0p300,step_e,882,882,8.82,hip_yaw=0.1557,-0.1486355066299438,0.1557043194770813,0.1066717639746531,0.0870375172325037,0.0038617364874298
low_0p300,step_e,883,883,8.83,hip_yaw=0.1558,-0.1487871259450912,0.1557927578687667,0.1071243019369672,0.0873010452352163,0.0038442467472675
low_0p300,step_e,884,884,8.84,hip_yaw=0.1559,-0.1489448100328445,0.1558883041143417,0.107541335638387,0.0875257977784316,0.0038271688549516
low_0p300,step_e,885,885,8.85,hip_yaw=0.1560,-0.149108424782753,0.1559907793998718,0.1079230553134361,0.0877128206943822,0.003810498911511
low_0p300,step_e,886,886,8.86,hip_yaw=0.1561,-0.1492777615785598,0.1560999900102615,0.1082699458510913,0.0878638095736935,0.003794230535305
low_0p300,step_e,887,887,8.870000000000001,hip_yaw=0.1562,-0.1494527012109756,0.1562157869338989,0.1085823800110521,0.0879802584276285,0.0037783575235225
low_0p300,step_e,888,888,8.88,hip_yaw=0.1563,-0.1496330946683883,0.1563379913568496,0.1088606668909249,0.0880633894720452,0.0037628738595306
low_0p300,step_e,889,889,8.89,hip_yaw=0.1565,-0.1498187631368637,0.1564664393663406,0.1091052163788452,0.0881145837173641,0.0037477746338086
low_0p300,step_e,890,890,8.9,hip_yaw=0.1566,-0.1500095874071121,0.1566009670495987,0.1093164531886457,0.0881352374405247,0.003733053364805
low_0p300,step_e,891,891,8.91,hip_yaw=0.1567,-0.1502054184675216,0.1567414104938507,0.1094947694720371,0.0881266104074482,0.0037187016052909
low_0p300,step_e,892,892,8.92,hip_yaw=0.1569,-0.1504060924053192,0.1568876057863235,0.1096405847564728,0.0880899525199003,0.0037047142060254
low_0p300,step_e,893,893,8.93,hip_yaw=0.1570,-0.1506114900112152,0.1570394188165664,0.1097543363477367,0.0880265131916901,0.0036910847662455
low_0p300,step_e,894,894,8.94,hip_yaw=0.1572,-0.1508214473724365,0.1571966856718063,0.1098364644738397,0.0879374938505805,0.0036778057602365
low_0p300,step_e,895,895,8.950000000000001,hip_yaw=0.1574,-0.1510358601808548,0.1573592573404312,0.1098874254133614,0.0878240813485775,0.0036648715910899
low_0p300,step_e,896,896,8.96,hip_yaw=0.1575,-0.1512545794248581,0.1575269699096679,0.1099076824973212,0.0876874306445546,0.0036522753596566
low_0p300,step_e,897,897,8.97,hip_yaw=0.1577,-0.1514774858951568,0.1576997190713882,0.1098976937566672,0.0875286348604234,0.0036400090010739
low_0p300,step_e,898,898,8.98,hip_yaw=0.1579,-0.1517044454813003,0.1578773260116577,0.1098579432423012,0.0873488012824412,0.0036280654982759
low_0p300,step_e,899,899,8.99,hip_yaw=0.1581,-0.1519353240728378,0.158059686422348,0.1097889186041548,0.0871490025480303,0.0036164396768282
low_0p300,step_e,900,900,9.0,hip_yaw=0.1582,-0.1521700322628021,0.158246636390686,0.1096910999442093,0.0869302569089495,0.0036051251742231
low_0p300,step_e,901,901,9.01,hip_yaw=0.1584,-0.1524084210395813,0.1584380716085434,0.1095649902113651,0.0866935826336761,0.0035941137269259
low_0p300,step_e,902,902,9.02,hip_yaw=0.1586,-0.152650386095047,0.1586338579654693,0.1094110832735858,0.0864399502238299,0.0035833971099275
low_0p300,step_e,903,903,9.03,hip_yaw=0.1588,-0.1528958231210708,0.1588338613510131,0.1092298832718804,0.0861703092140099,0.0035729699951787
low_0p300,step_e,904,904,9.040000000000001,hip_yaw=0.1590,-0.1531445980072021,0.1590379625558853,0.109021904050149,0.0858856029516199,0.0035628241419444
low_0p300,step_e,905,905,9.05,hip_yaw=0.1592,-0.1533966362476349,0.1592460572719574,0.1087876543968868,0.0855867269244117,0.0035529524582525
low_0p300,step_e,906,906,9.06,hip_yaw=0.1595,-0.1536518186330795,0.1594580113887787,0.1085276417517862,0.0852745441093414,0.0035433482719759
low_0p300,step_e,907,907,9.07,hip_yaw=0.1597,-0.1539100408554077,0.1596737205982208,0.1082423879870332,0.0849499127906781,0.0035340055113373
low_0p300,step_e,908,908,9.08,hip_yaw=0.1599,-0.1541711986064911,0.1598930805921554,0.1079324074368121,0.0846136583828949,0.0035249174115288
low_0p300,step_e,909,909,9.09,hip_yaw=0.1601,-0.1544352173805236,0.1601159572601318,0.1075982182965456,0.0842665757524407,0.0035160755631168
low_0p300,step_e,910,910,9.1,hip_yaw=0.1603,-0.1547019630670547,0.160342276096344,0.1072403383586174,0.0839094438479529,0.0035074729891261
low_0p300,step_e,911,911,9.11,hip_yaw=0.1606,-0.1549713760614395,0.1605719029903412,0.106859289534761,0.0835430214159351,0.0034991030551048
low_0p300,step_e,912,912,9.120000000000001,hip_yaw=0.1608,-0.1552433520555496,0.1608047634363174,0.1064555792125375,0.0831680125012556,0.0034909594590163
low_0p300,step_e,913,913,9.13,hip_yaw=0.1610,-0.1555178016424179,0.1610407531261444,0.1060297305828174,0.0827851341054475,0.0034830353927704
low_0p300,step_e,914,914,9.14,hip_yaw=0.1613,-0.1557946354150772,0.1612797528505325,0.1055822649600502,0.0823950854379862,0.0034753241902966
low_0p300,step_e,915,915,9.15,hip_yaw=0.1615,-0.1560737639665603,0.1615216732025146,0.1051136887959249,0.0819985112353105,0.0034678191571361
low_0p300,step_e,916,916,9.16,hip_yaw=0.1618,-0.1563551276922226,0.1617664396762848,0.1046245121929236,0.0815960446959678,0.0034605131677132
low_0p300,step_e,917,917,9.17,hip_yaw=0.1620,-0.1566386222839355,0.1620139479637146,0.1041152453259829,0.0811883028620484,0.0034534003900768
low_0p300,step_e,918,918,9.18,hip_yaw=0.1623,-0.156924158334732,0.1622641086578369,0.1035863948228577,0.080775882462899,0.0034464741786586
low_0p300,step_e,919,919,9.19,hip_yaw=0.1625,-0.1572116911411285,0.1625168323516845,0.1030384640610067,0.0803593590292688,0.0034397283840144
low_0p300,step_e,920,920,9.200000000000001,hip_yaw=0.1628,-0.1575011163949966,0.1627720445394516,0.1024719537318196,0.0799392887608497,0.0034331572839112
low_0p300,step_e,921,921,9.21,hip_yaw=0.1630,-0.1577923595905304,0.1630296409130096,0.101887354364693,0.0795161956785892,0.0034267546864668
low_0p300,step_e,922,922,9.22,hip_yaw=0.1633,-0.1580853760242462,0.1632895469665527,0.1012851587164951,0.0790905958676021,0.0034205124351055
low_0p300,step_e,923,923,9.23,hip_yaw=0.1636,-0.1583800464868545,0.1635516881942749,0.1006658589753276,0.0786629951281159,0.003414425280063
low_0p300,step_e,924,924,9.24,hip_yaw=0.1638,-0.158676341176033,0.1638159751892089,0.1000299336323652,0.0782338628963373,0.0034084879392575
low_0p300,step_e,925,925,9.25,hip_yaw=0.1641,-0.1589741855859756,0.164082333445549,0.0993778588524216,0.0778036502934826,0.0034026944355358
low_0p300,step_e,926,926,9.26,hip_yaw=0.1644,-0.1592747569084167,0.1643519699573516,0.0987059117478102,0.0773615121497436,0.0033970739770459
low_0p300,step_e,927,927,9.27,hip_yaw=0.1646,-0.1595785766839981,0.1646253913640976,0.0980083624160622,0.0768912707142934,0.0033916936275008
low_0p300,step_e,928,928,9.28,hip_yaw=0.1649,-0.1598847806453704,0.1649016588926315,0.0972885498428377,0.0763967635491801,0.0033865735571407
low_0p300,step_e,929,929,9.290000000000001,hip_yaw=0.1652,-0.1601931601762771,0.1651805192232132,0.0965489831138947,0.0758837954011579,0.0033817046662794
low_0p300,step_e,930,930,9.3,hip_yaw=0.1655,-0.1605039536952972,0.1654622554779052,0.0957883715039507,0.0753487006647944,0.0033770955494118
low_0p300,step_e,931,931,9.31,hip_yaw=0.1657,-0.1608169078826904,0.1657466143369674,0.0950075558467525,0.0747914291918616,0.003372750381791
low_0p300,step_e,932,932,9.32,hip_yaw=0.1660,-0.1611318588256836,0.1660334020853042,0.0942081813561557,0.0742148685705743,0.003368662179715
low_0p300,step_e,933,933,9.33,hip_yaw=0.1663,-0.1614488363265991,0.1663226336240768,0.0933904936942469,0.0736188931975026,0.0033648281034705
low_0p300,step_e,934,934,9.34,hip_yaw=0.1666,-0.1617677509784698,0.1666142642498016,0.0925549992998979,0.0730034171342878,0.0033612479889146
low_0p300,step_e,935,935,9.35,hip_yaw=0.1669,-0.1620884835720062,0.1669081300497055,0.091702760118334,0.0723698212187023,0.0033579176313056
low_0p300,step_e,936,936,9.36,hip_yaw=0.1672,-0.1624109745025634,0.1672041714191436,0.0908344705693402,0.071718828551131,0.003354831587911
low_0p300,step_e,937,937,9.370000000000001,hip_yaw=0.1675,-0.1627351492643356,0.1675023287534713,0.0899507442202341,0.0710508013909738,0.0033519871873993
low_0p300,step_e,938,938,9.38,hip_yaw=0.1678,-0.1630609184503555,0.167802482843399,0.0890524276850701,0.0703666142436044,0.0033493792834113
low_0p300,step_e,939,939,9.39,hip_yaw=0.1681,-0.1633881777524948,0.1681045591831207,0.0881403161607532,0.0696671037874286,0.003347002523104
low_0p300,step_e,940,940,9.4,hip_yaw=0.1684,-0.1637168526649475,0.168408453464508,0.0872151369048395,0.0689529005312655,0.0033448532169615
low_0p300,step_e,941,941,9.41,hip_yaw=0.1687,-0.1640468537807464,0.1687140762805938,0.086277691683382,0.0682247708189488,0.0033429258621026
low_0p300,step_e,942,942,9.42,hip_yaw=0.1690,-0.1643780618906021,0.1690213084220886,0.0853288023642696,0.067483535323658,0.0033412149769627
low_0p300,step_e,943,943,9.43,hip_yaw=0.1693,-0.1647104024887085,0.1693300753831863,0.0843692602472146,0.066729936717557,0.003339715584065
low_0p300,step_e,944,944,9.44,hip_yaw=0.1696,-0.1650437712669372,0.1696402430534362,0.0833998858814186,0.0659647550825382,0.0033384199822992
low_0p300,step_e,945,945,9.450000000000001,hip_yaw=0.1700,-0.16537806391716,0.1699517369270324,0.0824215109227285,0.0651887903093906,0.0033373239467782
low_0p300,step_e,946,946,9.46,hip_yaw=0.1703,-0.1657131761312484,0.1702644228935241,0.0814349657951416,0.0644028292373519,0.0033364211961333
low_0p300,step_e,947,947,9.47,hip_yaw=0.1706,-0.166048988699913,0.170578196644783,0.080441094919119,0.0636076757681666,0.0033357058157316
low_0p300,step_e,948,948,9.48,hip_yaw=0.1709,-0.1663854271173477,0.1708929687738418,0.0794407458817462,0.0628041334060452,0.0033351712689045
low_0p300,step_e,949,949,9.49,hip_yaw=0.1712,-0.1667223572731018,0.1712086051702499,0.0784347706081713,0.061993003357279,0.0033348105156284
low_0p300,step_e,950,950,9.5,hip_yaw=0.1715,-0.1670596748590469,0.1715249866247177,0.0774240290168009,0.06117509580207,0.0033346189810336
low_0p300,step_e,951,951,9.51,hip_yaw=0.1718,-0.1673972755670547,0.1718420088291168,0.076409385836859,0.0603512280048296,0.0033345896532198
low_0p300,step_e,952,952,9.52,hip_yaw=0.1722,-0.1677350401878357,0.1721595525741577,0.0753917078848163,0.0595222142539631,0.0033347153334953
low_0p300,step_e,953,953,9.53,hip_yaw=0.1725,-0.1680728644132614,0.1724774986505508,0.0743718627515518,0.0586888634135301,0.0033349874065947
low_0p300,step_e,954,954,9.540000000000001,hip_yaw=0.1728,-0.1684106141328811,0.1727957427501678,0.0733507217104643,0.0578519889099945,0.0033353997592049
low_0p300,step_e,955,955,9.55,hip_yaw=0.1731,-0.1687481850385666,0.1731141358613968,0.0723291622409332,0.0570124173262102,0.0033359460575564
low_0p300,step_e,956,956,9.56,hip_yaw=0.1734,-0.1690854430198669,0.1734325736761093,0.0713080539208366,0.0561709555513826,0.0033366186049697
low_0p300,step_e,957,957,9.57,hip_yaw=0.1738,-0.169422298669815,0.1737509220838546,0.0702882684038438,0.0553284112454314,0.0033374111036422
low_0p300,step_e,958,958,9.58,hip_yaw=0.1741,-0.169758602976799,0.1740690618753433,0.0692706814199871,0.0544856003256115,0.003338315959347
low_0p300,step_e,959,959,9.59,hip_yaw=0.1744,-0.1700942516326904,0.1743868589401245,0.0682561632594428,0.0536433333287888,0.0033393256321402
low_0p300,step_e,960,960,9.6,hip_yaw=0.1747,-0.1704291105270385,0.1747041940689087,0.0672455797086703,0.052802410843104,0.0033404321940341
low_0p300,step_e,961,961,9.61,hip_yaw=0.1750,-0.1707630604505539,0.1750209480524063,0.0662397963123845,0.0519636368935372,0.0033416280254901
low_0p300,step_e,962,962,9.620000000000001,hip_yaw=0.1753,-0.1710959821939468,0.1753369718790054,0.0652396748235077,0.0511278110064603,0.0033429064092151
low_0p300,step_e,963,963,9.63,hip_yaw=0.1757,-0.1714277267456054,0.1756521463394165,0.0642460666906933,0.0502957167026195,0.0033442602669527
low_0p300,step_e,964,964,9.64,hip_yaw=0.1760,-0.1717582046985626,0.1759663373231887,0.0632598261145459,0.0494681473907554,0.0033456821863731
low_0p300,step_e,965,965,9.65,hip_yaw=0.1763,-0.1720872521400451,0.1762794107198715,0.0622817967032559,0.0486458850970587,0.0033471645896121
low_0p300,step_e,966,966,9.66,hip_yaw=0.1766,-0.1724147647619247,0.1765912324190139,0.0613128121101088,0.0478296981709315,0.0033486993158833
low_0p300,step_e,967,967,9.67,hip_yaw=0.1769,-0.1727406084537506,0.1769016683101654,0.0603537005677329,0.0470203478476689,0.0033502797866825
low_0p300,step_e,968,968,9.68,hip_yaw=0.1772,-0.173064649105072,0.1772105991840362,0.0594052837173224,0.0462185974775198,0.0033518984753716
low_0p300,step_e,969,969,9.69,hip_yaw=0.1775,-0.1733867526054382,0.1775178909301757,0.0584683731261872,0.0454252003350783,0.00335354801954
low_0p300,step_e,970,970,9.700000000000001,hip_yaw=0.1778,-0.1737068146467209,0.177823394536972,0.0575437666381964,0.0446408875286248,0.0033552209965256
low_0p300,step_e,971,971,9.71,hip_yaw=0.1781,-0.174024686217308,0.1781269758939743,0.0566322541778625,0.043866390008513,0.0033569102434137
low_0p300,step_e,972,972,9.72,hip_yaw=0.1784,-0.1743402332067489,0.1784285008907318,0.0557346170078907,0.0431024332325939,0.0033586091237387
low_0p300,step_e,973,973,9.73,hip_yaw=0.1787,-0.1746533364057541,0.178727850317955,0.0548516199925453,0.0423497234128819,0.0033603108279659
low_0p300,step_e,974,974,9.74,hip_yaw=0.1790,-0.1749638766050338,0.1790248900651931,0.0539840163357935,0.0416089570077366,0.0033620076411404
low_0p300,step_e,975,975,9.75,hip_yaw=0.1793,-0.1752717047929763,0.1793194711208343,0.0531325466198959,0.0408808175372053,0.0033636918159766
low_0p300,step_e,976,976,9.76,hip_yaw=0.1796,-0.175576701760292,0.1796114891767501,0.0522979366666746,0.040165979152105,0.0033653576694607
low_0p300,step_e,977,977,9.77,hip_yaw=0.1799,-0.1758787631988525,0.1799007803201675,0.0514808987979174,0.0394651031207105,0.0033669980457632
low_0p300,step_e,978,978,9.78,hip_yaw=0.1802,-0.1761777400970459,0.180187240242958,0.0506821281238944,0.0387788319071214,0.0033686067627226
low_0p300,step_e,979,979,9.790000000000001,hip_yaw=0.1805,-0.1764735132455825,0.180470734834671,0.0499023052478533,0.0381077991745646,0.003370177551702
low_0p300,step_e,980,980,9.8,hip_yaw=0.1808,-0.176765963435173,0.1807511299848556,0.0491420954415955,0.0374526248106542,0.0033717031122338
low_0p300,step_e,981,981,9.81,hip_yaw=0.1810,-0.1770549714565277,0.1810283064842224,0.0484021432690415,0.0368139055256174,0.0033731764591365
low_0p300,step_e,982,982,9.82,hip_yaw=0.1813,-0.1773404330015182,0.1813021451234817,0.0476830792832475,0.0361922296079489,0.0033745918243235
low_0p300,step_e,983,983,9.83,hip_yaw=0.1816,-0.1776221990585327,0.1815725117921829,0.0469855145713036,0.0355881704040686,0.0033759442127394
low_0p300,step_e,984,984,9.84,hip_yaw=0.1818,-0.1779001951217651,0.1818393170833587,0.0463100413952383,0.0350022799252783,0.0033772279236921
low_0p300,step_e,985,985,9.85,hip_yaw=0.1821,-0.1781742721796035,0.1821024119853973,0.0456572317403429,0.0344350932618994,0.0033784375566391
low_0p300,step_e,986,986,9.86,hip_yaw=0.1824,-0.178444355726242,0.1823616921901703,0.0450276402460235,0.0338871296063713,0.0033795664385455
low_0p300,step_e,987,987,9.870000000000001,hip_yaw=0.1826,-0.1787103116512298,0.1826170682907104,0.0444218009050373,0.0333588915434561,0.0033806080489727
low_0p300,step_e,988,988,9.88,hip_yaw=0.1829,-0.178972065448761,0.182868406176567,0.0438402257808078,0.0328508628463484,0.0033815577145556
low_0p300,step_e,989,989,9.89,hip_yaw=0.1831,-0.1792294979095459,0.183115616440773,0.0432834077780418,0.0323635100928085,0.003382409937176
low_0p300,step_e,990,990,9.9,hip_yaw=0.1834,-0.1794825196266174,0.183358609676361,0.0427518169457069,0.0318972763663261,0.0033831610118567
low_0p300,step_e,991,991,9.91,hip_yaw=0.1836,-0.1797310262918472,0.1835972666740417,0.0422459009221327,0.0314525861917814,0.0033838044551398
low_0p300,step_e,992,992,9.92,hip_yaw=0.1838,-0.1799749583005905,0.1838314980268478,0.0417660886443068,0.0310298506141088,0.0033843357490937
low_0p300,step_e,993,993,9.93,hip_yaw=0.1841,-0.1802142113447189,0.1840612292289734,0.0413127837754195,0.0306294549038786,0.0033847521262364
low_0p300,step_e,994,994,9.94,hip_yaw=0.1843,-0.1804487109184265,0.1842863708734512,0.0408863671175889,0.0302517660796667,0.0033850497947066
low_0p300,step_e,995,995,9.950000000000001,hip_yaw=0.1845,-0.1806783825159073,0.1845068335533142,0.0404871971575855,0.0298971319843037,0.0033852223849937
low_0p300,step_e,996,996,9.96,hip_yaw=0.1847,-0.1809031516313552,0.1847225427627563,0.0401156082462551,0.0295658737319802,0.003385265399412
low_0p300,step_e,997,997,9.97,hip_yaw=0.1849,-0.1811229437589645,0.184933453798294,0.0397719117362536,0.0292582978243051,0.0033851759367795
low_0p300,step_e,998,998,9.98,hip_yaw=0.1851,-0.1813377141952514,0.185139462351799,0.0394563957642173,0.0289746876145015,0.0033849511687765
low_0p300,step_e,999,999,9.99,hip_yaw=0.1853,-0.1815474182367324,0.1853405386209488,0.039169322337457,0.0287153041577975,0.0033845864187052
