{
  "mode": "nominal",
  "num_episodes": 100,
  "reward_mean": 355.82333541870116,
  "reward_std": 97.24960789710369,
  "reward_min": 196.71615600585938,
  "reward_p5": 219.92447814941406,
  "reward_p50": 332.0665283203125,
  "reward_p95": 544.349087524414,
  "reward_max": 631.0850830078125,
  "episode_length_mean": 62.31,
  "episode_length_max": 109,
  "success_rate": 0.0,
  "fall_rate": 1.0,
  "timeout_rate": 0.0,
  "mode_metrics": {},
  "checkpoint": "outputs/checkpoints/balance/step_1654784",
  "stage": "balance",
  "seed": 0
}